# Wavefront Obj file
# 
# verts: 1751 uv-s: 3127
mtllib snowgi.mtl

g Object001
#pivot 0.000000 0.000000 0.000000

v 0.395600 7.938900 1.574500
v 2.164400 7.847100 1.573200
v 0.390200 7.938900 -4.752800
v 2.159300 7.847100 -4.754200
v 2.316600 7.590000 -4.754100
v 2.320900 7.590000 1.573300
v 2.319700 6.634900 1.574500
v 2.318200 6.634900 -4.752900
v 2.318800 6.249300 -4.752400
v 2.319200 6.249300 1.574900
v 2.334200 5.588100 -4.751600
v 2.332700 5.588100 1.575700
v 2.506600 4.871800 -4.750700
v 2.502900 4.871800 1.576700
v 3.006700 4.339200 -4.749600
v 3.001500 4.339200 1.577800
v 3.649300 4.008600 -4.748500
v 3.643100 4.008600 1.578900
v 4.291400 3.861700 -4.747500
v 4.284800 3.861700 1.579900
v 4.976100 3.916800 -4.746900
v 4.969600 3.916800 1.580500
v 5.788900 4.118800 -4.746700
v 5.783000 4.118800 1.580700
v 6.601600 4.357600 -4.746700
v 6.596500 4.357600 1.580700
v 7.271900 4.486100 -4.746600
v 7.267100 4.486100 1.580800
v 7.842501 4.522900 -4.746300
v 7.837800 4.522900 1.581100
v 8.399000 4.431000 -4.745500
v 8.394000 4.431000 1.581900
v 8.884400 4.173900 -4.744000
v 8.878700 4.173900 1.583400
v 9.284500 3.751500 -4.741800
v 9.277500 3.751500 1.585600
v 9.556500 3.145400 -4.738700
v 9.547800 3.145400 1.588700
v 9.657600 2.447500 -4.735400
v 9.646800 2.447500 1.592000
v 9.602000 1.566000 -4.731400
v 9.588600 1.566000 1.595900
v 9.361200 0.464000 -4.727000
v 9.344600 0.464000 1.600400
v 9.006600 -0.748100 -4.722700
v 8.986400 -0.748100 1.604600
v 8.609100 -1.960300 -4.719000
v 8.585400 -1.960300 1.608300
v 8.268500 -3.025500 -4.716100
v 8.241700 -3.025500 1.611300
v 8.127000 -3.741800 -4.713900
v 8.098100 -3.741800 1.613400
v 8.113700 -4.292800 -4.711800
v 8.083100 -4.292800 1.615500
v 8.185900 -4.825300 -4.709400
v 8.153700 -4.825300 1.617900
v 8.443800 -5.523200 -4.705300
v 8.409600 -5.523200 1.622100
v 8.973300 -6.533401 -4.698100
v 8.936100 -6.533401 1.629200
v 9.759900 -7.800600 -4.687600
v 9.719000 -7.800600 1.639700
v 10.775100 -9.288200 -4.673400
v 10.729900 -9.288200 1.653800
v 11.804700 -10.849301 -4.657300
v 11.754900 -10.849301 1.669900
v 12.691700 -12.428800 -4.640800
v 12.637200 -12.428800 1.686300
v 13.393200 -13.989900 -4.624900
v 13.334100 -13.989900 1.702200
v 13.923500 -15.569400 -4.609600
v 13.859700 -15.569400 1.717500
v 14.254000 -17.130501 -4.595700
v 14.185700 -17.130501 1.731300
v 14.370600 -18.709900 -4.583800
v 14.297700 -18.709900 1.743200
v 14.259000 -20.271000 -4.574600
v 14.181400 -20.271000 1.752400
v 13.904800 -21.850498 -4.568500
v 13.822700 -21.850498 1.758300
v 13.265400 -23.411598 -4.567100
v 13.178700 -23.411598 1.759700
v 12.312200 -24.990997 -4.570900
v 12.220800 -24.990997 1.755800
v 10.959400 -26.441998 -4.582900
v 10.863700 -26.441998 1.743700
v 9.178400 -27.709198 -4.604300
v 9.079000 -27.709198 1.722300
v 7.211500 -28.645901 -4.632000
v 7.109400 -28.645901 1.694600
v 5.315300 -29.196800 -4.661200
v 5.211600 -29.196800 1.665400
v 3.475800 -29.472298 -4.690900
v 3.371200 -29.472298 1.635600
v 1.636100 -29.619198 -4.721200
v 1.531100 -29.619198 1.605400
v -0.218100 -29.655998 -4.751900
v -0.560200 7.938900 1.575400
v -0.565500 7.938900 -4.752000
v -2.115200 7.920600 1.576700
v -2.120500 7.920600 -4.750700
v -3.841400 7.847100 1.578000
v -3.846500 7.847100 -4.749400
v -5.310900 7.663400 1.578700
v -5.315500 7.663400 -4.748700
v -6.566700 7.369600 1.578800
v -6.570400 7.369600 -4.748600
v -7.637100 6.965500 1.578000
v -7.639600 6.965500 -4.749400
v -8.522300 6.414600 1.576200
v -8.523200 6.414600 -4.751200
v -9.236500 5.698300 1.573400
v -9.235200 5.698300 -4.754000
v -9.779600 4.908600 1.569800
v -9.776000 4.908600 -4.757600
v -10.094400 4.137200 1.566100
v -10.088600 4.137200 -4.761300
v -10.280900 3.347500 1.562200
v -10.272700 3.347500 -4.765200
v -10.338900 2.557700 1.558500
v -10.328500 2.557700 -4.768900
v -10.254500 1.657800 1.554400
v -10.241400 1.657800 -4.772900
v -9.970700 0.519100 1.549900
v -9.954200 0.519100 -4.777500
v -9.615500 -0.637900 1.545800
v -9.595700 -0.637900 -4.781600
v -9.317100 -1.574600 1.542800
v -9.294500 -1.574600 -4.784500
v -9.047100 -2.364300 1.540600
v -9.022100 -2.364300 -4.786800
v -8.834000 -3.117300 1.538400
v -8.806900 -3.117300 -4.788900
v -8.706600 -3.833600 1.536200
v -8.677300 -3.833600 -4.791200
v -8.693100 -4.458000 1.533800
v -8.662000 -4.458000 -4.793500
v -8.765200 -5.045800 1.531100
v -8.732400 -5.045800 -4.796200
v -8.922800 -5.596700 1.528100
v -8.888400 -5.596700 -4.799200
v -9.194600 -6.202800 1.524100
v -9.158400 -6.202800 -4.803200
v -9.652000 -6.919100 1.518400
v -9.613700 -6.919100 -4.808900
v -10.337900 -7.910800 1.509600
v -10.296700 -7.910800 -4.817700
v -10.334200 -7.960299 1.281800
v -10.295900 -7.960299 -4.590900
v -11.236100 -9.238800 1.269400
v -11.194100 -9.238800 -4.603300
v -11.309700 -9.288200 1.496200
v -11.264400 -9.288200 -4.831000
v -12.338700 -10.849301 1.480100
v -12.288900 -10.849301 -4.847100
v -13.225100 -12.428800 1.463700
v -13.170600 -12.428800 -4.863500
v -13.926000 -13.989900 1.447700
v -13.867000 -13.989900 -4.879400
v -14.455800 -15.569400 1.432400
v -14.392100 -15.569400 -4.894700
v -14.785700 -17.130501 1.418600
v -14.717400 -17.130501 -4.908400
v -14.901800 -18.709900 1.406600
v -14.828800 -18.709900 -4.920300
v -14.789500 -20.271000 1.397400
v -14.712000 -20.271000 -4.929500
v -14.434800 -21.850498 1.391400
v -14.352700 -21.850498 -4.935500
v -13.794800 -23.411598 1.389900
v -13.708100 -23.411598 -4.936900
v -12.841000 -24.991100 1.393800
v -12.749600 -24.991100 -4.932900
v -11.487700 -26.441998 1.405800
v -11.392000 -26.441998 -4.920800
v -9.706200 -27.709198 1.427200
v -9.606900 -27.709198 -4.899400
v -7.739000 -28.645901 1.454900
v -7.636900 -28.645901 -4.871700
v -5.842600 -29.196800 1.484100
v -5.738900 -29.196800 -4.842400
v -4.003000 -29.472298 1.513800
v -3.898500 -29.472298 -4.812700
v -2.163200 -29.619198 1.544100
v -2.058200 -29.619198 -4.782500
v -0.323200 -29.655998 1.574600
v 10.817900 -26.386898 1.948100
v 12.146600 -24.936001 1.959800
v 13.104600 -23.374901 1.963900
v 12.989200 -23.319798 2.061200
v 13.748800 -21.813801 1.962500
v 13.604900 -21.777000 2.059600
v 13.963800 -20.234299 2.054000
v 8.960500 -27.507198 2.024100
v 12.045400 -24.862499 2.057100
v 10.716700 -26.294998 2.045400
v 14.093400 -20.271000 1.956600
v 14.224000 -18.709900 1.947700
v 14.080200 -18.709900 2.045300
v 13.968400 -17.167198 2.033800
v 13.656900 -15.624501 2.020400
v 7.019200 -28.443798 1.997000
v 5.164100 -28.976398 1.968600
v 5.194100 -29.123398 1.870300
v 3.338000 -29.251900 1.939300
v 3.353700 -29.398899 1.840600
v 1.513500 -29.545799 1.810400
v -0.326500 -29.582500 1.779900
v 14.112200 -17.148800 1.936000
v 13.786300 -15.587701 1.922300
v 13.131400 -14.063401 2.005400
v 13.260800 -14.026700 1.907100
v 12.564100 -12.447200 1.891200
v 12.434800 -12.520600 1.989700
v 11.566900 -10.959500 1.973600
v 0.560600 -6.606800 1.864100
v 10.542500 -9.398400 1.893700
v 1.374500 -6.331300 1.804800
v 9.545700 -7.929200 1.943800
v 2.102300 -5.872200 1.872400
v 8.748700 -6.625199 1.933100
v 2.716600 -5.266100 1.875000
v 8.208100 -5.578300 1.925800
v 3.174100 -4.531500 1.876200
v 7.952400 -4.862100 1.921600
v 3.460600 -3.723400 1.876200
v 7.867599 -4.292800 1.919000
v 3.547400 -2.878600 1.875100
v 7.882700 -3.723400 1.917000
v 3.463000 -2.015400 1.873300
v 8.026500 -2.970400 1.914700
v 8.370400 -1.905200 1.911900
v 8.499100 -1.941900 1.813300
v 8.771600 -0.693000 1.908300
v 8.914500 -0.729800 1.809700
v 9.258500 0.482400 1.805400
v 9.502600 1.584300 1.801000
v 11.681900 -10.886100 1.874900
v 10.657000 -9.325000 1.858900
v 9.660500 -7.855700 1.844900
v 8.877800 -6.570100 1.834400
v 8.337100 -5.541600 1.827100
v 8.081300 -4.843699 1.823000
v 8.010800 -4.292800 1.820500
v 8.025800 -3.741800 1.818500
v 8.169500 -3.007100 1.816200
v 7.077700 -28.572399 1.899200
v 9.033200 -27.635700 1.926600
v 3.178900 -1.207300 1.870900
v 4.291500 -0.392300 1.878700
v 7.360400 -0.110100 1.899200
v 5.281700 2.298500 1.886800
v 9.129900 0.519100 1.904100
v 4.983200 3.696400 1.885600
v 5.825200 3.898400 1.886000
v 9.374000 1.584300 1.900000
v 6.638700 4.137200 1.886000
v 9.432300 2.429100 1.896300
v 7.280800 4.284100 1.886100
v 9.347600 3.090300 1.893200
v 7.822900 4.302500 1.886500
v 9.105900 3.622900 1.890500
v 8.322100 4.229000 1.887200
v 8.749800 4.008600 1.888500
v 8.365200 4.357600 1.787500
v 8.835600 4.118800 1.788900
v 9.220200 3.696400 1.791100
v 9.476200 3.127100 1.794000
v 9.575100 2.447500 1.797200
v 2.723400 -0.472600 1.868300
v 4.255700 3.659700 1.884800
v 2.110900 0.133400 1.865800
v 3.571100 3.788200 1.883800
v 1.384000 0.592600 1.863400
v 2.872600 4.155600 1.882500
v 0.571200 0.868100 1.861200
v 2.331400 4.743300 1.881300
v -0.284500 0.959900 1.859100
v 2.132700 5.496300 1.880400
v -1.140600 0.868100 1.857100
v -0.574500 7.718500 1.879900
v -2.101000 7.700100 1.881000
v -2.115100 7.847100 1.781900
v -3.812900 7.645000 1.882200
v -3.827100 7.773600 1.783200
v -5.296600 7.590000 1.783900
v -6.538100 7.296100 1.783900
v -1.939900 0.592600 1.854900
v -5.268200 7.461400 1.882800
v -6.495500 7.167600 1.882700
v -7.594300 6.892000 1.783100
v -8.479500 6.359500 1.781400
v -2.682300 0.133400 1.852500
v -7.523200 6.763500 1.881900
v -8.379800 6.249300 1.880200
v -9.179500 5.661600 1.778600
v -9.708400 4.871800 1.775000
v -10.023300 4.100500 1.771300
v -9.580200 4.816700 1.874100
v -9.079800 5.569700 1.877400
v -9.895100 4.063700 1.870500
v -10.067300 3.310700 1.866900
v -10.195600 3.329100 1.767600
v -10.253700 2.557700 1.764000
v -10.125500 2.557700 1.863400
v -3.282300 -0.472600 1.850000
v -10.041100 1.694500 1.859600
v -9.757400 0.555800 1.855200
v -9.899800 0.537500 1.755500
v -9.416700 -0.582900 1.851200
v -9.544800 -0.619600 1.751500
v -9.232200 -1.556200 1.748500
v -10.169300 1.676100 1.760100
v 7.837500 4.449400 1.786700
v 7.281100 4.412700 1.786400
v 6.610400 4.284100 1.786300
v 5.797000 4.045400 1.786300
v 4.969300 3.843300 1.786000
v 4.270200 3.788200 1.785400
v 3.628500 3.935100 1.784400
v 2.958500 4.284100 1.783200
v 2.445700 4.816700 1.782100
v 2.261200 5.551400 1.781100
v 2.105200 6.175800 1.879600
v 0.338500 7.718500 1.879200
v 2.105700 6.561500 1.879200
v 1.950300 7.645000 1.878100
v 2.106900 7.424700 1.878200
v 2.235400 7.534900 1.778800
v 2.234200 6.616600 1.779900
v 2.247900 6.212500 1.780300
v -3.739800 -1.207300 1.847400
v -9.104100 -1.519500 1.848400
v -8.834200 -2.327600 1.846100
v -8.976500 -2.346000 1.746300
v -8.763600 -3.117300 1.744100
v -8.621900 -3.833600 1.741900
v -8.608500 -4.476399 1.739500
v -4.026300 -2.015400 1.845000
v -8.621300 -3.099000 1.844000
v -8.494000 -3.833600 1.841700
v -4.127400 -2.878600 1.843100
v -4.028700 -3.723400 1.842000
v -8.480600 -4.476399 1.839300
v -3.744500 -4.531500 1.842000
v -8.567100 -5.082500 1.836600
v -8.710500 -5.670199 1.833500
v -8.852600 -5.615100 1.733800
v -8.996700 -6.294600 1.829400
v -9.124500 -6.239500 1.729700
v -9.581900 -6.955800 1.724000
v -10.268000 -7.947500 1.715200
v -8.694900 -5.064099 1.736800
v -3.289100 -5.266100 1.843300
v -2.690800 -5.872200 1.845700
v -9.468500 -7.029201 1.823600
v -10.154600 -8.021000 1.814900
v -11.239900 -9.325000 1.701900
v -12.269100 -10.886100 1.685800
v -13.155600 -12.447200 1.669500
v -12.155800 -10.959500 1.785500
v -11.126600 -9.398400 1.801600
v -1.949600 -6.331300 1.849500
v -1.151200 -6.606800 1.854000
v -5.805900 -12.520600 1.769400
v -13.728600 -14.063401 1.688700
v -13.856700 -14.026700 1.653500
v -14.386500 -15.587800 1.638400
v -14.716600 -17.148800 1.624600
v -14.832800 -18.709900 1.612800
v -14.706400 -20.271000 1.603800
v -14.579200 -20.234299 1.704800
v -14.366100 -21.813801 1.597900
v -14.224700 -21.777000 1.699200
v -13.613400 -23.319798 1.697600
v -9.595800 -27.507198 1.681800
v -14.691300 -18.709900 1.713600
v -14.575100 -17.167198 1.725200
v -13.726200 -23.374901 1.596500
v -12.772600 -24.936001 1.600500
v -12.674100 -24.862499 1.701600
v -11.349400 -26.294998 1.713300
v -9.666600 -27.635700 1.633600
v -7.658100 -28.443798 1.761500
v -7.713700 -28.572399 1.661000
v -5.831600 -29.123398 1.689900
v -3.992000 -29.398899 1.719500
v -2.152200 -29.545799 1.749700
v -0.326700 -29.435600 1.803400
v 1.512100 -29.398899 1.909500
v -0.295000 -6.717000 1.783300
v -2.153700 -29.398899 1.849000
v -3.978200 -28.973400 1.754200
v -5.804500 -28.976398 1.789900
v -14.258700 -15.624501 1.686000
v -3.363000 -10.902699 1.826300
v -5.560300 -14.147801 1.779800
v -4.914200 -23.328899 1.771500
v -0.574400 7.865500 1.780700
v 0.367100 7.865500 1.779900
v 2.093100 7.773600 1.778600
v -11.447900 -26.386898 1.612100
v -12.674700 -24.936001 -5.188200
v -13.633300 -23.374901 -5.192300
v -13.517700 -23.319798 -5.306700
v -14.278100 -21.813801 -5.190900
v -14.134000 -21.777000 -5.305200
v -14.493500 -20.234299 -5.299600
v -9.487300 -27.507198 -5.269700
v -12.573300 -24.862499 -5.302700
v -11.244000 -26.294998 -5.290900
v -11.345500 -26.386898 -5.176500
v -9.560200 -27.635700 -5.155000
v -7.545700 -28.443798 -5.242600
v -14.188500 -15.624501 -5.266000
v -5.690400 -28.976398 -5.214100
v -13.663600 -14.063401 -5.251000
v -3.864200 -29.251900 -5.184900
v -12.967500 -12.520600 -5.235300
v -12.100300 -10.959500 -5.219200
v -13.097100 -12.447200 -5.119600
v -12.215500 -10.886100 -5.103400
v -11.191200 -9.325000 -5.087300
v -14.499400 -17.167198 -5.279400
v -14.610600 -18.709900 -5.290900
v -14.754500 -18.709900 -5.176100
v -14.623300 -20.271000 -5.185100
v -14.318100 -15.587800 -5.150700
v -14.643300 -17.148800 -5.164400
v -13.793200 -14.026700 -5.135600
v -11.076100 -9.398400 -5.203200
v -2.038200 -29.398899 -5.155000
v -0.212400 -29.435600 -5.124900
v -2.039800 -29.545799 -5.038800
v -0.214000 -29.582500 -5.008500
v 1.625900 -29.545799 -4.978100
v -10.108600 -8.021000 -5.190000
v 10.592500 -9.398400 -5.047200
v 1.627600 -29.398899 -5.094500
v 3.453000 -29.251900 -5.064700
v 3.465600 -29.398899 -4.947900
v 5.305200 -29.123398 -4.918200
v 11.622400 -10.959500 -5.031100
v 10.705700 -9.325000 -4.930300
v 9.591400 -7.929200 -5.061100
v 9.704600 -7.855700 -4.944300
v 8.917800 -6.570100 -4.954900
v 11.735500 -10.886100 -4.914300
v 12.622600 -12.447200 -4.898000
v 12.495400 -12.520600 -5.015000
v 13.197100 -14.063401 -4.999300
v 5.278300 -28.976398 -5.035400
v 7.131600 -28.443798 -5.007000
v 7.187000 -28.572399 -4.889300
v 9.139500 -27.635700 -4.861900
v 10.920400 -26.386898 -4.840500
v 12.244500 -24.936001 -4.828900
v 10.822100 -26.294998 -4.958800
v 12.146200 -24.862499 -4.947100
v 9.069800 -27.507198 -4.980000
v 13.084900 -23.319798 -4.943100
v 14.049500 -20.234299 -4.950400
v 13.695600 -21.777000 -4.944800
v 13.836800 -21.813801 -4.826300
v 13.197500 -23.374901 -4.824900
v 13.727600 -15.624501 -4.984200
v 13.854700 -15.587701 -4.866800
v 13.324300 -14.026700 -4.882000
v 14.044100 -17.167198 -4.970800
v 14.161000 -18.709900 -4.959200
v 14.302300 -18.709900 -4.841300
v 14.176500 -20.271000 -4.832300
v 14.185500 -17.148800 -4.853000
v -3.880100 -29.398899 -5.069000
v -5.720600 -29.123398 -5.098600
v -7.604300 -28.572399 -5.127600
v 8.373900 -5.541600 -4.962200
v 8.115900 -4.843699 -4.966300
v 8.246200 -5.578300 -5.079100
v 7.988100 -4.862100 -5.083300
v -8.672200 -5.670199 -5.171300
v -8.530600 -5.082500 -5.168300
v -8.815600 -5.615100 -5.055500
v -8.659700 -5.064099 -5.052500
v -8.575100 -4.476399 -5.049800
v 8.790200 -6.625199 -5.071800
v -8.956400 -6.294600 -5.175400
v -9.425800 -7.029201 -5.181300
v -9.540700 -6.955800 -5.065300
v -10.223700 -7.947500 -5.074000
v 8.043600 -4.292800 -4.968800
v 7.901501 -4.292800 -5.085900
v 8.056900 -3.741800 -4.970900
v 7.914700 -3.723400 -5.087900
v 8.056000 -2.970400 -5.090200
v 3.578700 3.788200 -5.121100
v 4.263700 3.659700 -5.120100
v 4.277600 3.788200 -5.004000
v 4.991100 3.696400 -5.119400
v 4.976500 3.843300 -5.003400
v 5.803500 4.045400 -5.003100
v -8.446200 -4.476399 -5.165600
v -8.461600 -3.833600 -5.163200
v -8.590600 -3.833600 -5.047400
v -8.734500 -3.117300 -5.045300
v -8.949800 -2.346000 -5.043100
v -8.806800 -2.327600 -5.158800
v -8.591400 -3.099000 -5.160900
v 2.879000 4.155600 -5.122400
v -9.085500 -6.239500 -5.059600
v 6.616200 4.284100 -5.003100
v 6.645100 4.137200 -5.118900
v 7.286400 4.412700 -5.003000
v 7.286800 4.284100 -5.118900
v 7.828800 4.302500 -5.118500
v 9.357400 3.090300 -5.111800
v 9.114000 3.622900 -5.114400
v 9.227800 3.696400 -4.998300
v 8.756600 4.008600 -5.116500
v 8.841900 4.118800 -5.000500
v 8.370700 4.357600 -5.001900
v 8.328300 4.229000 -5.117800
v 7.842800 4.449400 -5.002700
v 8.198200 -3.007100 -4.973100
v 8.524500 -1.941900 -4.976100
v 8.396500 -1.905200 -5.093000
v 8.793700 -0.693000 -5.096700
v 9.148100 0.519100 -5.100800
v 5.832400 3.898400 -5.119000
v 9.388700 1.584300 -5.105000
v 9.444300 2.429100 -5.108700
v 8.936000 -0.729800 -4.979700
v 9.276300 0.482400 -4.984000
v 9.516900 1.584300 -4.988300
v 9.586700 2.447500 -4.992100
v 9.485600 3.127100 -4.995400
v 3.635300 3.935100 -5.005000
v 2.964300 4.284100 -5.006200
v 2.335900 4.743300 -5.123600
v -9.079300 -1.519500 -5.156600
v -9.208000 -1.556200 -5.040800
v -9.394900 -0.582900 -5.153700
v -9.523600 -0.619600 -5.037900
v -9.882300 0.537500 -5.033800
v 2.449800 4.816700 -5.007300
v 2.263000 5.551400 -5.008300
v 2.134800 5.496300 -5.124600
v 2.105000 6.175800 -5.125400
v 0.333300 7.718500 -5.125700
v 2.104300 6.561500 -5.125800
v 1.945400 7.645000 -5.126900
v 2.102700 7.424700 -5.126700
v 2.231000 7.534900 -5.010600
v 2.232600 6.616600 -5.009500
v 2.247600 6.212500 -5.009000
v -3.817900 7.645000 -5.122800
v -2.106100 7.700100 -5.124000
v -2.120600 7.847100 -5.007400
v -0.579800 7.718500 -5.125100
v -0.579900 7.865500 -5.008700
v 0.361600 7.865500 -5.009400
v 2.087900 7.773600 -5.010700
v -3.832300 7.773600 -5.006200
v -5.301300 7.590000 -5.005500
v -5.272600 7.461400 -5.122200
v -9.739300 0.555800 -5.149800
v -10.026700 1.694500 -5.145300
v -10.155300 1.676100 -5.029300
v -10.242500 2.557700 -5.025400
v -10.113900 2.557700 -5.141600
v -10.058200 3.310700 -5.138100
v -7.525300 6.763500 -5.123100
v -6.498900 7.167600 -5.122300
v -7.596800 6.892000 -5.006300
v -6.541900 7.296100 -5.005500
v -10.186800 3.329100 -5.021800
v -10.017000 4.100500 -5.018100
v -9.888400 4.063700 -5.134500
v -9.575900 4.816700 -5.130900
v -9.078000 5.569700 -5.127500
v -9.178100 5.661600 -5.010800
v -8.380300 6.249300 -5.124800
v -8.480300 6.359500 -5.008000
v -9.704500 4.871800 -5.014400
v -7.662900 -26.541199 -4.592600
v -7.709100 3.200600 -4.490200
v -7.751800 -26.541199 1.273300
v -7.717000 3.200600 1.376400
v 7.171700 3.200600 -4.470100
v 7.216200 -26.541199 -4.367000
v 7.163700 3.200600 1.396500
v 7.127300 -26.541199 1.498900
v -0.283800 0.959900 1.544300
v 0.572000 0.868100 1.546400
v 1.384800 0.592600 1.548600
v 2.111800 0.133400 1.551000
v 2.724400 -0.472600 1.553500
v 3.179900 -1.207300 1.556100
v 3.464200 -2.015400 1.558400
v 3.548700 -2.878600 1.560300
v 3.462000 -3.723400 1.561400
v 3.175700 -4.531500 1.561400
v 2.718200 -5.266100 1.560200
v 2.104100 -5.872200 1.557600
v 1.376000 -6.331300 1.553900
v 1.374100 -6.331300 1.868700
v 0.562500 -6.606800 1.549300
v -0.293600 -6.717000 1.544200
v -0.295400 -6.717000 1.859100
v -1.149300 -6.606800 1.539200
v -1.947800 -6.331300 1.534700
v -2.689000 -5.872200 1.530900
v -3.287400 -5.266100 1.528400
v -3.743000 -4.531500 1.527200
v -4.027200 -3.723400 1.527200
v -4.126100 -2.878600 1.528200
v -4.025100 -2.015400 1.530200
v -3.738800 -1.207300 1.532500
v -3.281400 -0.472600 1.535100
v -2.681400 0.133400 1.537600
v -1.939000 0.592600 1.540100
v -1.139900 0.868100 1.542200
v -10.333100 -7.960299 -4.590900
v -10.371300 -7.960299 1.281800
v -11.231300 -9.238800 -4.603300
v -11.273300 -9.238800 1.269400
v 1.292500 32.988800 2.268900
v 1.292500 32.867199 1.870200
v 1.285100 33.333199 2.268900
v 1.285100 33.069801 1.100100
v 1.334200 33.434502 1.004600
v 1.118200 32.745701 1.202300
v 1.105900 32.684898 1.519200
v 0.693500 32.543098 1.253400
v -0.268900 32.421501 1.100100
v -0.268900 13.113000 1.100100
v 0.887400 13.194000 1.158000
v -0.268900 12.039200 0.762700
v 0.295800 12.059400 0.769500
v -0.268900 11.168000 0.016400
v 0.295800 11.147700 0.098200
v -0.268900 10.519600 -0.828700
v 0.344800 10.479100 -0.828700
v -0.268900 9.830700 -4.672600
v 0.312900 9.770000 -4.611200
v 1.010100 11.877100 0.861600
v 1.577200 11.715000 1.478300
v 1.795800 11.066600 1.870200
v 1.658300 10.539900 1.478300
v 1.800700 7.885700 1.478300
v 1.123100 10.641200 0.312900
v 1.250700 9.830700 -0.828700
v 1.164800 9.121600 -4.522700
v -2.478400 1.260500 2.272300
v -0.268900 0.997100 2.303000
v -2.556900 1.706200 2.268900
v -0.268900 7.885700 2.303000
v -2.414500 7.885700 2.268900
v -0.268900 11.066600 2.303000
v -2.340900 11.066600 2.268900
v -1.832700 32.988800 2.268900
v 2.016700 1.706200 2.268900
v 1.874300 7.885700 2.268900
v 1.800700 11.066600 2.268900
v -0.268900 32.988800 2.303000
v 1.334200 33.697899 2.176900
v 1.560100 34.204498 2.047400
v 1.560100 33.941101 0.878600
v 1.886600 34.326000 0.776300
v 1.886600 34.589401 1.948600
v 2.242500 41.700901 -1.101300
v 2.242500 41.964298 0.070900
v 1.216400 7.885700 -4.522700
v -0.268900 7.885700 -4.672600
v -0.853200 9.770000 -4.611200
v -1.705000 9.121600 -4.522700
v -1.756600 7.885700 -4.522700
v 1.518300 7.885700 -0.828700
v -2.478400 1.260500 1.870200
v -2.556900 1.706200 1.870200
v -2.340900 7.885700 1.478300
v -2.336000 11.066600 1.870200
v -2.198500 10.539900 1.478300
v -1.663300 10.641200 0.312900
v -1.550400 11.877100 0.861600
v -0.836000 11.147700 0.098200
v -0.836000 12.059400 0.769500
v -1.427600 13.194000 1.158000
v -2.117500 11.715000 1.478300
v -1.646100 32.684898 1.519200
v -1.832700 32.867199 1.870200
v -1.233700 32.543098 1.253400
v 1.972500 42.126400 0.030100
v 1.972500 41.862999 -1.142200
v 1.653400 42.085899 0.036900
v 1.653400 41.822498 -1.135400
v 0.865300 42.328999 -0.021000
v 0.865300 42.065601 -1.189900
v -0.268900 42.470798 -0.055200
v -0.268900 42.207500 -1.224000
v -1.405500 42.328999 -0.021000
v -1.405500 42.065601 -1.189900
v -2.193600 41.822498 -1.135400
v -2.193600 42.085899 0.036900
v -2.512700 41.862999 -1.142200
v -2.512700 42.126400 0.030100
v -2.782700 41.700901 -1.101300
v -2.782700 41.964298 0.070900
v -1.825300 33.333199 2.268900
v -1.825300 33.069801 1.100100
v -1.658400 32.745701 1.202300
v -1.874400 33.434502 1.004600
v -1.874400 33.697899 2.176900
v -2.100300 34.204498 2.047400
v -2.100300 33.941101 0.878600
v -2.426800 34.326000 0.776300
v -2.426800 34.589401 1.948600
v 1.938200 1.260500 1.870200
v 2.016700 1.706200 1.870200
v 1.938200 1.260500 2.272300
v -0.268900 34.326000 0.646800
v -0.268900 33.920799 0.742300
v -0.268900 33.414299 0.861600
v -0.268900 33.049599 0.946700
v -0.268900 32.745701 1.018300
v -0.885100 10.479100 -0.828700
v -1.790900 9.830700 -0.828700
v -2.058600 7.885700 -0.828700
v -0.268900 0.997100 1.870200
v -0.268900 33.333199 2.268900
v -2.853000 -14.129100 2.129500
v -2.853000 -14.129100 2.405100
v -2.865700 -13.851201 2.129500
v -2.865700 -13.851201 2.405100
v 2.319400 -13.851201 2.405100
v 2.319400 -13.851201 2.129500
v 2.306800 -13.573300 2.405100
v 2.306800 -13.573300 2.129500
v -1.847400 33.112801 2.413000
v -1.844900 33.274899 2.269400
v -1.857600 32.973900 2.413000
v -1.852500 32.927502 2.269400
v -1.844900 33.274899 2.138800
v -1.852500 32.927502 2.138800
v 1.303700 33.274899 2.138800
v 1.313800 32.927502 2.138800
v 1.308700 33.112801 2.413000
v 1.316300 32.973900 2.413000
v 1.303700 33.274899 2.269400
v 1.313800 32.927502 2.269400
v -2.311500 -15.005300 2.736500
v -2.449600 -14.813199 2.736500
v -2.349400 -15.125501 2.588000
v -2.576600 -14.813199 2.588000
v -2.565400 -14.813199 2.389400
v -2.347200 -14.511701 2.389400
v -2.289300 -14.684600 2.201400
v -2.137900 -14.734000 2.201400
v -2.311500 -14.621100 2.736500
v -2.349400 -14.501300 2.588000
v -1.990900 -14.626901 2.389400
v -2.137900 -14.892800 2.201400
v -2.084400 -14.694600 2.736500
v -1.982000 -14.620500 2.588000
v -1.990900 -14.999799 2.389400
v -2.289300 -14.942201 2.201400
v -2.084400 -14.932099 2.736500
v -1.982000 -15.006200 2.588000
v -2.347200 -15.115100 2.389400
v -2.382800 -14.813199 2.201400
v 0.089000 -14.942201 2.201400
v 0.033400 -15.115100 2.389400
v -0.004500 -14.813199 2.201400
v -0.187100 -14.813199 2.389400
v 0.089000 -14.684600 2.201400
v 0.033400 -14.511701 2.389400
v 0.240500 -14.734000 2.201400
v 0.387400 -14.626901 2.389400
v 0.240500 -14.892800 2.201400
v 0.387400 -14.999799 2.389400
v 0.028900 -15.125501 2.588000
v -0.198200 -14.813199 2.588000
v 0.028900 -14.501300 2.588000
v 0.396400 -14.620500 2.588000
v 0.396400 -15.006200 2.588000
v -0.071300 -14.813199 2.736500
v 0.069000 -14.621100 2.736500
v 0.293900 -14.694600 2.736500
v 0.293900 -14.932099 2.736500
v 0.069000 -15.005300 2.736500
v 0.881800 -14.942201 2.201400
v 0.826100 -15.115100 2.389400
v 0.788300 -14.813199 2.201400
v 0.605700 -14.813199 2.389400
v 0.881800 -14.684600 2.201400
v 0.826100 -14.511701 2.389400
v 1.033200 -14.734000 2.201400
v 1.180200 -14.626901 2.389400
v 1.033200 -14.892800 2.201400
v 1.180200 -14.999799 2.389400
v 0.821700 -15.125501 2.588000
v 0.594500 -14.813199 2.588000
v 0.821700 -14.501300 2.588000
v 1.189100 -14.620500 2.588000
v 1.189100 -15.006200 2.588000
v 0.721500 -14.813199 2.736500
v 0.861800 -14.621100 2.736500
v 1.086700 -14.694600 2.736500
v 1.086700 -14.932099 2.736500
v 0.861800 -15.005300 2.736500
v -0.726000 -15.005300 2.736500
v -0.864100 -14.813199 2.736500
v -0.763900 -15.125501 2.588000
v -0.991000 -14.813199 2.588000
v -0.979900 -14.813199 2.389400
v -0.759400 -14.511701 2.389400
v -0.703700 -14.684600 2.201400
v -0.552300 -14.734000 2.201400
v -0.726000 -14.621100 2.736500
v -0.763900 -14.501300 2.588000
v -0.405300 -14.626901 2.389400
v -0.552300 -14.892800 2.201400
v -0.498900 -14.694600 2.736500
v -0.396400 -14.620500 2.588000
v -0.405300 -14.999799 2.389400
v -0.703700 -14.942201 2.201400
v -0.498900 -14.932099 2.736500
v -0.396400 -15.006200 2.588000
v -0.759400 -15.115100 2.389400
v -1.496500 -14.942201 2.201400
v -1.554400 -15.115100 2.389400
v -1.590000 -14.813199 2.201400
v -1.772600 -14.813199 2.389400
v -1.496500 -14.684600 2.201400
v -1.554400 -14.511701 2.389400
v -1.345100 -14.734000 2.201400
v -1.198100 -14.626901 2.389400
v -1.345100 -14.892800 2.201400
v -1.198100 -14.999799 2.389400
v -1.556600 -15.125501 2.588000
v -1.783800 -14.813199 2.588000
v -1.556600 -14.501300 2.588000
v -1.189200 -14.620500 2.588000
v -1.189200 -15.006200 2.588000
v -1.656800 -14.813199 2.736500
v -1.518800 -14.621100 2.736500
v -1.291600 -14.694600 2.736500
v -1.291600 -14.932099 2.736500
v -1.518800 -15.005300 2.736500
v -0.797200 -14.813199 2.201400
v 1.674600 -14.942201 2.201400
v 1.618900 -15.115100 2.389400
v 1.581100 -14.813199 2.201400
v 1.398500 -14.813199 2.389400
v 1.674600 -14.684600 2.201400
v 1.618900 -14.511701 2.389400
v 1.826000 -14.734000 2.201400
v 1.973000 -14.626901 2.389400
v 1.826000 -14.892800 2.201400
v 1.973000 -14.999799 2.389400
v 1.614500 -15.125501 2.588000
v 1.387300 -14.813199 2.588000
v 1.614500 -14.501300 2.588000
v 1.981900 -14.620500 2.588000
v 1.981900 -15.006200 2.588000
v 1.514300 -14.813199 2.736500
v 1.654600 -14.621100 2.736500
v 1.879500 -14.694600 2.736500
v 1.879500 -14.932099 2.736500
v 1.654600 -15.005300 2.736500
v 1.716900 -14.813199 2.733400
v 0.131300 -14.813199 2.733400
v -1.456400 -14.813199 2.733400
v -0.661400 -14.813199 2.733400
v -2.249200 -14.813199 2.733400
v 0.924100 -14.813199 2.733400
v -6.186900 -13.039100 1.776300
v -6.186900 -15.091699 1.776300
v -6.186900 -13.039100 2.019100
v -6.186900 -15.091699 2.019100
v -4.790000 -15.253200 1.776300
v -4.790000 -15.253200 2.019100
v -3.858600 -15.506900 1.776300
v -3.858600 -15.506900 2.057700
v -2.927300 -15.968099 1.776300
v -2.927300 -15.968099 2.265800
v 2.381100 -15.968099 2.265800
v 2.381100 -15.968099 1.776300
v 3.312400 -15.506900 1.776300
v 3.312400 -15.506900 2.057700
v 4.243700 -15.253200 2.019100
v 4.243700 -15.253200 1.776300
v 5.640600 -15.091699 1.776300
v 5.640600 -15.091699 2.019100
v -4.790000 -13.039100 2.019100
v -3.858600 -13.039100 2.057700
v -2.927300 -13.039100 2.265800
v 2.381100 -13.039100 2.265800
v 3.312400 -13.039100 2.057700
v 4.243700 -13.039100 2.019100
v 5.640600 -13.039100 2.019100
v -4.790000 -13.039100 1.776300
v -3.858600 -13.039100 1.776300
v -2.927300 -13.039100 1.776300
v 2.381100 -13.039100 1.776300
v 3.312400 -13.039100 1.776300
v 4.243700 -13.039100 1.776300
v 5.640600 -13.039100 1.776300
v -0.031900 -29.635998 -2.144400
v -0.031900 -29.737400 -2.144400
v -0.508300 -29.635998 -2.144400
v -0.508300 -29.737400 -2.144400
v -0.750300 -29.635998 -1.731900
v -0.750300 -29.737400 -1.731900
v -0.508300 -29.635998 -1.312800
v -0.508300 -29.737400 -1.312800
v -0.031900 -29.635998 -1.312800
v -0.031900 -29.737400 -1.312800
v 0.210100 -29.635998 -1.731900
v 0.210100 -29.737400 -1.731900
v -0.137800 -30.035297 -1.954600
v -0.402400 -30.035297 -1.954600
v -0.531000 -30.035297 -1.731900
v -0.402400 -30.035297 -1.502700
v -0.137800 -30.035297 -1.502700
v -0.009200 -30.035297 -1.731900
v -0.031900 -30.339600 -2.144400
v -0.508300 -30.339600 -2.144400
v -0.750300 -30.339600 -1.731900
v -0.508300 -30.339600 -1.312800
v -0.031900 -30.339600 -1.312800
v 0.210100 -30.339600 -1.731900
v -0.031900 -30.440998 -2.144400
v -0.508300 -30.440998 -2.144400
v -0.750300 -30.440998 -1.731900
v -0.508300 -30.440998 -1.312800
v -0.031900 -30.440998 -1.312800
v 0.210100 -30.440998 -1.731900
v -0.266300 -30.440998 -1.731900
v 0.666100 35.544701 0.438900
v 0.666100 35.875198 1.732100
v 0.811200 35.881302 0.354300
v 0.811200 36.211800 1.647500
v 1.158700 36.020802 0.317500
v 1.158700 36.351299 1.612500
v 1.647900 35.875198 1.732100
v 1.647900 35.544701 0.438900
v 1.502800 36.211800 1.647500
v 1.502800 35.881302 0.354300
v 0.811200 35.538700 1.818600
v 0.811200 35.083801 0.028600
v 1.158700 35.399200 1.853500
v 1.158700 34.944401 0.063600
v 1.502800 35.538700 1.818600
v 1.502800 35.083801 0.028600
v 1.647900 35.420399 -0.056000
v 1.647900 36.196701 0.273300
v 2.832100 36.448299 -0.322700
v 2.832100 36.514999 -0.206800
v 2.977200 35.787300 -0.019200
v 2.977200 35.920700 0.210800
v 2.832100 35.193001 0.400300
v 2.832100 35.259701 0.516100
v 2.228200 38.019001 -0.560000
v 2.295700 37.512600 -0.192100
v 2.228200 38.000801 -0.396300
v 2.295700 37.579300 -0.076200
v 2.228200 38.152401 -0.330100
v 2.933300 37.579300 -0.076200
v 2.933300 37.512600 -0.192100
v 2.228200 38.325199 -0.429400
v 2.295700 38.831600 -0.799200
v 2.228200 38.343399 -0.595000
v 2.295700 38.764900 -0.915100
v 2.228200 38.191799 -0.659400
v -3.372300 36.448299 -0.322700
v -3.372300 36.514999 -0.206800
v -2.731300 36.448299 -0.322700
v -2.731300 36.514999 -0.206800
v -2.667200 35.702400 0.030500
v -2.667200 35.681198 0.196000
v -2.731300 35.193001 0.400300
v -2.731300 35.259701 0.516100
v -3.372300 35.193001 0.400300
v -3.372300 35.259701 0.516100
v 0.770700 37.864300 -0.151600
v 0.912400 38.200901 -0.238100
v 0.770700 38.513199 -0.317200
v 1.259900 38.337299 -0.273000
v 1.749100 38.513199 -0.317200
v 1.607400 38.200901 -0.238100
v 1.749100 37.864300 -0.151600
v -1.206300 35.544701 0.438900
v -1.206300 36.196701 0.273300
v -1.351400 35.881302 0.354300
v -1.698900 36.020802 0.317500
v -2.188100 36.196701 0.273300
v -2.043100 35.881302 0.354300
v 0.770700 38.194801 1.141600
v 0.912400 38.528301 1.057000
v 1.259900 38.667801 1.020200
v 0.872000 40.180901 -0.742200
v 0.872000 40.511398 0.551100
v 1.017000 40.517399 -0.828600
v 1.017000 40.847900 0.464600
v 1.361100 40.656898 -0.863600
v 1.361100 40.987400 0.429700
v -1.310900 37.864300 -0.151600
v -1.452600 38.200901 -0.238100
v -1.310900 38.194801 1.141600
v -1.452600 38.528301 1.057000
v -1.800100 38.337299 -0.273000
v -1.800100 38.667801 1.020200
v 1.708600 40.517399 -0.828600
v 1.708600 40.847900 0.464600
v 1.853700 40.180901 -0.742200
v 1.853700 40.511398 0.551100
v -2.289400 38.194801 1.141600
v -2.147700 38.528301 1.057000
v -2.289400 37.864300 -0.151600
v -2.147700 38.200901 -0.238100
v 0.666100 36.196701 0.273300
v 1.607400 38.528301 1.057000
v 1.749100 38.194801 1.141600
v -1.452600 37.858200 1.228100
v -1.452600 37.400398 -0.561900
v -1.310900 37.736900 -0.648300
v -1.310900 38.388901 -0.813900
v -1.310900 38.513199 -0.317200
v -1.705700 38.410099 1.612500
v -1.800100 38.449501 1.603400
v -1.665200 38.319099 1.636500
v -1.894600 38.410099 1.612500
v -1.935100 38.319099 1.636500
v -1.894600 38.228199 1.658500
v -1.800100 38.188702 1.669600
v -1.705700 38.228199 1.658500
v -1.564000 38.291801 1.527900
v -1.631400 38.455601 1.487400
v -1.800100 38.522301 1.469000
v -1.968800 38.455601 1.487400
v -2.036300 38.291801 1.527900
v -1.968800 38.131100 1.570200
v -1.800100 38.061401 1.586800
v -1.631400 38.131100 1.570200
v -1.631400 38.376701 1.172900
v -1.800100 38.446499 1.154500
v -1.968800 38.376701 1.172900
v -2.039700 38.213001 1.215200
v -1.968800 38.046200 1.257500
v -1.800100 37.979500 1.274000
v -1.631400 38.046200 1.257500
v -1.560600 38.213001 1.215200
v -1.800100 37.718800 1.263000
v -1.800100 37.264000 -0.526900
v -2.147700 37.858200 1.228100
v -2.147700 37.400398 -0.561900
v -2.289400 37.736900 -0.648300
v -2.289400 38.513199 -0.317200
v -2.289400 38.388901 -0.813900
v 2.127000 35.832802 0.260400
v 2.127000 35.681198 0.196000
v 2.191100 35.259701 0.516100
v 2.191100 35.193001 0.400300
v -2.768400 38.325199 -0.429400
v -2.768400 38.152401 -0.330100
v -2.738100 38.343399 -0.394500
v -2.738100 38.173599 -0.295100
v -2.255600 38.343399 -0.394500
v -2.255600 38.173599 -0.295100
v -2.768400 38.000801 -0.396300
v -2.255600 38.000801 -0.394500
v -2.738100 38.000801 -0.593200
v -2.255600 38.000801 -0.593200
v -2.738100 38.173599 -0.694300
v -2.255600 38.173599 -0.694300
v -2.768400 38.343399 -0.595000
v -2.255600 38.343399 -0.593200
v -2.768400 38.191799 -0.659400
v -2.768400 38.019001 -0.560000
v 2.191100 36.448299 -0.322700
v 2.127000 35.872200 -0.068900
v 2.127000 35.702400 0.030500
v -3.473600 38.764900 -0.915100
v -3.622000 38.106899 -0.609700
v -3.473600 38.831600 -0.799200
v -3.622000 38.237301 -0.379800
v -3.473600 37.512600 -0.192100
v -3.473600 37.579300 -0.076200
v 1.455600 40.729698 1.022000
v 1.361100 40.769100 1.011000
v 1.496100 40.638699 1.044100
v 1.455600 40.547699 1.068000
v 1.361100 40.508301 1.077200
v 1.266700 40.547699 1.068000
v 1.229600 40.638699 1.044100
v 1.266700 40.729698 1.022000
v -2.835900 37.579300 -0.076200
v -2.835900 37.512600 -0.192100
v -2.835900 38.764900 -0.915100
v -2.835900 38.831600 -0.799200
v 1.017000 39.720001 -1.154200
v 0.872000 40.056499 -1.238900
v 1.361100 39.580502 -1.117400
v 1.708600 39.720001 -1.154200
v 1.853700 40.056499 -1.238900
v 0.872000 40.705399 -1.404400
v 1.853700 40.705399 -1.404400
v 1.253200 36.093601 2.203100
v 1.158700 36.129902 2.193900
v 1.290300 36.002602 2.227000
v 1.253200 35.908600 2.250900
v 1.158700 35.872200 2.260100
v 1.064200 35.908600 2.250900
v 1.023700 36.002602 2.227000
v 1.064200 36.093601 2.203100
v 2.191100 36.514999 -0.206800
v 2.127000 36.005600 0.161100
v 1.121600 40.529598 0.622800
v 1.125000 40.611401 0.937400
v 1.192500 40.696301 0.582400
v 1.195800 40.772099 0.895100
v 1.361100 40.763000 0.564000
v 1.361100 40.841801 0.878600
v 1.533200 40.696301 0.582400
v 1.529800 40.772099 0.895100
v 1.604100 40.529598 0.622800
v 1.600700 40.611401 0.937400
v 1.533200 40.365799 0.665200
v 1.529800 40.447701 0.977900
v 1.361100 40.299099 0.683500
v 1.361100 40.381001 0.996300
v 1.192500 40.365799 0.665200
v 1.195800 40.447701 0.977900
v 2.332800 40.641701 -1.021800
v 2.299100 40.662998 -0.986800
v 2.332800 40.471901 -0.922400
v 2.299100 40.490101 -0.887500
v 2.332800 40.317299 -0.986800
v 1.816600 40.490101 -0.887500
v 1.816600 40.317299 -0.986800
v 1.816600 40.662998 -0.986800
v 0.919200 35.975300 2.120300
v 0.990000 36.136002 2.078000
v 0.986600 36.060200 1.763400
v 1.158700 36.126900 1.746800
v 1.158700 36.202702 2.061400
v 1.327400 36.060200 1.763400
v 1.324000 36.136002 2.078000
v 1.398200 35.893398 1.805700
v 1.394900 35.975300 2.120300
v 1.327400 35.729698 1.848000
v 1.324000 35.811600 2.160700
v 1.158700 35.659901 1.864600
v 1.158700 35.744900 2.177300
v 0.986600 35.729698 1.848000
v 0.990000 35.811600 2.160700
v 0.915800 35.893398 1.805700
v 1.165400 38.410099 1.612500
v 1.125000 38.319099 1.636500
v 1.259900 38.449501 1.603400
v 1.165400 38.228199 1.658500
v 1.259900 38.188702 1.669600
v 1.354400 38.228199 1.658500
v 1.394900 38.319099 1.636500
v 1.354400 38.410099 1.612500
v -2.667200 35.832802 0.260400
v -3.517400 35.920700 0.210800
v -2.667200 36.005600 0.161100
v -1.901400 40.987400 0.429700
v -1.557200 40.847900 0.464600
v -1.901400 40.656898 -0.863600
v -1.557200 40.517399 -0.828600
v -1.412200 40.511398 0.551100
v -1.412200 40.180901 -0.742200
v -2.248800 40.517399 -0.828600
v -2.248800 40.847900 0.464600
v -2.393900 40.180901 -0.742200
v -2.393900 40.511398 0.551100
v 2.396900 39.895802 -0.666700
v 2.396900 39.829102 -0.782600
v 2.396900 41.151100 -1.389700
v 3.037900 41.151100 -1.389700
v 3.183000 40.556801 -0.972100
v 3.037900 39.895802 -0.666700
v -1.661800 40.529598 0.622800
v -1.732700 40.696301 0.582400
v -1.665200 40.611401 0.937400
v -1.736000 40.772099 0.895100
v -1.806900 40.729698 1.022000
v -1.901400 40.769100 1.011000
v -1.901400 40.763000 0.564000
v -1.901400 40.841801 0.878600
v -1.995800 40.729698 1.022000
v -2.073400 40.696301 0.582400
v -2.070000 40.772099 0.895100
v -2.036300 40.638699 1.044100
v -2.144300 40.529598 0.622800
v -2.140900 40.611401 0.937400
v -1.995800 40.547699 1.068000
v -2.073400 40.365799 0.665200
v -2.070000 40.447701 0.977900
v -1.901400 40.508301 1.077200
v -1.901400 40.299099 0.683500
v -1.901400 40.381001 0.996300
v -1.806900 40.547699 1.068000
v -1.732700 40.365799 0.665200
v -1.736000 40.447701 0.977900
v -1.769800 40.638699 1.044100
v 1.023700 38.291801 1.527900
v 1.091200 38.455601 1.487400
v 1.091200 38.376701 1.172900
v 1.259900 38.446499 1.154500
v 1.259900 38.522301 1.469000
v 1.428600 38.376701 1.172900
v 1.428600 38.455601 1.487400
v 1.499500 38.213001 1.215200
v 1.496100 38.291801 1.527900
v 1.428600 38.046200 1.257500
v 1.428600 38.131100 1.570200
v 1.259900 37.979500 1.274000
v 1.259900 38.061401 1.586800
v 1.091200 38.046200 1.257500
v 1.091200 38.131100 1.570200
v 1.020400 38.213001 1.215200
v 0.666100 36.069302 -0.223400
v 1.647900 36.069302 -0.223400
v 0.872000 40.832802 -0.909600
v 1.853700 40.832802 -0.909600
v -1.901400 39.580502 -1.117400
v -2.248800 39.720001 -1.154200
v -1.557200 39.720001 -1.154200
v -1.412200 40.056499 -1.238900
v -2.393900 40.056499 -1.238900
v -1.412200 40.705399 -1.404400
v -2.873000 40.641701 -1.021800
v -2.873000 40.471901 -0.922400
v -2.839300 40.662998 -0.986800
v -2.839300 40.490101 -0.887500
v -2.356800 40.662998 -0.986800
v -2.356800 40.490101 -0.887500
v -2.873000 40.317299 -0.986800
v -2.356800 40.317299 -0.986800
v -2.839300 40.317299 -1.185500
v -2.356800 40.317299 -1.185500
v -2.839300 40.490101 -1.284800
v -2.356800 40.490101 -1.284800
v -2.873000 40.662998 -1.185500
v -2.356800 40.662998 -1.185500
v -2.873000 40.511398 -1.249900
v -2.873000 40.338501 -1.150600
v -1.412200 40.832802 -0.909600
v -2.393900 40.832802 -0.909600
v -3.578200 39.829102 -0.782600
v -2.937100 39.829102 -0.782600
v -3.578200 39.895802 -0.666700
v -2.937100 39.895802 -0.666700
v -2.393900 40.705399 -1.404400
v -2.248800 40.177799 0.635700
v -1.901400 40.038399 0.672500
v -1.557200 40.177799 0.635700
v 2.332800 40.662998 -1.185500
v 2.396900 41.084400 -1.505600
v 2.332800 40.511398 -1.249900
v -2.937100 41.084400 -1.505600
v -2.937100 41.151100 -1.389700
v 0.912400 37.400398 -0.561900
v 0.770700 37.736900 -0.648300
v 1.259900 37.264000 -0.526900
v 1.607400 37.400398 -0.561900
v 1.749100 37.736900 -0.648300
v 0.770700 38.388901 -0.813900
v 1.749100 38.388901 -0.813900
v 1.816600 40.662998 -1.185500
v 1.816600 40.490101 -1.284800
v 2.299100 40.490101 -1.284800
v 1.816600 40.317299 -1.185500
v 2.299100 40.317299 -1.185500
v 2.332800 40.338501 -1.150600
v -3.578200 41.084400 -1.505600
v -3.723200 40.423401 -1.200200
v -3.578200 41.151100 -1.389700
v -3.723200 40.556801 -0.972100
v 3.037900 39.829102 -0.782600
v 3.183000 40.423401 -1.200200
v 3.037900 41.084400 -1.505600
v 1.708600 40.177799 0.635700
v 1.361100 40.038399 0.672500
v 1.017000 40.177799 0.635700
v 0.666100 35.420399 -0.056000
v 2.933300 38.764900 -0.915100
v 2.933300 38.831600 -0.799200
v 3.081800 38.106899 -0.609700
v 3.081800 38.237301 -0.379800
v -1.206300 35.875198 1.732100
v -1.351400 36.211800 1.647500
v -1.698900 36.351299 1.612500
v 2.197900 38.343399 -0.394500
v 1.715400 38.343399 -0.593200
v 1.715400 38.343399 -0.394500
v 1.715400 38.173599 -0.694300
v 2.197900 38.173599 -0.694300
v 1.715400 38.000801 -0.593200
v 2.197900 38.000801 -0.593200
v 1.715400 38.000801 -0.394500
v 1.715400 38.173599 -0.295100
v 2.197900 38.173599 -0.295100
v -2.043100 36.211800 1.647500
v -2.188100 35.544701 0.438900
v -2.188100 35.875198 1.732100
v -1.206300 36.069302 -0.223400
v -1.206300 35.420399 -0.056000
v -1.351400 35.083801 0.028600
v -1.351400 35.538700 1.818600
v -1.698900 35.399200 1.853500
v -1.698900 34.944401 0.063600
v -2.043100 35.538700 1.818600
v -2.043100 35.083801 0.028600
v -2.188100 35.420399 -0.056000
v -2.188100 36.069302 -0.223400
v -2.667200 35.872200 -0.068900
v -3.517400 35.787300 -0.019200
v -2.633500 36.026798 0.196000
v -2.633500 35.854000 0.295400
v -2.154400 36.026798 0.196000
v -2.154400 35.854000 0.295400
v -2.154400 35.681198 0.196000
v -2.633500 35.681198 -0.002600
v -2.154400 35.681198 -0.002600
v -2.633500 35.854000 -0.102000
v -2.154400 35.854000 -0.102000
v -2.667200 36.026798 -0.002600
v -2.154400 36.026798 -0.002600
v -1.604500 35.908600 2.250900
v -1.564000 36.002602 2.227000
v -1.698900 35.872200 2.260100
v -1.793400 35.908600 2.250900
v -1.830500 36.002602 2.227000
v -1.793400 36.093601 2.203100
v -1.698900 36.129902 2.193900
v -1.604500 36.093601 2.203100
v 1.614200 36.026798 0.196000
v 2.093300 36.026798 0.196000
v 1.614200 36.026798 -0.002600
v 2.127000 36.026798 -0.002600
v 1.614200 35.854000 -0.102000
v 2.093300 35.854000 -0.102000
v 1.614200 35.681198 -0.002600
v 2.093300 35.681198 -0.002600
v 1.614200 35.681198 0.196000
v 1.614200 35.854000 0.295400
v 2.093300 35.854000 0.295400
v -1.456000 35.893398 1.805700
v -1.526800 36.060200 1.763400
v -1.459400 35.975300 2.120300
v -1.530200 36.136002 2.078000
v -1.698900 36.126900 1.746800
v -1.698900 36.202702 2.061400
v -1.867600 36.060200 1.763400
v -1.864200 36.136002 2.078000
v -1.938500 35.893398 1.805700
v -1.935100 35.975300 2.120300
v -1.867600 35.729698 1.848000
v -1.864200 35.811600 2.160700
v -1.698900 35.659901 1.864600
v -1.698900 35.744900 2.177300
v -1.526800 35.729698 1.848000
v -1.530200 35.811600 2.160700
v 1.607400 37.858200 1.228100
v 1.259900 37.718800 1.263000
v 0.912400 37.858200 1.228100
v 0.955600 35.919399 1.854200
v 0.973500 35.919399 1.854200
v 1.023600 34.999500 2.042300
v 1.039600 34.539600 2.136300
v 0.984800 35.919399 1.859600
v 1.057600 34.539600 2.136300
v 1.171600 27.627800 2.347900
v 1.071200 34.539600 2.139900
v 1.091700 34.079700 2.230400
v 1.190300 29.062000 2.370300
v 1.173700 29.471802 2.371500
v 1.319600 17.487801 2.418500
v 1.399500 9.651700 2.418500
v 1.417500 9.651700 2.418500
v 1.610200 -8.098800 2.397000
v 1.431000 9.651700 2.422100
v 1.515400 1.815700 2.418500
v 1.658900 -9.591500 2.408600
v 1.652900 -10.017999 2.404200
v 1.709700 -14.175000 2.361200
v 1.709000 -14.334300 2.332600
v 1.722500 -14.334300 2.336200
v 1.736100 -14.812299 2.252200
v 1.718000 -14.334300 2.354400
v 1.726300 -14.493600 2.318500
v 1.724800 -14.812299 2.279400
v 1.733800 -14.812299 2.268500
v 0.982500 35.919399 1.875900
v 1.041600 34.999500 2.056800
v 0.973500 35.919399 1.886800
v 1.066600 34.539600 2.158100
v 1.071700 34.309601 2.219600
v 1.091700 34.079700 2.259400
v 1.205300 27.075001 2.415700
v 1.182700 29.471802 2.393200
v 1.337600 17.487801 2.433000
v 1.426500 9.651700 2.440200
v 1.417400 9.651700 2.454700
v 1.515300 1.815700 2.447500
v 1.620500 -7.651299 2.441800
v 1.657300 -10.017999 2.429500
v 1.709700 -14.175000 2.390200
v 1.706300 -14.254701 2.383200
v 1.640800 -10.017999 2.425900
v 1.697700 -14.175000 2.390200
v 1.700000 -14.334300 2.354400
v 1.702200 -14.493600 2.318500
v 1.715800 -14.812299 2.268500
v 1.691000 -14.334300 2.332600
v 1.706700 -14.812299 2.246800
v 1.497300 1.815700 2.433000
v 1.408400 9.651700 2.440200
v 1.319500 17.487801 2.447500
v 1.166200 29.471802 2.396800
v 1.079700 34.079700 2.259400
v 1.048600 34.539600 2.158100
v -1.579500 35.936199 1.836700
v -1.543500 35.936199 1.836700
v -1.601500 35.010799 2.031900
v -1.648600 34.548000 2.129500
v -1.520900 35.936199 1.847600
v -1.612500 34.548000 2.129500
v -1.770600 27.602600 2.349200
v -1.585500 34.548000 2.136800
v -1.623500 34.085300 2.227200
v -1.674200 30.381100 2.355900
v -1.710900 29.455002 2.373600
v -1.856900 17.415001 2.422400
v -1.962600 9.542600 2.422400
v -1.888800 13.478800 2.429600
v -2.160100 -9.305700 2.415200
v -1.698900 29.455002 2.417100
v -1.845000 17.415001 2.451400
v -1.720900 29.043400 2.439100
v -1.944600 9.542600 2.465900
v -2.044300 1.670200 2.480400
v -2.178800 -10.200700 2.449900
v -1.962600 9.542600 2.494900
v -2.191600 -9.770300 2.475500
v -1.735000 29.455002 2.417100
v -1.881000 17.415001 2.480400
v -1.980600 9.542600 2.465900
v -2.080300 1.670200 2.451400
v -2.214800 -10.200700 2.449900
v -1.998700 9.542600 2.422400
v -2.209400 -8.263800 2.398300
v -1.525400 35.936199 1.880200
v -1.565500 35.010799 2.060900
v -1.543400 35.936199 1.901900
v -1.594500 34.548000 2.173000
v -1.612500 34.548000 2.202000
v -1.623500 34.085300 2.285200
v -1.561500 35.936199 1.880200
v -1.601500 35.010799 2.089900
v -1.592300 35.589199 1.920800
v -1.630600 34.548000 2.173100
v -1.659600 34.085300 2.256200
v -2.279300 -14.822400 2.230100
v -2.261200 -14.822400 2.273600
v -2.267400 -14.573201 2.323200
v -2.279500 -14.448499 2.326200
v -2.243200 -14.822400 2.295300
v -2.261500 -14.448499 2.369700
v -2.243400 -14.448499 2.398800
v -2.255500 -14.323899 2.416300
v -2.225100 -14.822400 2.273600
v -2.231300 -14.573201 2.352200
v -2.220600 -14.822400 2.240900
v -2.225400 -14.448499 2.369700
v -2.216400 -14.448499 2.333500
v -2.219500 -14.323899 2.387300
v -2.243200 -14.822400 2.230100
v -2.231300 -14.573201 2.294200
v -2.270300 -14.729001 2.254100
v -2.243500 -14.448499 2.326200
v -2.255600 -14.323899 2.358300
v -2.202800 -10.200700 2.406400
v -2.068300 1.670200 2.422400
v -1.150800 33.159801 2.432800
v -1.134600 33.159801 2.472000
v -1.311300 34.872601 2.080900
v -1.407800 35.729000 1.865800
v -1.118400 33.159801 2.491500
v -1.391600 35.729000 1.905000
v -1.596500 37.655899 1.450400
v -1.375400 35.729000 1.931100
v -1.471900 36.585400 1.729100
v -1.632400 38.298199 1.357600
v -1.648600 38.298199 1.338000
v -1.102100 33.159801 2.472000
v -1.278900 34.872601 2.107000
v -1.098100 33.159801 2.442600
v -1.359200 35.729000 1.905000
v -1.351000 35.729000 1.872400
v -1.439400 36.585400 1.703000
v -1.612100 38.298199 1.308700
v -1.616200 38.298199 1.338000
v -1.118300 33.159801 2.432800
v -1.278900 34.872601 2.054800
v -1.206900 33.802101 2.291100
v -1.375300 35.729000 1.865800
v -1.471800 36.585400 1.676800
v -1.664800 38.298199 1.298900
v -1.632400 38.298199 1.298900
v -1.476400 -14.812299 2.236500
v -1.460200 -14.812299 2.275700
v -1.466600 -14.552300 2.328000
v -1.477900 -14.422299 2.334700
v -1.444000 -14.812299 2.295200
v -1.461700 -14.422299 2.373800
v -1.438000 -8.230800 2.408300
v -1.445500 -14.422299 2.399900
v -1.456800 -14.292300 2.419600
v -1.416300 -9.734900 2.478400
v -1.435600 -10.164601 2.455600
v -1.359100 1.698400 2.458900
v -1.315100 9.563800 2.432800
v -1.298900 9.563800 2.472000
v -1.187800 27.260799 2.442600
v -1.282700 9.563800 2.498100
v -1.238800 17.429100 2.485000
v -1.427800 -14.812299 2.275700
v -1.434200 -14.552300 2.354100
v -1.423700 -14.812299 2.246300
v -1.429300 -14.422299 2.373800
v -1.421200 -14.422299 2.341200
v -1.424400 -14.292300 2.393500
v -1.389700 -9.269900 2.424800
v -1.403200 -10.164601 2.455600
v -1.326700 1.698400 2.485000
v -1.266500 9.563800 2.472000
v -1.231000 13.496400 2.439300
v -1.206300 17.429100 2.458900
v -1.444000 -14.812299 2.236500
v -1.434200 -14.552300 2.302000
v -1.468700 -14.714799 2.261100
v -1.445500 -14.422299 2.334700
v -1.456800 -14.292300 2.367400
v -1.424800 -10.164601 2.416500
v -1.348300 1.698400 2.432800
v -1.282700 9.563800 2.432800
v -1.183800 27.260799 2.432800
v -0.580300 33.159801 2.436400
v -0.565900 33.159801 2.471200
v -0.965200 35.645199 1.886200
v -1.172100 36.887901 1.576300
v -0.551500 33.159801 2.488600
v -1.157600 36.887901 1.611200
v -1.612200 39.683998 0.940000
v -1.143200 36.887901 1.634400
v -1.350100 38.130600 1.336100
v -1.734900 40.616100 0.768500
v -1.749400 40.616100 0.751100
v -0.537100 33.159801 2.471200
v -0.936400 35.645199 1.909400
v -0.533500 33.159801 2.445100
v -1.128800 36.887901 1.611200
v -1.121600 36.887901 1.582100
v -1.321200 38.130600 1.312900
v -1.716900 40.616100 0.725000
v -1.720500 40.616100 0.751100
v -0.551500 33.159801 2.436400
v -0.936400 35.645199 1.863000
v -0.721100 34.091900 2.221400
v -1.143200 36.887901 1.576300
v -1.350100 38.130600 1.289700
v -1.763800 40.616100 0.716300
v -1.734900 40.616100 0.716300
v 0.133900 -14.812299 2.253800
v 0.146600 -14.812299 2.284200
v 0.131100 -14.523000 2.336100
v 0.117100 -14.378301 2.346900
v 0.159200 -14.812299 2.299400
v 0.129700 -14.378301 2.377300
v 0.090200 -8.164800 2.416700
v 0.142400 -14.378301 2.397600
v 0.128300 -14.233600 2.418500
v 0.118100 -9.663200 2.472400
v 0.106200 -10.091300 2.454900
v 0.070700 1.757100 2.460300
v 0.043200 9.607800 2.440000
v 0.055900 9.607800 2.470500
v 0.003600 27.271801 2.447600
v 0.068500 9.607800 2.490800
v 0.041100 17.458500 2.480600
v 0.011500 33.159801 2.485700
v -0.001100 33.159801 2.470500
v 0.171800 -14.812299 2.284200
v 0.156400 -14.523000 2.356500
v 0.174900 -14.812299 2.261400
v 0.154900 -14.378301 2.377300
v 0.161200 -14.378301 2.352000
v 0.153500 -14.233600 2.398200
v 0.136300 -9.663200 2.428400
v 0.131400 -10.091300 2.454900
v 0.095900 1.757100 2.480600
v 0.081100 9.607800 2.470500
v 0.087400 9.607800 2.445100
v 0.066300 17.458500 2.460300
v 0.027200 33.159801 2.447600
v 0.024100 33.159801 2.470500
v 0.159100 -14.812299 2.253800
v 0.156300 -14.523000 2.315900
v 0.136000 -14.703801 2.277100
v 0.142300 -14.378301 2.346900
v 0.128300 -14.233600 2.377900
v 0.118800 -10.091300 2.424500
v 0.095900 1.757100 2.440000
v 0.068500 9.607800 2.440000
v 0.041000 17.458500 2.440000
v -0.013800 33.159801 2.440000
v 0.011400 33.159801 2.440000
v 1.156400 40.567001 0.730200
v 1.181600 40.567001 0.730200
v 0.783100 38.097900 1.300100
v 0.571300 36.863400 1.585100
v 1.197400 40.567001 0.737800
v 0.596500 36.863400 1.585100
v 0.138800 34.085701 2.226300
v 0.615400 36.863400 1.590200
v 0.409900 35.628899 1.870100
v 1.194300 40.567001 0.760700
v 0.808400 38.097900 1.320400
v 1.181700 40.567001 0.775900
v 0.609200 36.863400 1.615600
v 0.499100 36.246201 1.778300
v 0.409900 35.628899 1.910700
v 0.393100 35.628899 1.910700
v 0.583900 36.863400 1.615600
v 0.135600 34.085701 2.233900
v 1.169000 40.567001 0.760700
v 0.774800 38.097900 1.320400
v 0.916600 -14.810601 2.215400
v 0.927400 -14.810601 2.241500
v 0.914300 -14.507199 2.305900
v 0.902400 -14.355500 2.325000
v 0.938200 -14.810601 2.254600
v 0.913200 -14.355500 2.351100
v 0.849800 -8.131600 2.407200
v 0.921600 -14.279599 2.386800
v 0.912000 -14.203801 2.396300
v 0.865500 -7.686299 2.461800
v 0.873400 -10.054500 2.442400
v 0.783600 1.786400 2.452000
v 0.720500 9.629700 2.434600
v 0.731300 9.629700 2.460700
v 0.597400 27.277302 2.441100
v 0.742100 9.629700 2.478100
v 0.679000 17.473101 2.469400
v 0.574400 33.159801 2.473800
v 0.563600 33.159801 2.460700
v 0.805200 1.786400 2.469400
v 0.752900 9.629700 2.460700
v 0.893200 -10.054500 2.446800
v 0.906300 -10.791900 2.417600
v 0.926400 -14.203801 2.396300
v 0.934800 -14.355500 2.351100
v 0.943100 -14.507199 2.305900
v 0.942600 -14.431300 2.311100
v 0.949000 -14.810601 2.241500
v 0.951700 -14.810601 2.222000
v 0.938200 -14.810601 2.215400
v 0.935900 -14.507199 2.288500
v 0.918500 -14.696801 2.242800
v 0.924000 -14.355500 2.325000
v 0.912000 -14.203801 2.361500
v 0.884200 -10.054500 2.416300
v 0.805200 1.786400 2.434600
v 0.758300 9.629700 2.439000
v 0.742100 9.629700 2.434600
v 0.587900 33.159801 2.441100
v 0.679000 17.473101 2.434600
v 0.552800 33.159801 2.434600
v 0.574400 33.159801 2.434600
v 1.052300 38.249100 1.327100
v 1.073900 38.249100 1.327100
v 0.900200 36.552700 1.696200
v 0.802500 35.704498 1.880800
v 1.087400 38.249100 1.333600
v 0.824100 35.704498 1.880800
v 0.620600 33.796001 2.296200
v 0.840300 35.704498 1.885200
v 0.748100 34.856300 2.065400
v 1.084700 38.249100 1.353100
v 0.921800 36.552700 1.713600
v 1.073900 38.249100 1.366200
v 0.834900 35.704498 1.906900
v 0.824100 35.704498 1.924300
v 0.748100 34.856300 2.100200
v 0.585200 33.159801 2.460700
v 1.063100 38.249100 1.353100
v 0.900200 36.552700 1.731000
v 0.992600 37.612900 1.472000
v 0.813300 35.704498 1.906900
v 0.726500 34.856300 2.082800
v -0.674100 -14.805501 2.248300
v -0.659700 -14.805501 2.283100
v -0.670400 -14.531999 2.334200
v -0.683000 -14.395200 2.342300
v -0.645300 -14.805501 2.300500
v -0.668500 -14.395200 2.377200
v -0.675700 -8.194400 2.412900
v -0.654200 -14.395200 2.400400
v -0.666700 -14.258500 2.420100
v -0.651100 -9.695700 2.475700
v -0.666700 -10.124600 2.455500
v -0.645100 1.730000 2.459600
v -0.636100 9.587400 2.436400
v -0.621700 9.587400 2.471200
v -0.590700 27.266701 2.445100
v -0.607300 9.587400 2.494400
v -0.598300 17.444901 2.482800
v -0.630800 -14.805501 2.283100
v -0.641600 -14.531999 2.357400
v -0.627200 -14.805501 2.257000
v -0.639700 -14.395200 2.377200
v -0.632500 -14.395200 2.348100
v -0.637900 -14.258500 2.396900
v -0.629500 -9.230100 2.428300
v -0.637900 -10.124600 2.455500
v -0.616300 1.730000 2.482800
v -0.592900 9.587400 2.471200
v -0.576400 13.516200 2.442200
v -0.569500 17.444901 2.459600
v -0.645300 -14.805501 2.248300
v -0.641600 -14.531999 2.311000
v -0.669100 -14.702901 2.271800
v -0.654200 -14.395200 2.342300
v -0.666700 -14.258500 2.373700
v -0.657100 -10.124600 2.420700
v -0.635500 1.730000 2.436400
v -0.607300 9.587400 2.436400
v -0.587100 27.266701 2.436400
v -0.579100 17.444901 2.436400
v 0.700600 17.473101 2.452000
v 0.964500 35.919399 1.875900
v 1.017600 34.999500 2.056800
v 1.724800 -14.812299 2.246800
v 1.708200 -14.493600 2.304000
v -1.217100 17.429100 2.432800
# 1751 positions

vt 0.670679 0.370175
vt 0.670667 0.386924
vt 0.177967 0.547906
vt 0.610763 0.370124
vt 0.610750 0.386876
vt 0.177967 0.487989
vt 0.175533 0.487990
vt 0.175533 0.547907
vt 0.166488 0.547918
vt 0.166488 0.488002
vt 0.162837 0.488006
vt 0.162837 0.547922
vt 0.156576 0.488014
vt 0.156576 0.547930
vt 0.149793 0.488022
vt 0.149793 0.547939
vt 0.144750 0.488033
vt 0.426610 0.515958
vt 0.144750 0.547950
vt 0.486527 0.515909
vt 0.426621 0.522043
vt 0.486537 0.521984
vt 0.426630 0.528124
vt 0.486547 0.528061
vt 0.426636 0.534607
vt 0.486553 0.534546
vt 0.426638 0.542304
vt 0.486554 0.542248
vt 0.426638 0.550000
vt 0.486554 0.549952
vt 0.426639 0.556347
vt 0.486555 0.556302
vt 0.426641 0.561750
vt 0.486558 0.561706
vt 0.426649 0.567020
vt 0.486566 0.566973
vt 0.426663 0.571617
vt 0.809908 0.209534
vt 0.486580 0.571563
vt 0.809908 0.269451
vt 0.805908 0.209555
vt 0.805908 0.269471
vt 0.800169 0.209584
vt 0.800169 0.269501
vt 0.793560 0.209615
vt 0.793560 0.269532
vt 0.785213 0.209653
vt 0.785213 0.269569
vt 0.774777 0.209695
vt 0.774777 0.269612
vt 0.763300 0.209735
vt 0.763300 0.269651
vt 0.751821 0.209770
vt 0.751821 0.269686
vt 0.741734 0.209798
vt 0.741734 0.269715
vt 0.734951 0.209819
vt 0.734951 0.269735
vt 0.729733 0.209839
vt 0.729733 0.269755
vt 0.724691 0.209861
vt 0.724691 0.269777
vt 0.718082 0.209900
vt 0.718082 0.269817
vt 0.708516 0.209968
vt 0.708516 0.269884
vt 0.696516 0.210068
vt 0.696516 0.269984
vt 0.682430 0.210202
vt 0.682430 0.270117
vt 0.667647 0.210355
vt 0.667647 0.270270
vt 0.652690 0.210511
vt 0.652690 0.270425
vt 0.637907 0.210662
vt 0.637907 0.270576
vt 0.622950 0.210806
vt 0.622950 0.270720
vt 0.608167 0.210938
vt 0.608167 0.270851
vt 0.593212 0.211051
vt 0.593212 0.270964
vt 0.578429 0.211138
vt 0.578429 0.271051
vt 0.563472 0.211196
vt 0.563472 0.271107
vt 0.548689 0.211209
vt 0.548689 0.271120
vt 0.533733 0.211173
vt 0.533733 0.271083
vt 0.519993 0.211059
vt 0.132716 0.365794
vt 0.519993 0.270969
vt 0.072807 0.366701
vt 0.132919 0.382660
vt 0.073009 0.383601
vt 0.133181 0.401285
vt 0.073272 0.402252
vt 0.133457 0.419241
vt 0.073548 0.420223
vt 0.133739 0.436660
vt 0.073830 0.437650
vt 0.134026 0.454081
vt 0.074116 0.455075
vt 0.134316 0.471639
vt 0.670688 0.361124
vt 0.610771 0.361074
vt 0.670700 0.346399
vt 0.610783 0.346349
vt 0.670712 0.330053
vt 0.610796 0.330004
vt 0.670719 0.316137
vt 0.610802 0.316094
vt 0.670720 0.304246
vt 0.610803 0.304211
vt 0.670712 0.294110
vt 0.610796 0.294086
vt 0.670695 0.285727
vt 0.610779 0.285719
vt 0.593350 0.776472
vt 0.670669 0.278964
vt 0.600132 0.716582
vt 0.600132 0.776499
vt 0.607611 0.716616
vt 0.607611 0.776533
vt 0.614915 0.716651
vt 0.614915 0.776568
vt 0.622393 0.716688
vt 0.622393 0.776605
vt 0.629872 0.716723
vt 0.629872 0.776640
vt 0.638394 0.716762
vt 0.638394 0.776678
vt 0.649176 0.716805
vt 0.649176 0.776721
vt 0.660133 0.716843
vt 0.660133 0.776760
vt 0.669003 0.716872
vt 0.669003 0.776788
vt 0.676481 0.716893
vt 0.676481 0.776810
vt 0.683611 0.716913
vt 0.683611 0.776829
vt 0.690394 0.716934
vt 0.690394 0.776851
vt 0.696307 0.716957
vt 0.696307 0.776873
vt 0.701873 0.716983
vt 0.701873 0.776899
vt 0.707090 0.717011
vt 0.707090 0.776927
vt 0.712829 0.717049
vt 0.712829 0.776965
vt 0.719612 0.717103
vt 0.719612 0.777019
vt 0.729003 0.717186
vt 0.729003 0.777102
vt 0.463104 0.419689
vt 0.226567 0.351186
vt 0.115783 0.248933
vt 0.463104 0.475300
vt 0.282178 0.350824
vt 0.217584 0.005000
vt 0.475211 0.419807
vt 0.068096 0.005352
vt 0.127891 0.240393
vt 0.475211 0.475418
vt 0.229691 0.013505
vt 0.012485 0.005750
vt 0.742046 0.717313
vt 0.742046 0.777228
vt 0.756829 0.717466
vt 0.756829 0.777380
vt 0.771786 0.717621
vt 0.771786 0.777536
vt 0.786568 0.717772
vt 0.786568 0.777686
vt 0.801525 0.717917
vt 0.801525 0.777831
vt 0.816308 0.718048
vt 0.816308 0.777961
vt 0.831264 0.718162
vt 0.831264 0.778074
vt 0.846047 0.718249
vt 0.846047 0.778161
vt 0.861004 0.718305
vt 0.861004 0.778218
vt 0.875787 0.718320
vt 0.875787 0.778231
vt 0.890744 0.718283
vt 0.890744 0.778193
vt 0.904483 0.718169
vt 0.076006 0.578356
vt 0.904483 0.778078
vt 0.135916 0.577450
vt 0.075804 0.561486
vt 0.135713 0.560546
vt 0.075541 0.542858
vt 0.135451 0.541891
vt 0.075265 0.524900
vt 0.135173 0.523918
vt 0.074984 0.507480
vt 0.134892 0.506490
vt 0.074697 0.490058
vt 0.134606 0.489064
vt 0.074408 0.472634
vt 0.070871 0.367134
vt 0.520515 0.272904
vt 0.247897 0.035261
vt 0.534254 0.273015
vt 0.260480 0.049000
vt 0.549037 0.273054
vt 0.269551 0.063782
vt 0.268458 0.064304
vt 0.275651 0.078565
vt 0.563819 0.273040
vt 0.274289 0.078914
vt 0.277687 0.093522
vt 0.230309 0.024652
vt 0.259521 0.049696
vt 0.246939 0.036131
vt 0.578429 0.272985
vt 0.278915 0.093175
vt 0.280151 0.107957
vt 0.593212 0.272900
vt 0.278790 0.107957
vt 0.277731 0.122566
vt 0.274781 0.137174
vt 0.211926 0.015783
vt 0.194359 0.010739
vt 0.194643 0.009347
vt 0.071608 0.420389
vt 0.177067 0.008131
vt 0.177216 0.006739
vt 0.071889 0.437816
vt 0.159790 0.005348
vt 0.072175 0.455242
vt 0.072464 0.472666
vt 0.142366 0.005000
vt 0.607994 0.272789
vt 0.279093 0.122740
vt 0.276007 0.137523
vt 0.622777 0.272660
vt 0.269805 0.151957
vt 0.637559 0.272516
vt 0.271030 0.152305
vt 0.264433 0.167262
vt 0.652516 0.272365
vt 0.263209 0.166566
vt 0.254990 0.181349
vt 0.150767 0.222567
vt 0.376435 0.401075
vt 0.245290 0.196132
vt 0.158474 0.225176
vt 0.235850 0.210044
vt 0.165366 0.229523
vt 0.376514 0.415674
vt 0.228303 0.222393
vt 0.171183 0.235262
vt 0.530952 0.064894
vt 0.376538 0.421491
vt 0.223184 0.232306
vt 0.175515 0.242219
vt 0.523996 0.064883
vt 0.220763 0.239088
vt 0.178228 0.249871
vt 0.516343 0.064883
vt 0.219960 0.244479
vt 0.179050 0.257871
vt 0.508344 0.064893
vt 0.220103 0.249871
vt 0.178251 0.266045
vt 0.500170 0.064910
vt 0.221464 0.257001
vt 0.224721 0.267088
vt 0.225940 0.266741
vt 0.751995 0.271628
vt 0.228520 0.278567
vt 0.229873 0.278219
vt 0.763473 0.271593
vt 0.233131 0.289697
vt 0.774952 0.271553
vt 0.785386 0.271511
vt 0.235442 0.300132
vt 0.667298 0.272211
vt 0.256079 0.182044
vt 0.246374 0.196827
vt 0.682081 0.272059
vt 0.695995 0.271927
vt 0.236938 0.210740
vt 0.229526 0.222914
vt 0.708169 0.271827
vt 0.717908 0.271758
vt 0.224406 0.232654
vt 0.221983 0.239262
vt 0.724517 0.271719
vt 0.221316 0.244479
vt 0.729733 0.271696
vt 0.221458 0.249697
vt 0.734951 0.271677
vt 0.741908 0.271655
vt 0.222819 0.256654
vt 0.071334 0.402552
vt 0.212480 0.014565
vt 0.071075 0.384034
vt 0.230997 0.023435
vt 0.175560 0.273697
vt 0.492517 0.064933
vt 0.186096 0.281415
vt 0.215157 0.284087
vt 0.195473 0.306895
vt 0.231913 0.290045
vt 0.192646 0.320132
vt 0.200620 0.322045
vt 0.234225 0.300132
vt 0.208323 0.324306
vt 0.234777 0.308132
vt 0.214403 0.325697
vt 0.233974 0.314393
vt 0.219536 0.325872
vt 0.231686 0.319436
vt 0.224264 0.325176
vt 0.228314 0.323089
vt 0.224672 0.326393
vt 0.488513 0.566700
vt 0.229126 0.324132
vt 0.488526 0.571155
vt 0.809386 0.271397
vt 0.805386 0.271417
vt 0.232768 0.320132
vt 0.799995 0.271445
vt 0.235192 0.314741
vt 0.236129 0.308306
vt 0.793560 0.271475
vt 0.171247 0.280654
vt 0.151713 0.365804
vt 0.485560 0.064958
vt 0.185757 0.319785
vt 0.165447 0.286393
vt 0.151737 0.371604
vt 0.179274 0.321002
vt 0.158564 0.290741
vt 0.151759 0.378487
vt 0.172660 0.324481
vt 0.150867 0.293350
vt 0.151780 0.386184
vt 0.167535 0.330046
vt 0.142764 0.294219
vt 0.151800 0.394287
vt 0.165654 0.337176
vt 0.134657 0.293350
vt 0.151819 0.402394
vt 0.140018 0.358219
vt 0.125563 0.358045
vt 0.125429 0.359437
vt 0.672643 0.346400
vt 0.109352 0.357523
vt 0.109218 0.358741
vt 0.672656 0.330188
vt 0.095302 0.357002
vt 0.672662 0.316273
vt 0.672662 0.304517
vt 0.083546 0.354219
vt 0.127088 0.290741
vt 0.151840 0.409963
vt 0.095571 0.355785
vt 0.083949 0.353003
vt 0.073544 0.350393
vt 0.672655 0.294515
vt 0.672639 0.286133
vt 0.065162 0.345350
vt 0.593871 0.714612
vt 0.120058 0.286393
vt 0.290922 0.359892
vt 0.151863 0.416993
vt 0.074218 0.349176
vt 0.066106 0.344307
vt 0.058534 0.338742
vt 0.600480 0.714639
vt 0.607959 0.714673
vt 0.053525 0.331263
vt 0.615263 0.714708
vt 0.050543 0.323959
vt 0.054739 0.330741
vt 0.059478 0.337871
vt 0.051757 0.323610
vt 0.050127 0.316480
vt 0.048912 0.316654
vt 0.622567 0.714743
vt 0.629872 0.714777
vt 0.048362 0.309349
vt 0.049575 0.309349
vt 0.114377 0.280654
vt 0.285183 0.359869
vt 0.050375 0.301175
vt 0.053061 0.290393
vt 0.051713 0.290219
vt 0.649002 0.714858
vt 0.056287 0.279610
vt 0.055074 0.279262
vt 0.659959 0.714895
vt 0.058035 0.270393
vt 0.668828 0.714924
vt 0.638220 0.714814
vt 0.049161 0.301001
vt 0.219675 0.327263
vt 0.488505 0.561703
vt 0.214406 0.326915
vt 0.488502 0.556434
vt 0.488501 0.550083
vt 0.208055 0.325697
vt 0.488501 0.542381
vt 0.200352 0.323437
vt 0.488499 0.534543
vt 0.192514 0.321523
vt 0.488493 0.527923
vt 0.185894 0.321002
vt 0.488483 0.521846
vt 0.179818 0.322393
vt 0.173474 0.325697
vt 0.488472 0.515502
vt 0.144228 0.549895
vt 0.149271 0.549884
vt 0.168618 0.330741
vt 0.166871 0.337698
vt 0.156228 0.549875
vt 0.165393 0.343611
vt 0.148663 0.358219
vt 0.165398 0.347263
vt 0.163926 0.357523
vt 0.165409 0.355437
vt 0.166626 0.356481
vt 0.175011 0.549853
vt 0.166615 0.347785
vt 0.166315 0.549863
vt 0.166744 0.343958
vt 0.162489 0.549867
vt 0.110044 0.273697
vt 0.278226 0.359844
vt 0.059247 0.270741
vt 0.061803 0.263088
vt 0.060456 0.262914
vt 0.676307 0.714945
vt 0.062472 0.255610
vt 0.683611 0.714966
vt 0.690394 0.714986
vt 0.063814 0.248827
vt 0.696481 0.715009
vt 0.063941 0.242740
vt 0.107331 0.266045
vt 0.270574 0.359821
vt 0.063819 0.255784
vt 0.065025 0.248827
vt 0.106374 0.257871
vt 0.262400 0.359803
vt 0.107309 0.249871
vt 0.254400 0.359793
vt 0.065152 0.242740
vt 0.110000 0.242219
vt 0.246748 0.359793
vt 0.064333 0.237001
vt 0.062975 0.231436
vt 0.061629 0.231958
vt 0.707264 0.715063
vt 0.060265 0.225523
vt 0.059054 0.226045
vt 0.713177 0.715102
vt 0.054723 0.219262
vt 0.719960 0.715156
vt 0.729350 0.715239
vt 0.048226 0.209871
vt 0.063122 0.237175
vt 0.702046 0.715035
vt 0.114312 0.235262
vt 0.239792 0.359805
vt 0.119978 0.229523
vt 0.376261 0.370286
vt 0.234052 0.359828
vt 0.055797 0.218567
vt 0.049300 0.209175
vt 0.039023 0.196827
vt 0.742395 0.715365
vt 0.757177 0.715518
vt 0.029277 0.182044
vt 0.771960 0.715672
vt 0.020882 0.167262
vt 0.030350 0.181349
vt 0.040096 0.196132
vt 0.126997 0.225176
vt 0.376297 0.377304
vt 0.134557 0.222567
vt 0.376339 0.384865
vt 0.718937 0.493757
vt 0.090480 0.166566
vt 0.540952 0.582870
vt 0.015456 0.151957
vt 0.014243 0.152305
vt 0.786917 0.715824
vt 0.009226 0.137522
vt 0.801700 0.715966
vt 0.816482 0.716097
vt 0.006100 0.122740
vt 0.831264 0.716209
vt 0.005000 0.107957
vt 0.846047 0.716294
vt 0.006197 0.093175
vt 0.007402 0.093522
vt 0.009419 0.078565
vt 0.860656 0.716350
vt 0.010758 0.078914
vt 0.016547 0.064304
vt 0.054591 0.024652
vt 0.006340 0.107957
vt 0.007440 0.122566
vt 0.875439 0.716363
vt 0.015479 0.063782
vt 0.024509 0.049000
vt 0.890222 0.716325
vt 0.025442 0.049696
vt 0.037986 0.036131
vt 0.053921 0.023435
vt 0.073849 0.561111
vt 0.072940 0.015783
vt 0.072414 0.014565
vt 0.073590 0.542618
vt 0.090236 0.009347
vt 0.073316 0.524796
vt 0.073036 0.507376
vt 0.107656 0.006739
vt 0.072750 0.489954
vt 0.125078 0.005348
vt 0.142365 0.006391
vt 0.159777 0.006739
vt 0.142665 0.221523
vt 0.125064 0.006739
vt 0.107787 0.010768
vt 0.696755 0.600134
vt 0.692167 0.281958
vt 0.090493 0.010739
vt 0.010436 0.137174
vt 0.697993 0.453078
vt 0.113613 0.181887
vt 0.677186 0.422348
vt 0.092805 0.151158
vt 0.556362 0.585181
vt 0.683304 0.335409
vt 0.643303 0.591286
vt 0.672632 0.360989
vt 0.140019 0.359611
vt 0.672624 0.369905
vt 0.148934 0.359611
vt 0.165279 0.358741
vt 0.672612 0.386249
vt 0.177271 0.549851
vt 0.903961 0.716216
vt 0.037053 0.035261
vt 0.074053 0.577979
vt 0.890222 0.780611
vt 0.494000 0.320103
vt 0.875439 0.780649
vt 0.503078 0.305320
vt 0.501983 0.304798
vt 0.509183 0.290537
vt 0.860656 0.780636
vt 0.507819 0.290189
vt 0.511223 0.275580
vt 0.463817 0.344451
vt 0.493040 0.319407
vt 0.480452 0.332972
vt 0.481413 0.333842
vt 0.903961 0.780500
vt 0.138337 0.577009
vt 0.138134 0.560103
vt 0.464508 0.345667
vt 0.445431 0.353320
vt 0.508335 0.231928
vt 0.427863 0.358363
vt 0.503364 0.217145
vt 0.410570 0.360972
vt 0.496773 0.202536
vt 0.488561 0.187753
vt 0.498000 0.201841
vt 0.771960 0.779961
vt 0.489652 0.187058
vt 0.757177 0.779808
vt 0.742395 0.779655
vt 0.479952 0.172275
vt 0.511279 0.246537
vt 0.512332 0.261145
vt 0.513695 0.261145
vt 0.831264 0.780496
vt 0.512452 0.275928
vt 0.846047 0.780581
vt 0.509562 0.231581
vt 0.801700 0.780255
vt 0.512642 0.246362
vt 0.816482 0.780385
vt 0.786917 0.780112
vt 0.504592 0.216798
vt 0.478862 0.172971
vt 0.393278 0.362364
vt 0.375989 0.362711
vt 0.393294 0.363755
vt 0.137033 0.488889
vt 0.376004 0.364102
vt 0.136746 0.471600
vt 0.136458 0.454177
vt 0.358582 0.363755
vt 0.469701 0.159927
vt 0.273673 0.172971
vt 0.358565 0.362364
vt 0.341280 0.360972
vt 0.341161 0.362364
vt 0.136172 0.436756
vt 0.323741 0.359755
vt 0.135891 0.419337
vt 0.263920 0.187753
vt 0.272601 0.172275
vt 0.682081 0.207770
vt 0.283153 0.159058
vt 0.282081 0.158362
vt 0.695995 0.207637
vt 0.289531 0.146188
vt 0.708169 0.207537
vt 0.262849 0.187058
vt 0.667298 0.207921
vt 0.254449 0.201841
vt 0.652516 0.208075
vt 0.255654 0.202536
vt 0.249009 0.217145
vt 0.323996 0.358363
vt 0.306446 0.353320
vt 0.305921 0.354537
vt 0.135617 0.401517
vt 0.287432 0.345667
vt 0.135358 0.383028
vt 0.135155 0.366164
vt 0.520515 0.208620
vt 0.270568 0.333842
vt 0.534254 0.208730
vt 0.258030 0.320103
vt 0.271499 0.332972
vt 0.258960 0.319407
vt 0.288092 0.344451
vt 0.250071 0.304798
vt 0.240937 0.275580
vt 0.244288 0.290189
vt 0.242951 0.290537
vt 0.563819 0.208754
vt 0.249005 0.305320
vt 0.549037 0.208768
vt 0.243985 0.231928
vt 0.242782 0.231580
vt 0.622777 0.208371
vt 0.247804 0.216798
vt 0.637559 0.208227
vt 0.240988 0.246537
vt 0.239881 0.261145
vt 0.238543 0.261145
vt 0.593212 0.208612
vt 0.239735 0.275928
vt 0.578429 0.208698
vt 0.239649 0.246362
vt 0.607994 0.208502
vt 0.137319 0.506316
vt 0.410720 0.362364
vt 0.137599 0.523745
vt 0.428149 0.359755
vt 0.137874 0.541582
vt 0.445986 0.354537
vt 0.717908 0.207467
vt 0.294682 0.136449
vt 0.724517 0.207429
vt 0.297125 0.129840
vt 0.295891 0.136796
vt 0.298335 0.130014
vt 0.456099 0.137667
vt 0.454758 0.132101
vt 0.457457 0.137145
vt 0.707264 0.779354
vt 0.455980 0.131927
vt 0.702046 0.779325
vt 0.696481 0.779300
vt 0.455179 0.126362
vt 0.290740 0.146710
vt 0.458790 0.143579
vt 0.463235 0.150536
vt 0.464323 0.149840
vt 0.719960 0.779447
vt 0.470791 0.159231
vt 0.729350 0.779529
vt 0.729733 0.207405
vt 0.297810 0.124623
vt 0.299155 0.124623
vt 0.297684 0.119406
vt 0.734951 0.207385
vt 0.299030 0.119231
vt 0.297692 0.112101
vt 0.340090 0.048101
vt 0.333603 0.049318
vt 0.333471 0.048101
vt 0.424201 0.527993
vt 0.326715 0.048970
vt 0.326853 0.047579
vt 0.424207 0.534611
vt 0.319022 0.045665
vt 0.424210 0.542442
vt 0.453959 0.126362
vt 0.454105 0.120275
vt 0.455326 0.120275
vt 0.690394 0.779277
vt 0.683611 0.779257
vt 0.456689 0.113492
vt 0.676307 0.779236
vt 0.458727 0.106188
vt 0.457373 0.106014
vt 0.455334 0.113319
vt 0.346716 0.044622
vt 0.713177 0.779393
vt 0.460012 0.143058
vt 0.424210 0.550138
vt 0.311326 0.043405
vt 0.311053 0.044796
vt 0.304980 0.042187
vt 0.424211 0.556484
vt 0.304976 0.043405
vt 0.299844 0.043231
vt 0.285369 0.054710
vt 0.287674 0.049666
vt 0.286596 0.048970
vt 0.805386 0.207126
vt 0.291058 0.046014
vt 0.290250 0.044970
vt 0.424234 0.571214
vt 0.809386 0.207105
vt 0.294712 0.042709
vt 0.424221 0.566752
vt 0.295114 0.043927
vt 0.299711 0.041840
vt 0.424213 0.561753
vt 0.741908 0.207364
vt 0.296346 0.112449
vt 0.751995 0.207336
vt 0.293256 0.102362
vt 0.294468 0.102014
vt 0.290707 0.090535
vt 0.287351 0.079057
vt 0.318748 0.047057
vt 0.285072 0.068971
vt 0.284546 0.060971
vt 0.763473 0.207302
vt 0.289359 0.090884
vt 0.286137 0.079405
vt 0.774952 0.207261
vt 0.785386 0.207220
vt 0.283858 0.068971
vt 0.793560 0.207184
vt 0.283197 0.060797
vt 0.284155 0.054361
vt 0.799995 0.207153
vt 0.424192 0.521911
vt 0.339554 0.046710
vt 0.424180 0.515557
vt 0.345908 0.043405
vt 0.144228 0.485603
vt 0.351858 0.039057
vt 0.459954 0.098362
vt 0.461172 0.098709
vt 0.668828 0.779215
vt 0.462942 0.089493
vt 0.464161 0.089840
vt 0.659959 0.779187
vt 0.467558 0.078883
vt 0.649002 0.779148
vt 0.149271 0.485592
vt 0.350780 0.038362
vt 0.352549 0.031404
vt 0.156228 0.485583
vt 0.353763 0.031926
vt 0.354045 0.025492
vt 0.370822 0.010883
vt 0.354051 0.021839
vt 0.355556 0.011579
vt 0.354067 0.013665
vt 0.352852 0.012622
vt 0.175011 0.485561
vt 0.352836 0.021318
vt 0.166315 0.485572
vt 0.352694 0.025144
vt 0.162489 0.485576
vt 0.410131 0.011579
vt 0.393922 0.011057
vt 0.394059 0.009665
vt 0.608352 0.346348
vt 0.379468 0.010883
vt 0.379469 0.009491
vt 0.608340 0.360937
vt 0.370554 0.009491
vt 0.608333 0.369853
vt 0.354207 0.010361
vt 0.608321 0.386200
vt 0.177271 0.485560
vt 0.608364 0.330139
vt 0.410268 0.010361
vt 0.608370 0.316228
vt 0.424178 0.012100
vt 0.423906 0.013318
vt 0.466204 0.078710
vt 0.468925 0.067927
vt 0.470143 0.068101
vt 0.638220 0.779106
vt 0.470969 0.059753
vt 0.629872 0.779069
vt 0.469751 0.059753
vt 0.469223 0.052623
vt 0.445238 0.019927
vt 0.435519 0.016100
vt 0.445915 0.018710
vt 0.608363 0.294491
vt 0.435926 0.014883
vt 0.608370 0.304481
vt 0.622567 0.779035
vt 0.470441 0.052448
vt 0.468833 0.045144
vt 0.615263 0.779000
vt 0.467616 0.045492
vt 0.464656 0.038362
vt 0.459942 0.031231
vt 0.460889 0.030361
vt 0.608320 0.279517
vt 0.600480 0.778931
vt 0.453335 0.024796
vt 0.454281 0.023752
vt 0.608347 0.286125
vt 0.607959 0.778965
vt 0.465874 0.037840
vt 0.505022 0.144228
vt 0.227004 0.370286
vt 0.400227 0.369630
vt 0.786660 0.145197
vt 0.226567 0.651924
vt 0.602684 0.419877
vt 0.505022 0.199774
vt 0.455774 0.368789
vt 0.786660 0.200751
vt 0.547131 0.419952
vt 0.367479 0.651924
vt 0.602494 0.278964
vt 0.542449 0.575019
vt 0.367901 0.370286
vt 0.402364 0.510527
vt 0.824087 0.574043
vt 0.546940 0.279040
vt 0.542449 0.519466
vt 0.457910 0.509685
vt 0.824087 0.518496
vt 0.154781 0.394280
vt 0.154761 0.386176
vt 0.154741 0.378480
vt 0.154718 0.371595
vt 0.154694 0.365794
vt 0.485560 0.067939
vt 0.492517 0.067914
vt 0.500170 0.067892
vt 0.508344 0.067874
vt 0.516343 0.067864
vt 0.523996 0.067864
vt 0.530952 0.067875
vt 0.373557 0.421506
vt 0.373533 0.415691
vt 0.373498 0.408796
vt 0.376478 0.408778
vt 0.373454 0.401093
vt 0.373406 0.392986
vt 0.376388 0.392969
vt 0.373358 0.384883
vt 0.373316 0.377321
vt 0.373280 0.370303
vt 0.234052 0.356847
vt 0.239792 0.356823
vt 0.246748 0.356812
vt 0.254400 0.356812
vt 0.262400 0.356822
vt 0.270574 0.356840
vt 0.278226 0.356862
vt 0.285183 0.356887
vt 0.290922 0.356911
vt 0.154844 0.416984
vt 0.154821 0.409954
vt 0.154801 0.402387
vt 0.729472 0.774954
vt 0.282178 0.351176
vt 0.217584 0.005352
vt 0.729472 0.719343
vt 0.226567 0.351538
vt 0.115783 0.248582
vt 0.741578 0.775072
vt 0.229691 0.013858
vt 0.012485 0.005398
vt 0.741578 0.719461
vt 0.068096 0.005000
vt 0.127891 0.240040
vt 0.857868 0.677124
vt 0.534629 0.625323
vt 0.856717 0.673349
vt 0.861130 0.677124
vt 0.534560 0.628584
vt 0.858636 0.666056
vt 0.183236 0.419388
vt 0.862089 0.665152
vt 0.182771 0.415934
vt 0.855567 0.667024
vt 0.184816 0.422457
vt 0.854991 0.670025
vt 0.853648 0.667508
vt 0.188838 0.424375
vt 0.197951 0.425527
vt 0.197951 0.608367
vt 0.187002 0.607600
vt 0.670423 0.666604
vt 0.197951 0.618535
vt 0.192604 0.618344
vt 0.197951 0.626785
vt 0.299413 0.019412
vt 0.192604 0.626978
vt 0.300188 0.024760
vt 0.291411 0.019412
vt 0.291411 0.025224
vt 0.255011 0.019412
vt 0.321473 0.006497
vt 0.255593 0.024922
vt 0.315965 0.007072
vt 0.185839 0.620070
vt 0.657953 0.663798
vt 0.656418 0.669638
vt 0.650278 0.673349
vt 0.645290 0.669638
vt 0.620157 0.669638
vt 0.646249 0.658602
vt 0.302221 0.032594
vt 0.184770 0.631774
vt 0.638574 0.647792
vt 0.291411 0.033802
vt 0.256431 0.032989
vt 0.307897 0.013212
vt 0.631860 0.612811
vt 0.498921 0.324874
vt 0.390442 0.740063
vt 0.472377 0.410611
vt 0.519844 0.322379
vt 0.472087 0.389689
vt 0.498178 0.329094
vt 0.386222 0.740095
vt 0.519844 0.387610
vt 0.499527 0.387610
vt 0.327705 0.740095
vt 0.519844 0.417732
vt 0.500224 0.417732
vt 0.297584 0.740095
vt 0.505035 0.625323
vt 0.089993 0.740095
vt 0.541487 0.329094
vt 0.561641 0.677124
vt 0.540139 0.387610
vt 0.620157 0.677124
vt 0.539442 0.417732
vt 0.650278 0.677124
vt 0.519844 0.625323
vt 0.864583 0.676253
vt 0.535025 0.632037
vt 0.869381 0.675027
vt 0.537164 0.636835
vt 0.866887 0.663959
vt 0.180631 0.411137
vt 0.870531 0.662990
vt 0.177539 0.407492
vt 0.873025 0.674091
vt 0.540255 0.640479
vt 0.940367 0.645210
vt 0.134910 0.277147
vt 0.174169 0.337656
vt 0.942861 0.656310
vt 0.146010 0.277147
vt 0.543626 0.710315
vt 0.307409 0.024915
vt 0.620157 0.612811
vt 0.321473 0.024915
vt 0.327007 0.007072
vt 0.255593 0.013879
vt 0.335072 0.013212
vt 0.256431 0.005813
vt 0.316002 0.804407
vt 0.335561 0.024915
vt 0.327705 0.804407
vt 0.620157 0.647792
vt 0.390442 0.743870
vt 0.476185 0.410611
vt 0.386222 0.743870
vt 0.327705 0.747581
vt 0.297584 0.743870
vt 0.302571 0.747581
vt 0.301612 0.758617
vt 0.211155 0.631774
vt 0.302221 0.006208
vt 0.289908 0.753421
vt 0.210086 0.620070
vt 0.203321 0.626978
vt 0.300188 0.014042
vt 0.203321 0.618344
vt 0.208923 0.607600
vt 0.277438 0.750614
vt 0.291443 0.747581
vt 0.092871 0.747194
vt 0.091145 0.743870
vt 0.094213 0.749711
vt 0.207087 0.424375
vt 0.145624 0.274590
vt 0.541069 0.711850
vt 0.134522 0.274590
vt 0.176726 0.336121
vt 0.145688 0.271568
vt 0.538047 0.711467
vt 0.134587 0.271568
vt 0.179748 0.336505
vt 0.145140 0.264105
vt 0.530584 0.713769
vt 0.134071 0.264105
vt 0.187211 0.334203
vt 0.144816 0.253365
vt 0.519844 0.715112
vt 0.133748 0.253365
vt 0.197951 0.332859
vt 0.145140 0.242602
vt 0.509081 0.713769
vt 0.134071 0.242602
vt 0.208714 0.334203
vt 0.134587 0.235139
vt 0.216177 0.336505
vt 0.145688 0.235139
vt 0.501618 0.711467
vt 0.134522 0.232118
vt 0.219198 0.336121
vt 0.145624 0.232118
vt 0.498596 0.711850
vt 0.134910 0.229561
vt 0.007494 0.772009
vt 0.221755 0.337656
vt 0.146010 0.229561
vt 0.496040 0.710315
vt 0.005000 0.760909
vt 0.086731 0.740095
vt 0.505106 0.628584
vt 0.089226 0.751163
vt 0.212689 0.419388
vt 0.092295 0.750195
vt 0.211109 0.422457
vt 0.085772 0.752067
vt 0.213154 0.415934
vt 0.083278 0.740966
vt 0.504641 0.632037
vt 0.078481 0.742192
vt 0.502502 0.636835
vt 0.080975 0.753260
vt 0.215293 0.411137
vt 0.077330 0.754229
vt 0.218384 0.407492
vt 0.074836 0.743128
vt 0.499410 0.640479
vt 0.557420 0.673349
vt 0.476185 0.368789
vt 0.561641 0.673349
vt 0.557420 0.677156
vt 0.472377 0.368789
vt 0.540744 0.324874
vt 0.197951 0.407492
vt 0.197951 0.411329
vt 0.197951 0.416126
vt 0.197951 0.419579
vt 0.197951 0.422457
vt 0.291411 0.013577
vt 0.291411 0.005000
vt 0.309287 0.769427
vt 0.327705 0.769427
vt 0.476185 0.389689
vt 0.519844 0.628584
vt 0.230695 0.248638
vt 0.392358 0.431242
vt 0.230695 0.246029
vt 0.389748 0.431242
vt 0.526101 0.097819
vt 0.228064 0.248638
vt 0.054403 0.430169
vt 0.228064 0.246029
vt 0.525981 0.100450
vt 0.057014 0.430169
vt 0.284953 0.119890
vt 0.389748 0.382262
vt 0.575081 0.100450
vt 0.284953 0.117280
vt 0.392358 0.382262
vt 0.287584 0.119890
vt 0.574962 0.103082
vt 0.057014 0.479149
vt 0.287584 0.117280
vt 0.054403 0.479149
vt 0.298464 0.359806
vt 0.373376 0.612630
vt 0.296929 0.361166
vt 0.170915 0.413701
vt 0.373401 0.614165
vt 0.299780 0.359806
vt 0.373280 0.611314
vt 0.612811 0.440762
vt 0.300219 0.361166
vt 0.614172 0.440713
vt 0.296929 0.362403
vt 0.479541 0.359806
vt 0.169678 0.413701
vt 0.300219 0.362403
vt 0.479614 0.363096
vt 0.615407 0.440713
vt 0.449726 0.359806
vt 0.065178 0.355315
vt 0.169678 0.443516
vt 0.449631 0.363096
vt 0.061889 0.355315
vt 0.615407 0.410730
vt 0.063643 0.357911
vt 0.403262 0.612630
vt 0.062328 0.357911
vt 0.403334 0.611314
vt 0.612811 0.410707
vt 0.065178 0.356552
vt 0.170915 0.443516
vt 0.403215 0.614165
vt 0.061889 0.356552
vt 0.614172 0.410730
vt 0.147504 0.608320
vt 0.043924 0.597967
vt 0.582681 0.448133
vt 0.145685 0.608320
vt 0.581373 0.449953
vt 0.148642 0.609726
vt 0.045329 0.598326
vt 0.145685 0.609726
vt 0.145685 0.611607
vt 0.142830 0.611607
vt 0.385540 0.540973
vt 0.144466 0.613387
vt 0.383759 0.541521
vt 0.383759 0.542955
vt 0.595927 0.094824
vt 0.143866 0.608320
vt 0.388827 0.541311
vt 0.582681 0.451772
vt 0.142731 0.609726
vt 0.387420 0.540952
vt 0.385540 0.544347
vt 0.596941 0.096605
vt 0.594424 0.094824
vt 0.048991 0.596323
vt 0.388827 0.543461
vt 0.596300 0.099891
vt 0.584831 0.451076
vt 0.387420 0.544431
vt 0.597001 0.098485
vt 0.593410 0.096605
vt 0.047211 0.594931
vt 0.048991 0.597757
vt 0.594051 0.099891
vt 0.043924 0.595816
vt 0.584831 0.448827
vt 0.593350 0.098485
vt 0.045329 0.594847
vt 0.047211 0.598305
vt 0.148543 0.611607
vt 0.048991 0.598642
vt 0.145685 0.613387
vt 0.584943 0.597757
vt 0.583163 0.598284
vt 0.078180 0.599630
vt 0.584943 0.598643
vt 0.075322 0.601411
vt 0.075322 0.599630
vt 0.074103 0.601411
vt 0.576882 0.474153
vt 0.072467 0.599630
vt 0.578662 0.473626
vt 0.576882 0.475587
vt 0.217168 0.593350
vt 0.578662 0.476978
vt 0.218181 0.595130
vt 0.215664 0.593350
vt 0.584943 0.596323
vt 0.214651 0.595130
vt 0.583163 0.594932
vt 0.078280 0.597750
vt 0.581281 0.598327
vt 0.075322 0.597750
vt 0.072368 0.597750
vt 0.580542 0.473584
vt 0.580542 0.477064
vt 0.218242 0.597010
vt 0.214590 0.597010
vt 0.581281 0.594847
vt 0.075322 0.596344
vt 0.496040 0.159520
vt 0.073503 0.596344
vt 0.581949 0.473963
vt 0.497368 0.161340
vt 0.581949 0.476093
vt 0.217541 0.598417
vt 0.499498 0.160644
vt 0.215291 0.598417
vt 0.579876 0.595817
vt 0.499498 0.158395
vt 0.579876 0.597947
vt 0.497368 0.157701
vt 0.077141 0.596344
vt 0.090909 0.599254
vt 0.089129 0.599781
vt 0.602156 0.454414
vt 0.090909 0.600139
vt 0.599298 0.456195
vt 0.599298 0.454414
vt 0.598079 0.456195
vt 0.593350 0.596913
vt 0.596443 0.454414
vt 0.595130 0.596385
vt 0.593350 0.598346
vt 0.176747 0.596344
vt 0.595130 0.599738
vt 0.177760 0.598124
vt 0.175244 0.596344
vt 0.090909 0.597820
vt 0.174230 0.598124
vt 0.089129 0.596428
vt 0.602255 0.452534
vt 0.087247 0.599823
vt 0.599298 0.452534
vt 0.596344 0.452534
vt 0.597010 0.596344
vt 0.597010 0.599823
vt 0.177821 0.600005
vt 0.174169 0.600005
vt 0.087247 0.596344
vt 0.599298 0.451128
vt 0.108298 0.586186
vt 0.597479 0.451128
vt 0.598417 0.596723
vt 0.109626 0.588005
vt 0.598417 0.598853
vt 0.177120 0.601411
vt 0.111756 0.587309
vt 0.174870 0.601411
vt 0.085842 0.597313
vt 0.111756 0.585060
vt 0.085842 0.599443
vt 0.109626 0.584367
vt 0.601117 0.451128
vt 0.156486 0.597841
vt 0.600835 0.138366
vt 0.576693 0.509513
vt 0.154667 0.597841
vt 0.575385 0.511333
vt 0.157624 0.599247
vt 0.602240 0.138725
vt 0.154667 0.599247
vt 0.154667 0.601128
vt 0.151812 0.601128
vt 0.117564 0.600877
vt 0.153448 0.602908
vt 0.115783 0.601405
vt 0.115783 0.602839
vt 0.601915 0.500531
vt 0.152848 0.597841
vt 0.120851 0.601194
vt 0.576693 0.513152
vt 0.151713 0.599247
vt 0.119444 0.600835
vt 0.117564 0.604231
vt 0.602929 0.502311
vt 0.600412 0.500531
vt 0.605902 0.136722
vt 0.120851 0.603344
vt 0.602288 0.505598
vt 0.578843 0.512456
vt 0.119444 0.604315
vt 0.602990 0.504192
vt 0.599398 0.502311
vt 0.604122 0.135330
vt 0.605902 0.138155
vt 0.155888 0.602908
vt 0.600039 0.505598
vt 0.600835 0.136216
vt 0.578843 0.510207
vt 0.599338 0.504192
vt 0.602240 0.135245
vt 0.604122 0.138683
vt 0.157525 0.601128
vt 0.607399 0.491464
vt 0.605619 0.492013
vt 0.546764 0.607116
vt 0.607399 0.492350
vt 0.543906 0.608896
vt 0.543906 0.607116
vt 0.542687 0.608896
vt 0.602332 0.604398
vt 0.541051 0.607116
vt 0.604112 0.603850
vt 0.602332 0.605832
vt 0.056981 0.496040
vt 0.604112 0.607224
vt 0.057995 0.497820
vt 0.055478 0.496040
vt 0.607399 0.490031
vt 0.054464 0.497820
vt 0.605619 0.488639
vt 0.546863 0.605235
vt 0.603737 0.492033
vt 0.543906 0.605235
vt 0.540952 0.605235
vt 0.605992 0.603829
vt 0.605992 0.607308
vt 0.058055 0.499701
vt 0.054403 0.499701
vt 0.603737 0.488554
vt 0.543906 0.603829
vt 0.537958 0.294257
vt 0.542087 0.603829
vt 0.607399 0.604187
vt 0.539264 0.296076
vt 0.607399 0.606338
vt 0.057354 0.501107
vt 0.541416 0.295380
vt 0.055104 0.501107
vt 0.602332 0.489524
vt 0.541416 0.293131
vt 0.602332 0.491676
vt 0.539264 0.292438
vt 0.545725 0.603829
vt 0.154667 0.602908
vt 0.048991 0.608236
vt 0.047211 0.608763
vt 0.611138 0.098111
vt 0.048991 0.609121
vt 0.608280 0.099891
vt 0.608280 0.098111
vt 0.607061 0.099891
vt 0.129257 0.605895
vt 0.605425 0.098111
vt 0.131037 0.605368
vt 0.129257 0.607329
vt 0.056981 0.506519
vt 0.131037 0.608721
vt 0.057995 0.508300
vt 0.055478 0.506519
vt 0.048991 0.606802
vt 0.054464 0.508300
vt 0.047211 0.605410
vt 0.611237 0.096231
vt 0.045329 0.608805
vt 0.608280 0.096231
vt 0.605326 0.096231
vt 0.132917 0.605326
vt 0.132917 0.608805
vt 0.058055 0.510180
vt 0.054403 0.510180
vt 0.045329 0.605326
vt 0.608280 0.094824
vt 0.272976 0.056222
vt 0.606461 0.094824
vt 0.134324 0.605706
vt 0.274304 0.058042
vt 0.134324 0.607835
vt 0.057354 0.511586
vt 0.276434 0.057346
vt 0.055104 0.511586
vt 0.043924 0.606296
vt 0.276434 0.055097
vt 0.043924 0.608425
vt 0.274304 0.054403
vt 0.610099 0.094824
vt 0.274894 0.056222
vt 0.497958 0.159520
vt 0.539856 0.294257
vt 0.577305 0.511333
vt 0.583271 0.449953
vt 0.110216 0.586186
vt 0.566402 0.607625
vt 0.214590 0.475081
vt 0.585840 0.607625
vt 0.377915 0.605045
vt 0.566402 0.605326
vt 0.383759 0.604618
vt 0.216890 0.475081
vt 0.585840 0.605326
vt 0.375615 0.605045
vt 0.383759 0.585181
vt 0.377915 0.591817
vt 0.375615 0.591817
vt 0.396988 0.583651
vt 0.377915 0.582998
vt 0.375250 0.582998
vt 0.405808 0.581249
vt 0.377915 0.574179
vt 0.373280 0.574179
vt 0.414626 0.576882
vt 0.373280 0.523911
vt 0.464893 0.576882
vt 0.377915 0.523911
vt 0.377915 0.515092
vt 0.375250 0.515092
vt 0.473713 0.581249
vt 0.375615 0.506274
vt 0.482531 0.583651
vt 0.377915 0.506274
vt 0.377915 0.493046
vt 0.464601 0.611314
vt 0.375615 0.493046
vt 0.464601 0.613614
vt 0.495760 0.585181
vt 0.396988 0.604618
vt 0.216890 0.488309
vt 0.405808 0.604618
vt 0.217255 0.497128
vt 0.414626 0.604618
vt 0.219225 0.505947
vt 0.464893 0.604618
vt 0.219225 0.556215
vt 0.473713 0.604618
vt 0.217255 0.565034
vt 0.482531 0.604618
vt 0.216890 0.573853
vt 0.495760 0.604618
vt 0.484039 0.613614
vt 0.216890 0.587080
vt 0.214590 0.488309
vt 0.214590 0.497128
vt 0.214590 0.505947
vt 0.214590 0.556215
vt 0.214590 0.565034
vt 0.214590 0.573853
vt 0.214590 0.587080
vt 0.484039 0.611314
vt 0.169678 0.612811
vt 0.487195 0.479572
vt 0.169678 0.613772
vt 0.486233 0.479572
vt 0.174189 0.612811
vt 0.174189 0.613772
vt 0.591315 0.620686
vt 0.176480 0.612811
vt 0.590355 0.616780
vt 0.591315 0.616780
vt 0.590355 0.612811
vt 0.540952 0.621931
vt 0.591315 0.612811
vt 0.540952 0.620971
vt 0.545463 0.621931
vt 0.545463 0.620971
vt 0.486233 0.487447
vt 0.547754 0.621931
vt 0.487195 0.483478
vt 0.486233 0.483478
vt 0.170680 0.616593
vt 0.483415 0.481369
vt 0.173187 0.616593
vt 0.594137 0.618889
vt 0.594137 0.616780
vt 0.594137 0.614610
vt 0.541954 0.618150
vt 0.544461 0.618150
vt 0.483415 0.485648
vt 0.483415 0.483478
vt 0.169678 0.619474
vt 0.480534 0.479572
vt 0.174189 0.619474
vt 0.597018 0.620686
vt 0.597018 0.616780
vt 0.597018 0.612811
vt 0.540952 0.615269
vt 0.545463 0.615269
vt 0.480534 0.487447
vt 0.480534 0.483478
vt 0.169678 0.620434
vt 0.479572 0.479572
vt 0.470979 0.483361
vt 0.174189 0.620434
vt 0.597978 0.620686
vt 0.470979 0.487872
vt 0.597978 0.616780
vt 0.467072 0.490164
vt 0.597978 0.612811
vt 0.540952 0.614309
vt 0.463104 0.487872
vt 0.545463 0.614309
vt 0.479572 0.487447
vt 0.463104 0.483361
vt 0.479572 0.483478
vt 0.467072 0.481069
vt 0.467072 0.485580
vt 0.520323 0.308497
vt 0.172672 0.449631
vt 0.517192 0.296251
vt 0.266988 0.043940
vt 0.517135 0.309298
vt 0.044274 0.582870
vt 0.174046 0.452818
vt 0.514005 0.297052
vt 0.056517 0.582870
vt 0.268362 0.047128
vt 0.043924 0.586161
vt 0.177337 0.454139
vt 0.056187 0.586161
vt 0.271652 0.048448
vt 0.590365 0.511563
vt 0.276285 0.043940
vt 0.587235 0.499317
vt 0.181969 0.449631
vt 0.593553 0.510762
vt 0.056517 0.589419
vt 0.274911 0.047128
vt 0.590422 0.498516
vt 0.044274 0.589419
vt 0.180595 0.452818
vt 0.520380 0.295432
vt 0.072698 0.590916
vt 0.268362 0.040754
vt 0.524688 0.312382
vt 0.089648 0.590916
vt 0.391682 0.571243
vt 0.072368 0.587626
vt 0.271652 0.039433
vt 0.089319 0.587626
vt 0.388393 0.572563
vt 0.072698 0.584367
vt 0.587177 0.512382
vt 0.274911 0.040754
vt 0.089648 0.584367
vt 0.582870 0.495432
vt 0.385135 0.571243
vt 0.586058 0.494631
vt 0.383759 0.568056
vt 0.593408 0.497749
vt 0.181969 0.455805
vt 0.523200 0.288261
vt 0.132161 0.582870
vt 0.248900 0.332859
vt 0.040930 0.234134
vt 0.132793 0.583968
vt 0.163246 0.250430
vt 0.042027 0.234134
vt 0.125904 0.585744
vt 0.247526 0.339118
vt 0.127164 0.587922
vt 0.164620 0.244803
vt 0.120275 0.589716
vt 0.248900 0.344746
vt 0.107897 0.072368
vt 0.120907 0.590813
vt 0.163246 0.238543
vt 0.106801 0.072368
vt 0.582637 0.099406
vt 0.569995 0.503103
vt 0.145239 0.440648
vt 0.587432 0.095922
vt 0.383358 0.389797
vt 0.569356 0.507898
vt 0.582809 0.097856
vt 0.143689 0.440648
vt 0.566767 0.444639
vt 0.586800 0.094824
vt 0.382262 0.389797
vt 0.567405 0.440648
vt 0.581373 0.097229
vt 0.566767 0.446075
vt 0.382262 0.383759
vt 0.549069 0.444101
vt 0.573445 0.440648
vt 0.383358 0.383759
vt 0.548437 0.443003
vt 0.563317 0.507898
vt 0.586168 0.437654
vt 0.179672 0.442510
vt 0.566767 0.447711
vt 0.581373 0.441156
vt 0.227663 0.358309
vt 0.567405 0.452507
vt 0.585996 0.439222
vt 0.178103 0.442510
vt 0.569995 0.500031
vt 0.582005 0.442253
vt 0.226567 0.358309
vt 0.569356 0.496040
vt 0.587432 0.439832
vt 0.569995 0.501467
vt 0.382262 0.395736
vt 0.175223 0.567899
vt 0.574520 0.490509
vt 0.383358 0.395736
vt 0.144104 0.466009
vt 0.573888 0.489412
vt 0.382262 0.401806
vt 0.169154 0.567899
vt 0.447601 0.005000
vt 0.383358 0.401806
vt 0.448232 0.006098
vt 0.150175 0.466009
vt 0.101147 0.584367
vt 0.168545 0.574962
vt 0.033514 0.357177
vt 0.100945 0.585934
vt 0.150781 0.458113
vt 0.031947 0.357177
vt 0.096321 0.587869
vt 0.383358 0.407712
vt 0.169154 0.579786
vt 0.096954 0.588965
vt 0.382262 0.407712
vt 0.150175 0.454122
vt 0.383358 0.413782
vt 0.175223 0.579786
vt 0.586406 0.483663
vt 0.382262 0.413782
vt 0.144104 0.454122
vt 0.585774 0.482566
vt 0.160696 0.585864
vt 0.164250 0.617966
vt 0.599638 0.438742
vt 0.162037 0.589052
vt 0.160696 0.617970
vt 0.596450 0.439561
vt 0.131084 0.593350
vt 0.160696 0.592009
vt 0.416908 0.545443
vt 0.593494 0.440310
vt 0.165329 0.590343
vt 0.130754 0.596640
vt 0.169959 0.592009
vt 0.416908 0.554708
vt 0.491607 0.445352
vt 0.094690 0.609958
vt 0.168618 0.589052
vt 0.131084 0.599931
vt 0.488649 0.446101
vt 0.169959 0.585864
vt 0.485462 0.446920
vt 0.088546 0.611527
vt 0.550249 0.591852
vt 0.564779 0.470873
vt 0.550249 0.598026
vt 0.570952 0.469305
vt 0.469305 0.137057
vt 0.548874 0.595040
vt 0.567966 0.470072
vt 0.406563 0.566964
vt 0.545586 0.596361
vt 0.406215 0.563673
vt 0.540952 0.598026
vt 0.144372 0.582532
vt 0.469305 0.127760
vt 0.542324 0.595040
vt 0.406563 0.560414
vt 0.147358 0.581765
vt 0.164250 0.605326
vt 0.596507 0.426497
vt 0.478075 0.154723
vt 0.593350 0.427298
vt 0.143347 0.593350
vt 0.479417 0.157882
vt 0.143001 0.596640
vt 0.482707 0.159203
vt 0.599664 0.477649
vt 0.168181 0.555923
vt 0.596537 0.465402
vt 0.322379 0.034929
vt 0.596480 0.478467
vt 0.559250 0.593350
vt 0.169555 0.559109
vt 0.593350 0.466221
vt 0.571493 0.593350
vt 0.323753 0.038116
vt 0.558917 0.596608
vt 0.172813 0.560430
vt 0.571163 0.596608
vt 0.327011 0.039437
vt 0.105204 0.599621
vt 0.072368 0.613095
vt 0.063669 0.418192
vt 0.108392 0.598802
vt 0.373610 0.487651
vt 0.062327 0.421379
vt 0.108335 0.611867
vt 0.249306 0.322396
vt 0.111492 0.611066
vt 0.385874 0.487651
vt 0.247964 0.325554
vt 0.373280 0.484361
vt 0.059037 0.422671
vt 0.385526 0.484361
vt 0.244674 0.326875
vt 0.559250 0.599899
vt 0.380831 0.461071
vt 0.176103 0.559109
vt 0.571493 0.599899
vt 0.383960 0.473317
vt 0.330302 0.038116
vt 0.377644 0.461889
vt 0.177477 0.555923
vt 0.380774 0.474136
vt 0.331676 0.034929
vt 0.484227 0.416017
vt 0.240040 0.322396
vt 0.481069 0.416818
vt 0.608320 0.392742
vt 0.385874 0.481069
vt 0.241382 0.325554
vt 0.487357 0.428263
vt 0.611874 0.405378
vt 0.054403 0.418192
vt 0.608320 0.405391
vt 0.373610 0.481069
vt 0.055745 0.421379
vt 0.172672 0.455805
vt 0.523200 0.278964
vt 0.514149 0.310065
vt 0.143347 0.599931
vt 0.491750 0.458364
vt 0.485998 0.157882
vt 0.488592 0.459166
vt 0.487340 0.154723
vt 0.105147 0.612686
vt 0.152043 0.256508
vt 0.247964 0.319208
vt 0.100813 0.595736
vt 0.168994 0.256508
vt 0.006342 0.021846
vt 0.104000 0.594918
vt 0.005000 0.018659
vt 0.110174 0.593350
vt 0.077336 0.606823
vt 0.005000 0.012485
vt 0.019971 0.021751
vt 0.078513 0.611527
vt 0.024674 0.021751
vt 0.063669 0.424337
vt 0.044918 0.222383
vt 0.288399 0.130426
vt 0.156050 0.425175
vt 0.044024 0.222756
vt 0.155964 0.424281
vt 0.045302 0.221522
vt 0.287537 0.130653
vt 0.043129 0.222383
vt 0.156050 0.423386
vt 0.177594 0.427610
vt 0.042746 0.221522
vt 0.178456 0.427383
vt 0.043129 0.220661
vt 0.179317 0.427174
vt 0.044024 0.220287
vt 0.044918 0.220661
vt 0.287278 0.129625
vt 0.288829 0.129241
vt 0.154866 0.425878
vt 0.154691 0.424281
vt 0.154866 0.422683
vt 0.177163 0.428795
vt 0.178714 0.428411
vt 0.180236 0.428011
vt 0.042427 0.219741
vt 0.246186 0.008195
vt 0.044024 0.219081
vt 0.246029 0.006597
vt 0.045622 0.219741
vt 0.285756 0.130025
vt 0.246186 0.005000
vt 0.288082 0.126263
vt 0.151887 0.425878
vt 0.246271 0.324118
vt 0.151713 0.424281
vt 0.244674 0.324779
vt 0.151887 0.422683
vt 0.177910 0.431773
vt 0.243076 0.324118
vt 0.179461 0.431372
vt 0.242405 0.322568
vt 0.181040 0.430972
vt 0.249147 0.008195
vt 0.243076 0.320988
vt 0.248991 0.006597
vt 0.244674 0.320357
vt 0.249147 0.005000
vt 0.284953 0.127064
vt 0.246271 0.320988
vt 0.286532 0.126663
vt 0.246942 0.322568
vt 0.151713 0.259799
vt 0.244674 0.317888
vt 0.168663 0.259799
vt 0.009633 0.023138
vt 0.152043 0.263090
vt 0.487415 0.415198
vt 0.241382 0.319208
vt 0.168994 0.263090
vt 0.491750 0.432148
vt 0.012924 0.021846
vt 0.488563 0.432966
vt 0.014266 0.018659
vt 0.481212 0.429831
vt 0.024674 0.012485
vt 0.054403 0.424337
vt 0.482389 0.434534
vt 0.019971 0.012485
vt 0.014266 0.012485
vt 0.012485 0.181082
vt 0.156569 0.243970
vt 0.013921 0.181692
vt 0.489496 0.337350
vt 0.156569 0.242535
vt 0.017912 0.178660
vt 0.106801 0.078438
vt 0.157176 0.238543
vt 0.018544 0.179757
vt 0.254970 0.344746
vt 0.107897 0.078438
vt 0.122369 0.262074
vt 0.015246 0.032055
vt 0.118849 0.165187
vt 0.122369 0.260438
vt 0.247596 0.017657
vt 0.122656 0.262247
vt 0.119179 0.165474
vt 0.122656 0.260639
vt 0.127225 0.262247
vt 0.119179 0.170043
vt 0.127225 0.260639
vt 0.122369 0.259002
vt 0.005017 0.060756
vt 0.246161 0.017030
vt 0.127225 0.259002
vt 0.005000 0.055900
vt 0.006882 0.060469
vt 0.232633 0.340094
vt 0.006882 0.055900
vt 0.228064 0.340094
vt 0.232633 0.338458
vt 0.228064 0.338458
vt 0.232920 0.336850
vt 0.117280 0.165187
vt 0.015418 0.030487
vt 0.228064 0.336850
vt 0.117298 0.170043
vt 0.232920 0.338286
vt 0.013982 0.029877
vt 0.232920 0.339922
vt 0.006567 0.060756
vt 0.246333 0.015480
vt 0.254970 0.332859
vt 0.373911 0.431756
vt 0.040930 0.228064
vt 0.255577 0.338314
vt 0.379367 0.429352
vt 0.255577 0.339922
vt 0.491063 0.337350
vt 0.013720 0.183259
vt 0.382894 0.378230
vt 0.239597 0.332859
vt 0.024462 0.220578
vt 0.389125 0.375338
vt 0.241003 0.339090
vt 0.382262 0.377132
vt 0.115691 0.266870
vt 0.025560 0.220578
vt 0.387890 0.373161
vt 0.114286 0.261242
vt 0.394753 0.371383
vt 0.239597 0.344717
vt 0.232156 0.240091
vt 0.394121 0.370286
vt 0.115691 0.255011
vt 0.231058 0.240091
vt 0.030587 0.202921
vt 0.019816 0.040427
vt 0.008446 0.049584
vt 0.029692 0.203294
vt 0.019712 0.039532
vt 0.030970 0.202060
vt 0.007584 0.049793
vt 0.030587 0.201198
vt 0.029692 0.200825
vt 0.028798 0.201198
vt 0.028447 0.202060
vt 0.028798 0.202921
vt 0.005402 0.034941
vt 0.019816 0.038638
vt 0.242169 0.020061
vt 0.121730 0.255011
vt 0.231058 0.234052
vt 0.241537 0.018963
vt 0.232156 0.234052
vt 0.233559 0.344717
vt 0.233559 0.332859
vt 0.019410 0.027456
vt 0.024462 0.226617
vt 0.020041 0.028554
vt 0.025560 0.226617
vt 0.121730 0.266870
vt 0.038373 0.020319
vt 0.161525 0.562472
vt 0.604029 0.481551
vt 0.039746 0.017133
vt 0.600845 0.482353
vt 0.035115 0.021640
vt 0.161177 0.559213
vt 0.031824 0.020319
vt 0.373280 0.457988
vt 0.161525 0.555923
vt 0.030450 0.017133
vt 0.376466 0.457186
vt 0.039746 0.010988
vt 0.400227 0.516999
vt 0.594698 0.483920
vt 0.030450 0.010988
vt 0.400227 0.526295
vt 0.382611 0.455619
vt 0.028452 0.030758
vt 0.142560 0.285980
vt 0.312351 0.034614
vt 0.027556 0.031102
vt 0.142473 0.285085
vt 0.028803 0.029896
vt 0.311490 0.034840
vt 0.028452 0.029006
vt 0.027556 0.028662
vt 0.026662 0.029006
vt 0.026278 0.029896
vt 0.123035 0.272976
vt 0.026662 0.030758
vt 0.122173 0.273202
vt 0.142560 0.284190
vt 0.157176 0.250430
vt 0.373280 0.430658
vt 0.042027 0.228064
vt 0.156569 0.245607
vt 0.378104 0.427174
vt 0.056895 0.490416
vt 0.007297 0.038722
vt 0.324743 0.035102
vt 0.006522 0.035743
vt 0.027456 0.201801
vt 0.005718 0.039104
vt 0.015654 0.037936
vt 0.325415 0.036680
vt 0.005000 0.036143
vt 0.018615 0.037967
vt 0.015480 0.039532
vt 0.327011 0.037312
vt 0.018459 0.039532
vt 0.015654 0.041162
vt 0.008130 0.045421
vt 0.328640 0.036680
vt 0.018615 0.041130
vt 0.008848 0.048382
vt 0.006551 0.045804
vt 0.329312 0.035102
vt 0.007326 0.048783
vt 0.031961 0.201801
vt 0.005000 0.046205
vt 0.048557 0.010988
vt 0.328640 0.033551
vt 0.005776 0.049166
vt 0.045595 0.011020
vt 0.031289 0.200251
vt 0.048383 0.012618
vt 0.327011 0.032919
vt 0.045421 0.012618
vt 0.029692 0.199619
vt 0.048557 0.014215
vt 0.008848 0.038320
vt 0.325415 0.033551
vt 0.045595 0.014183
vt 0.008072 0.035359
vt 0.028127 0.200251
vt 0.378168 0.444717
vt 0.469425 0.503525
vt 0.344331 0.018871
vt 0.377849 0.444919
vt 0.344663 0.018551
vt 0.378168 0.443109
vt 0.478075 0.091257
vt 0.377849 0.443282
vt 0.378168 0.441645
vt 0.479539 0.091867
vt 0.054403 0.238543
vt 0.373280 0.443282
vt 0.373280 0.441645
vt 0.054403 0.243431
vt 0.373280 0.444919
vt 0.344663 0.013982
vt 0.123293 0.273986
vt 0.121772 0.274387
vt 0.141376 0.283488
vt 0.122490 0.277366
vt 0.138397 0.283455
vt 0.270023 0.045692
vt 0.138239 0.285085
vt 0.271652 0.046324
vt 0.141219 0.285085
vt 0.138397 0.286683
vt 0.312035 0.030450
vt 0.273250 0.045692
vt 0.141376 0.286650
vt 0.312753 0.033429
vt 0.310456 0.030851
vt 0.273920 0.044112
vt 0.311232 0.033830
vt 0.029793 0.029638
vt 0.308906 0.031251
vt 0.340468 0.030450
vt 0.273250 0.042562
vt 0.029122 0.028088
vt 0.309682 0.034212
vt 0.337507 0.030482
vt 0.340311 0.032048
vt 0.271652 0.041901
vt 0.027556 0.027456
vt 0.337350 0.032048
vt 0.340468 0.033677
vt 0.125619 0.276565
vt 0.270023 0.042562
vt 0.025959 0.028088
vt 0.337507 0.033645
vt 0.124843 0.273604
vt 0.124069 0.276965
vt 0.269352 0.044112
vt 0.341047 0.008302
vt 0.475511 0.493273
vt 0.491395 0.493748
vt 0.340665 0.007440
vt 0.476374 0.493046
vt 0.341941 0.008675
vt 0.491308 0.494643
vt 0.341047 0.006579
vt 0.341941 0.006205
vt 0.342837 0.006579
vt 0.494769 0.151820
vt 0.343220 0.007440
vt 0.495630 0.151612
vt 0.342837 0.008302
vt 0.491395 0.495538
vt 0.496492 0.151385
vt 0.150781 0.459549
vt 0.102381 0.586544
vt 0.142731 0.460381
vt 0.579516 0.485457
vt 0.150781 0.461185
vt 0.443408 0.009581
vt 0.064936 0.364297
vt 0.493316 0.469388
vt 0.156377 0.277471
vt 0.493647 0.472647
vt 0.394441 0.516732
vt 0.159636 0.276150
vt 0.481069 0.469388
vt 0.487230 0.506536
vt 0.481400 0.472647
vt 0.391310 0.504486
vt 0.490490 0.505215
vt 0.391253 0.517551
vt 0.161009 0.272964
vt 0.388124 0.505305
vt 0.491862 0.502028
vt 0.481400 0.466098
vt 0.485695 0.402117
vt 0.483940 0.505215
vt 0.493647 0.466098
vt 0.482566 0.389871
vt 0.153087 0.276150
vt 0.488883 0.401298
vt 0.482566 0.502028
vt 0.485752 0.389052
vt 0.151713 0.272964
vt 0.483531 0.088836
vt 0.231058 0.261081
vt 0.378775 0.437654
vt 0.484161 0.089934
vt 0.551391 0.495950
vt 0.232156 0.261081
vt 0.378775 0.449541
vt 0.464601 0.507009
vt 0.112390 0.106801
vt 0.384845 0.449541
vt 0.557962 0.426775
vt 0.112390 0.112871
vt 0.386219 0.443913
vt 0.552335 0.430729
vt 0.384845 0.437654
vt 0.546075 0.433621
vt 0.231058 0.255011
vt 0.484118 0.128143
vt 0.158646 0.273136
vt 0.485695 0.127760
vt 0.482741 0.378003
vt 0.157974 0.274715
vt 0.484891 0.131122
vt 0.490064 0.167369
vt 0.486413 0.130721
vt 0.485702 0.377972
vt 0.486013 0.131923
vt 0.486904 0.377301
vt 0.488723 0.168489
vt 0.486800 0.376406
vt 0.487828 0.168862
vt 0.482566 0.376406
vt 0.156377 0.275346
vt 0.485545 0.376406
vt 0.486904 0.375512
vt 0.485962 0.358518
vt 0.486934 0.168489
vt 0.482741 0.374777
vt 0.486278 0.362681
vt 0.154748 0.274715
vt 0.485702 0.374809
vt 0.485560 0.359720
vt 0.486823 0.358309
vt 0.486551 0.167627
vt 0.487857 0.362299
vt 0.154077 0.273136
vt 0.487082 0.359320
vt 0.485560 0.167369
vt 0.486934 0.166765
vt 0.489407 0.361897
vt 0.494684 0.177395
vt 0.154748 0.271585
vt 0.488632 0.358936
vt 0.486231 0.165818
vt 0.491723 0.177363
vt 0.487828 0.166392
vt 0.494511 0.175767
vt 0.156377 0.270953
vt 0.491549 0.175767
vt 0.487828 0.165187
vt 0.488723 0.166765
vt 0.494684 0.174169
vt 0.482566 0.128544
vt 0.157974 0.271585
vt 0.491723 0.174200
vt 0.489395 0.165818
vt 0.483341 0.131505
vt 0.489074 0.167627
vt 0.476633 0.494074
vt 0.475081 0.494458
vt 0.490210 0.493046
vt 0.475827 0.497436
vt 0.487232 0.493046
vt 0.481110 0.156446
vt 0.487057 0.494643
vt 0.482707 0.157107
vt 0.490035 0.494643
vt 0.487232 0.496241
vt 0.496175 0.147222
vt 0.484305 0.156446
vt 0.490210 0.496241
vt 0.496923 0.150200
vt 0.494624 0.147622
vt 0.484976 0.154896
vt 0.495371 0.150584
vt 0.493046 0.148023
vt 0.497662 0.127760
vt 0.484305 0.153316
vt 0.493849 0.150984
vt 0.494699 0.127760
vt 0.343540 0.005660
vt 0.497505 0.129357
vt 0.482707 0.152685
vt 0.341941 0.005000
vt 0.494543 0.129357
vt 0.497662 0.130955
vt 0.478958 0.496635
vt 0.481110 0.153316
vt 0.340344 0.005660
vt 0.494699 0.130955
vt 0.478154 0.493673
vt 0.477377 0.497035
vt 0.480439 0.154896
vt 0.518496 0.278964
vt 0.515353 0.314769
vt 0.393057 0.561911
vt 0.518496 0.288261
vt 0.383759 0.561911
vt 0.592201 0.493046
vt 0.404913 0.516999
vt 0.168181 0.562096
vt 0.593494 0.479234
vt 0.404913 0.526295
vt 0.383817 0.460304
vt 0.177477 0.562096
vt 0.388391 0.535136
vt 0.400708 0.553194
vt 0.391682 0.533815
vt 0.493247 0.405200
vt 0.401056 0.556483
vt 0.385133 0.533815
vt 0.401056 0.549934
vt 0.383759 0.501403
vt 0.383759 0.530629
vt 0.386945 0.500601
vt 0.393055 0.530629
vt 0.490060 0.406002
vt 0.383759 0.524484
vt 0.393090 0.499034
vt 0.413701 0.526295
vt 0.406782 0.539033
vt 0.531707 0.289534
vt 0.014036 0.189140
vt 0.406782 0.537425
vt 0.536559 0.303581
vt 0.407099 0.539234
vt 0.014367 0.189459
vt 0.407099 0.537597
vt 0.411669 0.539234
vt 0.014367 0.194028
vt 0.411669 0.537597
vt 0.406782 0.535961
vt 0.117280 0.159595
vt 0.535096 0.302971
vt 0.411669 0.535961
vt 0.117280 0.154707
vt 0.119162 0.159276
vt 0.548516 0.456895
vt 0.119162 0.154707
vt 0.543946 0.456895
vt 0.548516 0.455258
vt 0.543946 0.455258
vt 0.548834 0.453621
vt 0.012485 0.189140
vt 0.531908 0.287984
vt 0.543946 0.453621
vt 0.012485 0.194028
vt 0.548834 0.455057
vt 0.530472 0.287374
vt 0.548834 0.456694
vt 0.118832 0.159595
vt 0.535296 0.301420
vt 0.491862 0.508201
vt 0.394298 0.503719
vt 0.418387 0.526295
vt 0.482566 0.508201
vt 0.482709 0.402884
vt 0.418387 0.516999
vt 0.024063 0.240123
vt 0.556465 0.503126
vt 0.555512 0.461517
vt 0.024063 0.234052
vt 0.530472 0.304905
vt 0.549441 0.461517
vt 0.022965 0.240123
vt 0.555833 0.502028
vt 0.400104 0.531970
vt 0.022965 0.234052
vt 0.531105 0.306003
vt 0.406175 0.531970
vt 0.483916 0.407569
vt 0.413701 0.516999
vt 0.393055 0.524484
vt 0.488911 0.388251
vt 0.384107 0.556483
vt 0.153087 0.269805
vt 0.383759 0.553194
vt 0.156377 0.268485
vt 0.384107 0.549934
vt 0.388094 0.518353
vt 0.159636 0.269805
vt 0.469223 0.505075
vt 0.342781 0.018871
vt 0.551998 0.488054
vt 0.465233 0.508106
vt 0.111292 0.106801
vt 0.551391 0.484063
vt 0.470659 0.505685
vt 0.551998 0.489489
vt 0.535898 0.284953
vt 0.549441 0.449631
vt 0.031947 0.346415
vt 0.536530 0.286050
vt 0.033044 0.346415
vt 0.406175 0.543856
vt 0.551870 0.476956
vt 0.160011 0.478668
vt 0.604029 0.442628
vt 0.553212 0.473769
vt 0.600845 0.443446
vt 0.548578 0.478248
vt 0.159680 0.475377
vt 0.545288 0.476956
vt 0.481069 0.443034
vt 0.160011 0.472087
vt 0.543946 0.473769
vt 0.484255 0.442216
vt 0.087339 0.606823
vt 0.553212 0.467595
vt 0.412204 0.545443
vt 0.594671 0.445014
vt 0.543946 0.467595
vt 0.412204 0.554708
vt 0.490430 0.440648
vt 0.342781 0.013982
vt 0.341841 0.013982
vt 0.556885 0.489691
vt 0.552316 0.489691
vt 0.556885 0.491327
vt 0.056285 0.243431
vt 0.552316 0.491327
vt 0.056285 0.238862
vt 0.551998 0.491126
vt 0.055955 0.238543
vt 0.479338 0.093418
vt 0.544578 0.509972
vt 0.555512 0.449631
vt 0.031947 0.340344
vt 0.550838 0.507080
vt 0.556885 0.455890
vt 0.543946 0.508874
vt 0.400104 0.543856
vt 0.033044 0.340344
vt 0.549573 0.504920
vt 0.398730 0.538229
vt 0.545443 0.432524
vt 0.545320 0.495950
vt 0.232156 0.255011
vt 0.551070 0.428569
vt 0.543946 0.490323
vt 0.557330 0.425677
vt 0.545320 0.484063
vt 0.111292 0.112871
vt 0.377615 0.474937
vt 0.144576 0.555923
vt 0.330302 0.031770
vt 0.144228 0.559213
vt 0.327011 0.030450
vt 0.144576 0.562472
vt 0.599695 0.464601
vt 0.323753 0.031770
vt 0.521500 0.313183
vt 0.393057 0.568056
vt 0.560295 0.436157
vt 0.226567 0.364347
vt 0.563317 0.496040
vt 0.560928 0.437254
vt 0.227663 0.364347
vt 0.573445 0.452507
vt 0.554065 0.439049
vt 0.561911 0.502271
vt 0.555300 0.441226
vt 0.574850 0.446879
vt 0.567907 0.483119
vt 0.484378 0.349343
vt 0.571095 0.482318
vt 0.418810 0.566964
vt 0.483004 0.352530
vt 0.418479 0.563673
vt 0.479713 0.353851
vt 0.180003 0.442223
vt 0.566481 0.447884
vt 0.178120 0.437654
vt 0.180003 0.437654
vt 0.561911 0.447884
vt 0.177163 0.437654
vt 0.574850 0.501639
vt 0.570280 0.501639
vt 0.574850 0.503275
vt 0.145552 0.445504
vt 0.570280 0.503275
vt 0.145552 0.440935
vt 0.143672 0.445504
vt 0.142731 0.445504
vt 0.561911 0.446276
vt 0.566481 0.446276
vt 0.418810 0.560414
vt 0.144228 0.569520
vt 0.476454 0.352530
vt 0.150546 0.580964
vt 0.540952 0.591852
vt 0.147415 0.568718
vt 0.475081 0.349343
vt 0.569747 0.464601
vt 0.578379 0.457116
vt 0.464601 0.137057
vt 0.563602 0.466186
vt 0.578379 0.463261
vt 0.560414 0.466988
vt 0.583682 0.425677
vt 0.579754 0.466448
vt 0.564721 0.483938
vt 0.566732 0.425677
vt 0.483004 0.346156
vt 0.566402 0.428968
vt 0.479713 0.344835
vt 0.583353 0.428968
vt 0.583043 0.467768
vt 0.566732 0.432227
vt 0.150603 0.567899
vt 0.476454 0.346156
vt 0.583682 0.432227
vt 0.154911 0.584850
vt 0.586304 0.466448
vt 0.151723 0.585651
vt 0.587676 0.463261
vt 0.145576 0.587236
vt 0.587676 0.457116
vt 0.464601 0.127760
vt 0.168545 0.573355
vt 0.442145 0.007403
vt 0.176595 0.574159
vt 0.580777 0.487635
vt 0.151101 0.461386
vt 0.065265 0.364617
vt 0.151101 0.459749
vt 0.155638 0.461386
vt 0.065265 0.369153
vt 0.155638 0.459749
vt 0.155638 0.458113
vt 0.031947 0.352321
vt 0.033827 0.356858
vt 0.168226 0.575163
vt 0.033827 0.352321
vt 0.163690 0.575163
vt 0.168226 0.573527
vt 0.163690 0.573527
vt 0.168545 0.571891
vt 0.063386 0.364297
vt 0.443609 0.008031
vt 0.163690 0.571891
vt 0.063386 0.369153
vt 0.180294 0.463157
vt 0.180677 0.464047
vt 0.179399 0.462813
vt 0.178505 0.463157
vt 0.178155 0.464047
vt 0.531737 0.311900
vt 0.178505 0.464909
vt 0.518326 0.101515
vt 0.530873 0.312126
vt 0.179399 0.465253
vt 0.518238 0.102410
vt 0.180294 0.464909
vt 0.512960 0.209771
vt 0.518326 0.103304
vt 0.057225 0.485560
vt 0.151713 0.245807
vt 0.057225 0.490097
vt 0.156250 0.245807
vt 0.055345 0.485560
vt 0.055345 0.490416
vt 0.255577 0.336850
vt 0.377903 0.428725
vt 0.054403 0.485560
vt 0.260433 0.338487
vt 0.255896 0.338487
vt 0.260433 0.340123
vt 0.491376 0.342206
vt 0.255896 0.340123
vt 0.491376 0.337669
vt 0.489496 0.342206
vt 0.488554 0.342206
vt 0.151713 0.244171
vt 0.156250 0.244171
vt 0.511064 0.206008
vt 0.482013 0.349515
vt 0.512644 0.205608
vt 0.514163 0.104040
vt 0.481343 0.351095
vt 0.511840 0.208987
vt 0.181669 0.463789
vt 0.513360 0.208587
vt 0.517142 0.104008
vt 0.514005 0.102410
vt 0.479713 0.351726
vt 0.516984 0.102410
vt 0.514163 0.100813
vt 0.531189 0.316290
vt 0.478116 0.351095
vt 0.517142 0.100845
vt 0.530472 0.313311
vt 0.532769 0.315889
vt 0.477444 0.349515
vt 0.531996 0.312910
vt 0.177163 0.463789
vt 0.534319 0.315489
vt 0.270106 0.345068
vt 0.478116 0.347965
vt 0.533546 0.312528
vt 0.177836 0.462239
vt 0.267145 0.345036
vt 0.269949 0.343471
vt 0.479713 0.347304
vt 0.266988 0.343471
vt 0.179399 0.461607
vt 0.270106 0.341841
vt 0.509513 0.206409
vt 0.481343 0.347965
vt 0.267145 0.341874
vt 0.180997 0.462239
vt 0.510290 0.209370
vt 0.485404 0.459985
vt 0.143061 0.472087
vt 0.485998 0.151536
vt 0.142731 0.475377
vt 0.482707 0.150216
vt 0.143061 0.478668
vt 0.599695 0.425677
vt 0.479417 0.151536
vt 0.165735 0.364297
vt 0.473584 0.039131
vt 0.165566 0.364297
vt 0.165091 0.373008
vt 0.164940 0.377363
vt 0.486650 0.036459
vt 0.165458 0.364297
vt 0.612652 0.653232
vt 0.164769 0.377363
vt 0.712252 0.055900
vt 0.163690 0.442814
vt 0.646801 0.057904
vt 0.552100 0.034456
vt 0.164640 0.377363
vt 0.179672 0.479915
vt 0.599585 0.655887
vt 0.164446 0.381718
vt 0.176739 0.476580
vt 0.707897 0.056792
vt 0.151713 0.436157
vt 0.041607 0.245418
vt 0.547716 0.658068
vt 0.696312 0.025959
vt 0.153657 0.439518
vt 0.664263 0.058128
vt 0.041764 0.241537
vt 0.550781 0.058573
vt 0.040382 0.355019
vt 0.476578 0.058573
vt 0.039626 0.429223
vt 0.722324 0.033787
vt 0.039456 0.429223
vt 0.037631 0.597310
vt 0.890411 0.033991
vt 0.039328 0.429223
vt 0.512508 0.026450
vt 0.655806 0.109923
vt 0.038528 0.503425
vt 0.037169 0.611445
vt 0.181689 0.658431
vt 0.473584 0.109795
vt 0.037226 0.615483
vt 0.036689 0.654848
vt 0.036695 0.656356
vt 0.036567 0.656356
vt 0.136778 0.657746
vt 0.036439 0.660883
vt 0.132251 0.656950
vt 0.136778 0.657918
vt 0.135269 0.657578
vt 0.132251 0.657208
vt 0.953984 0.035104
vt 0.132251 0.657104
vt 0.612652 0.653387
vt 0.603940 0.655100
vt 0.612652 0.653490
vt 0.473584 0.038822
vt 0.599585 0.656059
vt 0.597407 0.656641
vt 0.145595 0.434279
vt 0.610958 0.072368
vt 0.488828 0.035671
vt 0.595231 0.657018
vt 0.145153 0.432106
vt 0.142731 0.365794
vt 0.701450 0.065096
vt 0.747207 0.010988
vt 0.065721 0.602639
vt 0.542449 0.074225
vt 0.143228 0.388487
vt 0.551596 0.658285
vt 0.700193 0.026176
vt 0.724146 0.064883
vt 0.586711 0.026553
vt 0.610664 0.065260
vt 0.730010 0.110026
vt 0.536461 0.065328
vt 0.655806 0.110094
vt 0.582218 0.011220
vt 0.363911 0.658730
vt 0.582218 0.011358
vt 0.363911 0.658868
vt 0.722324 0.033444
vt 0.063386 0.437654
vt 0.508016 0.011289
vt 0.289709 0.658799
vt 0.200062 0.658745
vt 0.105304 0.146875
vt 0.886173 0.033567
vt 0.177650 0.658629
vt 0.105653 0.124464
vt 0.138286 0.658257
vt 0.106149 0.085100
vt 0.106116 0.084345
vt 0.137531 0.658191
vt 0.948704 0.034121
vt 0.105496 0.124464
vt 0.908584 0.033717
vt 0.106035 0.085100
vt 0.947949 0.034055
vt 0.949457 0.034394
vt 0.950966 0.034734
vt 0.953984 0.035208
vt 0.949457 0.034601
vt 0.036866 0.656356
vt 0.953984 0.035413
vt 0.036717 0.660883
vt 0.796526 0.033650
vt 0.722324 0.033582
vt 0.648120 0.033513
vt 0.064502 0.511855
vt 0.066066 0.625336
vt 0.534639 0.033993
vt 0.565146 0.074046
vt 0.491004 0.035294
vt 0.608781 0.072745
vt 0.486650 0.036253
vt 0.005555 0.159198
vt 0.005214 0.159198
vt 0.005763 0.167961
vt 0.006209 0.172344
vt 0.612191 0.510713
vt 0.489723 0.047384
vt 0.005000 0.159198
vt 0.485655 0.662215
vt 0.005868 0.172344
vt 0.052906 0.347830
vt 0.007365 0.238113
vt 0.064778 0.412569
vt 0.555492 0.045304
vt 0.005612 0.172344
vt 0.472509 0.664953
vt 0.005972 0.176725
vt 0.052934 0.352308
vt 0.006452 0.211802
vt 0.433051 0.667028
vt 0.006799 0.220572
vt 0.060829 0.395467
vt 0.008182 0.334584
vt 0.009183 0.409131
vt 0.008484 0.371857
vt 0.272996 0.667726
vt 0.011053 0.587613
vt 0.057240 0.667590
vt 0.615806 0.495201
vt 0.424282 0.667608
vt 0.627617 0.455021
vt 0.310270 0.667932
vt 0.420384 0.667816
vt 0.049207 0.525006
vt 0.627936 0.451128
vt 0.594466 0.135245
vt 0.235722 0.668070
vt 0.161175 0.668207
vt 0.048765 0.667918
vt 0.616925 0.486792
vt 0.048415 0.268295
vt 0.235722 0.668344
vt 0.046918 0.340344
vt 0.726511 0.043924
vt 0.052841 0.668161
vt 0.909392 0.044108
vt 0.111292 0.163083
vt 0.454690 0.612482
vt 0.048552 0.272375
vt 0.049073 0.528903
vt 0.537951 0.044661
vt 0.047691 0.414891
vt 0.651963 0.044061
vt 0.726511 0.044199
vt 0.801057 0.044336
vt 0.913468 0.044350
vt 0.111535 0.159005
vt 0.726511 0.044610
vt 0.009524 0.409131
vt 0.895126 0.044839
vt 0.011520 0.577747
vt 0.485655 0.662524
vt 0.476892 0.664235
vt 0.485655 0.662729
vt 0.476578 0.049539
vt 0.472509 0.665296
vt 0.472509 0.665571
vt 0.623496 0.503122
vt 0.489723 0.046697
vt 0.542341 0.137490
vt 0.468128 0.666359
vt 0.623291 0.498676
vt 0.476578 0.049745
vt 0.485341 0.047759
vt 0.537958 0.138552
vt 0.479864 0.049360
vt 0.602332 0.512690
vt 0.489723 0.046971
vt 0.542341 0.137764
vt 0.612191 0.510300
vt 0.050062 0.577131
vt 0.616572 0.509513
vt 0.494105 0.046184
vt 0.049787 0.572750
vt 0.957233 0.046431
vt 0.957233 0.046019
vt 0.954873 0.045550
vt 0.953692 0.045521
vt 0.012183 0.636313
vt 0.957233 0.045814
vt 0.005000 0.666454
vt 0.953692 0.045109
vt 0.953692 0.044834
vt 0.111808 0.118778
vt 0.008541 0.667434
vt 0.410390 0.611756
vt 0.952512 0.044668
vt 0.111902 0.119959
vt 0.005000 0.666249
vt 0.007360 0.666993
vt 0.409210 0.611314
vt 0.005000 0.665939
vt 0.011626 0.639853
vt 0.008541 0.667159
vt 0.410390 0.611480
vt 0.048859 0.228064
vt 0.008541 0.666816
vt 0.619543 0.446636
vt 0.011586 0.636313
vt 0.009720 0.667325
vt 0.619943 0.447858
vt 0.048818 0.229247
vt 0.011839 0.639853
vt 0.011727 0.637494
vt 0.012097 0.638969
vt 0.011843 0.636313
vt 0.011957 0.635133
vt 0.011457 0.596089
vt 0.010183 0.483678
vt 0.504277 0.005618
vt 0.504277 0.005247
vt 0.488057 0.008951
vt 0.479948 0.010988
vt 0.019910 0.210475
vt 0.504277 0.005063
vt 0.915875 0.122493
vt 0.479948 0.010616
vt 0.461701 0.014921
vt 0.479948 0.010369
vt 0.940204 0.117186
vt 0.471838 0.012282
vt 0.455619 0.015800
vt 0.964533 0.111755
vt 0.455619 0.015986
vt 0.915875 0.122308
vt 0.932095 0.118852
vt 0.915875 0.122030
vt 0.016977 0.234803
vt 0.940204 0.116939
vt 0.940204 0.116630
vt 0.019372 0.210475
vt 0.948314 0.115026
vt 0.964533 0.111292
vt 0.021844 0.186146
vt 0.964533 0.111570
vt 0.017168 0.234803
vt 0.018689 0.218584
vt 0.018007 0.228721
vt 0.019602 0.210475
vt 0.020516 0.202365
vt 0.022343 0.186146
vt 0.022036 0.186146
vt 0.958545 0.007477
vt 0.958545 0.007106
vt 0.956083 0.006611
vt 0.954852 0.006547
vt 0.020573 0.685379
vt 0.958545 0.006921
vt 0.461607 0.120634
vt 0.954852 0.006177
vt 0.896222 0.005850
vt 0.020195 0.626749
vt 0.954852 0.005930
vt 0.535941 0.074121
vt 0.465300 0.121625
vt 0.953621 0.005743
vt 0.534708 0.074233
vt 0.491549 0.073865
vt 0.910465 0.005187
vt 0.509688 0.122369
vt 0.217689 0.468578
vt 0.495620 0.074042
vt 0.914534 0.005402
vt 0.802198 0.005371
vt 0.727718 0.005618
vt 0.019031 0.458244
vt 0.727718 0.005247
vt 0.560137 0.005526
vt 0.727718 0.005000
vt 0.692435 0.122555
vt 0.653238 0.005124
vt 0.461607 0.120449
vt 0.464069 0.121191
vt 0.461607 0.120171
vt 0.072368 0.618800
vt 0.020060 0.689072
vt 0.465300 0.121378
vt 0.076062 0.620007
vt 0.217834 0.424180
vt 0.076062 0.619698
vt 0.020037 0.685379
vt 0.077293 0.620194
vt 0.217766 0.425415
vt 0.124851 0.620490
vt 0.514091 0.121861
vt 0.019738 0.636589
vt 0.116379 0.620782
vt 0.217584 0.464506
vt 0.505618 0.122153
vt 0.617954 0.122431
vt 0.692435 0.122308
vt 0.729674 0.121998
vt 0.018235 0.421005
vt 0.766915 0.122184
vt 0.020252 0.689072
vt 0.020159 0.686610
vt 0.020486 0.688149
vt 0.020266 0.685379
vt 0.020374 0.684148
vt 0.020070 0.645061
vt 0.019346 0.532725
vt 0.018724 0.458244
vt 0.017788 0.290664
vt 0.536705 0.089385
vt 0.536705 0.089056
vt 0.513170 0.094595
vt 0.501402 0.097530
vt 0.032007 0.243906
vt 0.536705 0.088891
vt 0.516093 0.734307
vt 0.501402 0.097199
vt 0.474925 0.103555
vt 0.501402 0.096980
vt 0.551396 0.726218
vt 0.489635 0.099804
vt 0.466098 0.105179
vt 0.586699 0.718018
vt 0.466098 0.105344
vt 0.516093 0.734142
vt 0.539629 0.728822
vt 0.516093 0.733895
vt 0.025959 0.279209
vt 0.551396 0.725998
vt 0.551396 0.725723
vt 0.031528 0.243906
vt 0.563163 0.723174
vt 0.586699 0.717606
vt 0.037165 0.208602
vt 0.586699 0.717854
vt 0.026130 0.279209
vt 0.029774 0.255673
vt 0.027735 0.270382
vt 0.031733 0.243906
vt 0.033692 0.232138
vt 0.037609 0.208602
vt 0.037335 0.208602
vt 0.995000 0.131501
vt 0.995000 0.131213
vt 0.992260 0.130722
vt 0.990890 0.130620
vt 0.831135 0.655546
vt 0.995000 0.131069
vt 0.076859 0.720417
vt 0.990890 0.130332
vt 0.932052 0.129959
vt 0.831389 0.596708
vt 0.990890 0.130140
vt 0.463104 0.368789
vt 0.080969 0.721347
vt 0.989520 0.129942
vt 0.463278 0.370161
vt 0.463377 0.413443
vt 0.946241 0.129431
vt 0.125618 0.722056
vt 0.391679 0.492792
vt 0.463457 0.409388
vt 0.950295 0.129597
vt 0.838097 0.129546
vt 0.763756 0.129738
vt 0.831834 0.428411
vt 0.763756 0.129449
vt 0.596487 0.129666
vt 0.763756 0.129257
vt 0.308104 0.722230
vt 0.689413 0.129354
vt 0.540732 0.129305
vt 0.531129 0.722181
vt 0.540732 0.129449
vt 0.076859 0.720273
vt 0.079599 0.720958
vt 0.076859 0.720058
vt 0.830587 0.659656
vt 0.080969 0.721155
vt 0.391341 0.448133
vt 0.080969 0.720915
vt 0.055900 0.516999
vt 0.830716 0.655546
vt 0.082340 0.721353
vt 0.056363 0.518363
vt 0.391245 0.449508
vt 0.057266 0.561634
vt 0.125618 0.721639
vt 0.830952 0.610897
vt 0.057466 0.557577
vt 0.391629 0.488735
vt 0.121565 0.721890
vt 0.233763 0.722133
vt 0.308104 0.722038
vt 0.308104 0.721797
vt 0.831416 0.428411
vt 0.382445 0.721941
vt 0.531129 0.721821
vt 0.831986 0.205387
vt 0.531129 0.722038
vt 0.830737 0.659656
vt 0.830764 0.656916
vt 0.830955 0.658628
vt 0.830896 0.655546
vt 0.831028 0.654176
vt 0.831118 0.614950
vt 0.831335 0.502753
vt 0.831594 0.428411
vt 0.831855 0.354070
vt 0.832374 0.205387
vt 0.832135 0.205387
vt 0.821293 0.135245
vt 0.470590 0.145929
vt 0.821054 0.135245
vt 0.824827 0.158626
vt 0.826833 0.170316
vt 0.505660 0.137833
vt 0.820904 0.135245
vt 0.601270 0.705630
vt 0.826594 0.170316
vt 0.830928 0.196620
vt 0.826416 0.170316
vt 0.566198 0.713702
vt 0.828361 0.182006
vt 0.601270 0.705847
vt 0.577888 0.711147
vt 0.601270 0.705991
vt 0.470590 0.145496
vt 0.566198 0.713942
vt 0.560354 0.715483
vt 0.511505 0.136004
vt 0.554509 0.716737
vt 0.517350 0.134750
vt 0.505660 0.137545
vt 0.531964 0.131690
vt 0.470590 0.145640
vt 0.493970 0.140340
vt 0.971537 0.020961
vt 0.971537 0.020714
vt 0.968664 0.020104
vt 0.967228 0.019923
vt 0.839124 0.633381
vt 0.971537 0.020590
vt 0.473584 0.081090
vt 0.967228 0.019676
vt 0.908291 0.019145
vt 0.839622 0.574444
vt 0.966510 0.019338
vt 0.033976 0.271479
vt 0.478612 0.082341
vt 0.965792 0.019248
vt 0.033885 0.272197
vt 0.033444 0.333914
vt 0.904074 0.018628
vt 0.541047 0.083052
vt 0.033518 0.311488
vt 0.926501 0.018812
vt 0.814374 0.018721
vt 0.740102 0.018886
vt 0.840846 0.406255
vt 0.740102 0.018638
vt 0.572989 0.018824
vt 0.740102 0.018474
vt 0.705019 0.083206
vt 0.665829 0.018556
vt 0.517285 0.018514
vt 0.927836 0.083165
vt 0.517285 0.018638
vt 0.630748 0.083124
vt 0.705019 0.083041
vt 0.518622 0.082910
vt 0.033707 0.311488
vt 0.511638 0.082633
vt 0.839087 0.599636
vt 0.034021 0.272197
vt 0.479330 0.082431
vt 0.477893 0.082003
vt 0.476457 0.081575
vt 0.477175 0.081625
vt 0.838744 0.634099
vt 0.473584 0.080966
vt 0.473584 0.080781
vt 0.838657 0.637690
vt 0.838785 0.637690
vt 0.838806 0.634817
vt 0.838971 0.636613
vt 0.838919 0.633381
vt 0.839033 0.631944
vt 0.839296 0.592653
vt 0.840044 0.480526
vt 0.840489 0.406255
vt 0.705019 0.082836
vt 0.840642 0.406255
vt 0.842102 0.183438
vt 0.927836 0.082856
vt 0.841239 0.331982
vt 0.842435 0.183438
vt 0.517285 0.018886
vt 0.842230 0.183438
vt 0.837705 0.135245
vt 0.837500 0.135245
vt 0.839144 0.151309
vt 0.840071 0.159341
vt 0.493189 0.024130
vt 0.837372 0.135245
vt 0.976028 0.072368
vt 0.839866 0.159341
vt 0.841792 0.177414
vt 0.839713 0.159341
vt 0.951932 0.077592
vt 0.840585 0.167373
vt 0.976028 0.072553
vt 0.959965 0.075967
vt 0.976028 0.072677
vt 0.469092 0.029003
vt 0.951932 0.077797
vt 0.951932 0.077962
vt 0.493189 0.023718
vt 0.943901 0.079628
vt 0.927836 0.083041
vt 0.469092 0.029127
vt 0.485157 0.025548
vt 0.475116 0.028001
vt 0.493189 0.023883
vt 0.501220 0.022217
vt 0.990909 0.091166
vt 0.990909 0.090837
vt 0.988320 0.090353
vt 0.987024 0.090276
vt 0.027375 0.729527
vt 0.990909 0.090672
vt 0.061889 0.732526
vt 0.987024 0.089946
vt 0.928306 0.089608
vt 0.027306 0.670810
vt 0.987024 0.089726
vt 0.031959 0.362800
vt 0.065774 0.733472
vt 0.985730 0.089540
vt 0.032097 0.364097
vt 0.031947 0.407307
vt 0.942522 0.089013
vt 0.110276 0.734185
vt 0.494674 0.558516
vt 0.032078 0.403244
vt 0.946584 0.089204
vt 0.834328 0.089166
vt 0.759923 0.089385
vt 0.026931 0.502426
vt 0.759923 0.089056
vt 0.592510 0.089303
vt 0.759923 0.088836
vt 0.292876 0.734362
vt 0.685517 0.088946
vt 0.061889 0.732361
vt 0.064479 0.733064
vt 0.061889 0.732114
vt 0.407712 0.618800
vt 0.026846 0.733413
vt 0.065774 0.733252
vt 0.411598 0.619938
vt 0.494610 0.514005
vt 0.411598 0.619662
vt 0.026896 0.729527
vt 0.412893 0.620125
vt 0.494543 0.515302
vt 0.460508 0.620422
vt 0.114684 0.733736
vt 0.026868 0.680617
vt 0.452038 0.620679
vt 0.494591 0.554452
vt 0.106214 0.733993
vt 0.218471 0.734252
vt 0.292876 0.734142
vt 0.330079 0.733867
vt 0.026365 0.465223
vt 0.367282 0.734032
vt 0.027017 0.733413
vt 0.026983 0.730823
vt 0.027243 0.732441
vt 0.027102 0.729527
vt 0.027220 0.728233
vt 0.027129 0.689087
vt 0.026925 0.576831
vt 0.026658 0.502426
vt 0.026467 0.335013
vt 0.026391 0.428020
vt 0.779291 0.082959
vt 0.473584 0.038925
vt 0.482294 0.037212
vt 0.036546 0.660883
vt 0.036703 0.657865
vt 0.018103 0.383764
# 3127 texture coordinates

vn 0.025591 0.972615 0.231009
vn 0.051547 0.991576 0.118830
vn 0.844387 0.514952 0.147763
vn 0.025726 0.995303 -0.093325
vn 0.051151 0.980243 -0.191071
vn 0.828105 0.503216 -0.247014
vn 0.955800 0.268122 -0.120651
vn 0.913831 0.306059 0.266908
vn 0.985847 -0.000225 0.167648
vn 0.981306 0.001369 -0.192450
vn 0.986515 0.015039 -0.162977
vn 0.983979 0.015847 0.177579
vn 0.987818 0.106274 -0.113669
vn 0.970578 0.141699 0.194677
vn 0.884162 0.437468 -0.163953
vn 0.845500 0.514723 0.142094
vn 0.626408 0.772363 -0.105207
vn 0.569470 0.798493 0.195225
vn 0.356650 0.920838 -0.157662
vn 0.315780 0.938776 0.137777
vn 0.102781 0.988344 -0.112302
vn 0.048477 0.978978 0.198124
vn -0.146688 0.976430 -0.158324
vn -0.176164 0.975085 0.134816
vn -0.255771 0.960103 -0.113067
vn -0.258823 0.945924 0.195546
vn -0.238990 0.957455 -0.161754
vn -0.223459 0.964820 0.138522
vn -0.138218 0.983939 -0.112963
vn -0.115287 0.973537 0.197320
vn 0.033559 0.986303 -0.161492
vn 0.072254 0.987999 0.136516
vn 0.286243 0.950816 -0.118376
vn 0.334291 0.921110 0.199517
vn 0.578584 0.799603 -0.160860
vn 0.626271 0.768523 0.130985
vn 0.806227 0.579971 -0.116755
vn 0.829142 0.522171 0.199654
vn 0.942510 0.294782 -0.157412
vn 0.958919 0.247699 0.138273
vn 0.992510 0.060035 -0.106392
vn 0.979046 0.021370 0.202513
vn 0.975775 -0.128847 -0.176810
vn 0.974788 -0.153673 0.161779
vn 0.962414 -0.239408 -0.128229
vn 0.943266 -0.246088 0.222913
vn 0.941711 -0.290525 -0.169635
vn 0.944264 -0.298030 0.139799
vn 0.943196 -0.307142 -0.126670
vn 0.928853 -0.301709 0.214950
vn 0.954194 -0.252704 -0.160168
vn 0.961058 -0.237522 0.141246
vn 0.986566 -0.126874 -0.102909
vn 0.975932 -0.096058 0.195781
vn 0.987705 0.041520 -0.150711
vn 0.981913 0.078080 0.172481
vn 0.970150 0.217857 -0.106526
vn 0.955205 0.259694 0.141924
vn 0.907396 0.392563 -0.150091
vn 0.899822 0.399730 0.174748
vn 0.868235 0.486400 -0.097897
vn 0.849487 0.490327 0.194810
vn 0.830515 0.534077 -0.158136
vn 0.826436 0.542799 0.149575
vn 0.824837 0.553713 -0.114216
vn 0.811585 0.543098 0.215346
vn 0.840619 0.517153 -0.160973
vn 0.847569 0.507702 0.154484
vn 0.884840 0.454697 -0.101529
vn 0.876054 0.434488 0.209164
vn 0.917812 0.364888 -0.156454
vn 0.923592 0.350168 0.156079
vn 0.956994 0.271589 -0.101994
vn 0.945676 0.249252 0.208736
vn 0.978092 0.147357 -0.147044
vn 0.981295 0.124535 0.146803
vn 0.995214 0.014585 -0.096629
vn 0.977482 -0.011394 0.210711
vn 0.977997 -0.134758 -0.159253
vn 0.972845 -0.159924 0.167321
vn 0.953254 -0.282690 -0.106742
vn 0.925510 -0.305151 0.224310
vn 0.885774 -0.433776 -0.165052
vn 0.873821 -0.459111 0.160169
vn 0.804615 -0.580971 -0.122750
vn 0.766634 -0.600322 0.227784
vn 0.662607 -0.731891 -0.159021
vn 0.635267 -0.759515 0.139902
vn 0.519271 -0.846244 -0.119281
vn 0.480605 -0.849425 0.217935
vn 0.364248 -0.916609 -0.164776
vn 0.322120 -0.928508 0.184695
vn 0.227576 -0.967618 -0.109200
vn 0.196272 -0.970187 0.142175
vn 0.119959 -0.979969 -0.158967
vn 0.108956 -0.978474 0.175263
vn 0.057289 -0.992172 -0.110959
vn 0.041178 -0.979480 0.197290
vn 0.005433 -0.987270 -0.158960
vn -0.004514 0.990636 0.136455
vn -0.006812 0.987325 -0.158565
vn -0.024318 0.980373 0.195647
vn -0.030186 0.993353 -0.111083
vn -0.074188 0.987588 0.138441
vn -0.088310 0.983117 -0.160260
vn -0.165301 0.965595 0.200754
vn -0.185631 0.976123 -0.112807
vn -0.275284 0.950265 0.145653
vn -0.296954 0.939669 -0.169826
vn -0.419300 0.883142 0.210352
vn -0.457302 0.880207 -0.126928
vn -0.598928 0.790094 0.130525
vn -0.626367 0.763433 -0.157590
vn -0.748058 0.636067 0.189283
vn -0.777400 0.620603 -0.102479
vn -0.860192 0.488096 0.147759
vn -0.876189 0.452145 -0.166905
vn -0.927804 0.305757 0.213758
vn -0.950687 0.286002 -0.119990
vn -0.973509 0.164750 0.158549
vn -0.973886 0.135219 -0.182376
vn -0.974534 0.000892 0.224239
vn -0.991123 -0.028622 -0.129832
vn -0.975692 -0.152016 0.157851
vn -0.967500 -0.176530 -0.181056
vn -0.944859 -0.258100 0.201559
vn -0.955281 -0.272884 -0.113896
vn -0.938317 -0.296755 0.177473
vn -0.939409 -0.298432 -0.168672
vn -0.938322 -0.308618 0.155909
vn -0.939839 -0.314427 -0.133562
vn -0.937371 -0.300057 0.176921
vn -0.942732 -0.288804 -0.166879
vn -0.953981 -0.229571 0.192916
vn -0.970520 -0.214666 -0.109587
vn -0.976570 -0.098891 0.191134
vn -0.979613 -0.090546 -0.179330
vn -0.987590 0.033670 0.153401
vn -0.988980 0.062554 -0.134186
vn -0.969031 0.173262 0.175953
vn -0.962803 0.209039 -0.171209
vn -0.925911 0.323799 0.194535
vn -0.928422 0.352920 -0.116100
vn -0.878604 0.455625 0.143043
vn -0.862715 0.474935 -0.173666
vn -0.817420 0.538124 0.205539
vn -0.824574 0.551751 -0.125092
vn -0.814919 0.567655 0.116942
vn -0.811312 0.567997 -0.138395
vn -0.817104 0.576466 -0.005329
vn 0.000000 -1.000000 0.000000
vn 0.000000 0.009699 -0.999953
vn -0.817659 0.575676 -0.005590
vn 0.000000 -1.000000 0.000000
vn 0.000000 -0.009699 0.999953
vn -0.817659 0.575676 -0.005590
vn 0.000000 1.000000 0.000000
vn 0.000000 0.009699 -0.999953
vn -0.818213 0.574886 -0.005852
vn 0.000000 -0.009699 0.999953
vn 0.000000 1.000000 0.000000
vn -0.813656 0.559533 0.157754
vn -0.821901 0.559725 -0.105770
vn -0.842553 0.519770 0.141223
vn -0.843464 0.508153 -0.174209
vn -0.874022 0.445388 0.194204
vn -0.891312 0.438103 -0.116742
vn -0.919257 0.368355 0.138856
vn -0.919977 0.351453 -0.173559
vn -0.945494 0.264523 0.189917
vn -0.960993 0.248555 -0.121300
vn -0.980468 0.151194 0.125792
vn -0.977447 0.127690 -0.168201
vn -0.982084 0.008725 0.188242
vn -0.992692 -0.015400 -0.119687
vn -0.981006 -0.130563 0.143462
vn -0.970596 -0.156214 -0.183141
vn -0.938059 -0.282843 0.200113
vn -0.939764 -0.315543 -0.131444
vn -0.891779 -0.431585 0.135889
vn -0.870833 -0.453703 -0.189219
vn -0.790593 -0.576953 0.205152
vn -0.775238 -0.614636 -0.145700
vn -0.669825 -0.732743 0.120091
vn -0.635558 -0.751092 -0.178679
vn -0.508621 -0.836930 0.202123
vn -0.484901 -0.864066 -0.135138
vn -0.369136 -0.918818 0.139686
vn -0.337002 -0.924869 -0.176201
vn -0.222469 -0.954804 0.197122
vn -0.197440 -0.973400 -0.116229
vn -0.121983 -0.983108 0.136450
vn -0.104798 -0.981086 -0.162750
vn -0.056396 -0.979061 0.195597
vn -0.041610 -0.992765 -0.112630
vn -0.006385 -0.990598 0.136653
vn 0.610403 -0.702067 0.366757
vn 0.379075 -0.442834 0.812527
vn 0.577573 -0.439046 0.688221
vn 0.751434 -0.381800 0.538123
vn 0.529130 -0.269412 0.804636
vn -0.016866 0.007743 0.999828
vn 0.545601 -0.170246 0.820571
vn 0.886029 -0.278457 0.370693
vn 0.523065 -0.162333 0.836691
vn -0.015579 0.007254 0.999852
vn 0.565691 -0.082381 0.820492
vn -0.016316 0.007330 0.999840
vn -0.016519 0.007270 0.999837
vn 0.268917 -0.481001 0.834459
vn -0.017869 0.008368 0.999805
vn 0.487467 -0.373558 0.789196
vn -0.018038 0.008564 0.999801
vn 0.379100 -0.442621 0.812631
vn 0.917920 -0.137060 0.372342
vn 0.583118 -0.085012 0.807927
vn 0.568610 0.002477 0.822604
vn 0.940765 -0.003409 0.339043
vn 0.561581 0.004346 0.827410
vn -0.015561 0.006647 0.999857
vn 0.561255 0.084581 0.823309
vn -0.014547 0.006107 0.999876
vn -0.015671 0.006290 0.999857
vn 0.567210 0.159440 0.807993
vn -0.017398 0.007183 0.999823
vn 0.189283 -0.526844 0.828617
vn -0.016091 0.006248 0.999851
vn 0.104230 -0.538062 0.836436
vn 0.106841 -0.545661 0.831167
vn 0.195513 -0.916276 0.349591
vn 0.050001 -0.552487 0.832021
vn -0.014056 0.003573 0.999895
vn 0.049868 -0.553066 0.831644
vn 0.090713 -0.935106 0.342562
vn 0.003122 -0.466032 0.884762
vn 0.041209 -0.939546 0.339935
vn -0.005665 -0.941363 0.337348
vn -0.016361 -0.157964 0.987309
vn 0.929537 0.132281 0.344185
vn 0.553026 0.083922 0.828927
vn 0.560082 0.159059 0.813024
vn 0.904459 0.248916 0.346402
vn 0.539378 0.218160 0.813313
vn -0.014720 0.005257 0.999878
vn 0.869629 0.341145 0.356882
vn 0.549377 0.221179 0.805769
vn 0.507316 0.262982 0.820653
vn 0.839912 0.424787 0.337793
vn 0.490236 0.254908 0.833481
vn -0.010093 0.004159 0.999941
vn 0.287682 0.196216 0.937410
vn -0.013735 0.031647 0.999405
vn -0.192877 0.981222 -0.001150
vn 0.085139 0.083916 0.992829
vn -0.010370 -0.007441 0.999919
vn 0.243459 0.139219 0.959868
vn -0.017432 -0.028064 0.999454
vn -0.592733 0.805392 -0.003446
vn -0.008854 0.003179 0.999956
vn 0.500932 0.288183 0.816099
vn -0.008924 0.003568 0.999954
vn -0.755832 0.654754 -0.003991
vn -0.009157 0.002928 0.999954
vn 0.543316 0.243202 0.803530
vn -0.009207 0.003269 0.999952
vn -0.884649 0.466237 -0.004496
vn -0.009300 0.003001 0.999952
vn 0.586823 0.151479 0.795420
vn -0.009331 0.002913 0.999952
vn -0.966029 0.258393 -0.004497
vn -0.009217 0.003067 0.999953
vn 0.574330 0.036049 0.817830
vn -0.009263 0.002394 0.999954
vn -0.999350 0.035815 -0.004233
vn -0.008827 0.003172 0.999956
vn 0.560988 -0.057840 0.825801
vn -0.008350 0.002794 0.999961
vn -0.984274 -0.176609 -0.003857
vn -0.008045 0.004904 0.999956
vn 0.549714 -0.137625 0.823938
vn -0.007677 0.003585 0.999964
vn 0.564673 -0.182341 0.804920
vn 0.547119 -0.176308 0.818277
vn 0.874357 -0.283912 0.393565
vn 0.549421 -0.169380 0.818197
vn -0.005499 0.002040 0.999983
vn 0.531374 -0.163624 0.831185
vn 0.888150 -0.276831 0.366816
vn 0.701058 -0.175981 0.691049
vn 0.838392 -0.122156 0.531203
vn 0.795405 0.487383 0.360261
vn 0.496675 0.311288 0.810194
vn 0.349640 0.241704 0.905169
vn 0.771929 0.518755 0.367450
vn 0.785218 0.509915 0.351311
vn 0.490704 0.322659 0.809383
vn 0.507771 0.292795 0.810210
vn 0.823876 0.469166 0.317982
vn 0.853204 0.402606 0.331589
vn 0.543632 0.246695 0.802250
vn 0.574436 0.147076 0.805228
vn 0.913032 0.225520 0.339871
vn 0.566435 0.031834 0.823492
vn 0.942808 0.024203 0.332458
vn 0.558951 -0.058104 0.827162
vn 0.938126 -0.102753 0.330699
vn 0.907227 -0.231073 0.351491
vn 0.538794 -0.133197 0.831841
vn 0.349621 -0.859750 0.372283
vn 0.193272 -0.536703 0.821338
vn 0.460584 -0.797304 0.390088
vn 0.276827 -0.492456 0.825139
vn -0.006879 0.000407 0.999976
vn -0.916985 -0.398909 -0.003113
vn -0.006613 -0.000559 0.999978
vn -0.006642 -0.000545 0.999978
vn -0.006610 -0.000567 0.999978
vn -0.001382 0.003999 0.999991
vn 0.575261 -0.147831 0.804501
vn -0.004338 0.000275 0.999991
vn -0.085208 0.565530 0.820315
vn -0.001300 0.004090 0.999991
vn -0.143233 0.536554 0.831622
vn -0.001147 0.004251 0.999990
vn 0.592475 -0.086182 0.800966
vn -0.001103 0.004274 0.999990
vn -0.139334 0.555260 0.819922
vn -0.000957 0.004412 0.999990
vn 0.568283 0.019976 0.822590
vn -0.000930 0.004400 0.999990
vn -0.080319 0.610844 0.787667
vn -0.000747 0.004603 0.999989
vn 0.561871 0.166654 0.810264
vn -0.000733 0.004569 0.999989
vn 0.030564 0.581772 0.812778
vn -0.000671 0.004611 0.999989
vn 0.490050 0.329386 0.807066
vn -0.000722 0.004511 0.999990
vn 0.179561 0.564454 0.805698
vn -0.000702 0.004537 0.999990
vn 0.352673 0.467626 0.810523
vn 0.179934 0.552845 0.813625
vn 0.293814 0.886443 0.357620
vn 0.349636 0.463607 0.814139
vn 0.568211 0.747945 0.343095
vn 0.781017 0.513483 0.355453
vn 0.490307 0.326961 0.807895
vn 0.903608 0.263130 0.338017
vn 0.570849 0.170286 0.803203
vn 0.585330 0.020577 0.810534
vn 0.943600 0.030181 0.329708
vn -0.004469 -0.002010 0.999988
vn -0.806011 -0.591895 -0.002560
vn -0.003003 -0.003169 0.999990
vn 0.039933 0.608539 0.792519
vn -0.004405 -0.002911 0.999986
vn -0.650271 -0.759700 -0.001934
vn -0.003726 -0.003558 0.999987
vn 0.182609 0.522125 0.833090
vn -0.004307 -0.003447 0.999985
vn -0.465930 -0.884820 -0.001241
vn -0.004352 -0.003420 0.999985
vn 0.329457 0.429516 0.840818
vn -0.004030 -0.003462 0.999986
vn -0.250910 -0.968010 -0.000638
vn -0.005174 -0.002479 0.999984
vn 0.502880 0.275247 0.819360
vn -0.004069 -0.002766 0.999988
vn -0.035749 -0.999361 -0.000091
vn -0.002094 -0.001030 0.999997
vn 0.585280 0.087735 0.806070
vn -0.001347 -0.003465 0.999993
vn 0.180715 -0.983535 0.000402
vn -0.000401 -0.001778 0.999998
vn -0.002708 0.559252 0.828993
vn 0.000035 -0.003583 0.999994
vn -0.011753 0.558174 0.829640
vn -0.013766 0.571154 0.820727
vn -0.025557 0.941118 0.337110
vn -0.048254 0.591977 0.804509
vn 0.000845 -0.003647 0.999993
vn -0.050252 0.605747 0.794069
vn -0.078218 0.937063 0.340286
vn -0.106568 0.590246 0.800158
vn -0.166622 0.924674 0.342367
vn -0.273094 0.892237 0.359630
vn -0.173875 0.563373 0.807699
vn -0.000085 -0.003832 0.999993
vn 0.394768 -0.918780 0.001059
vn 0.000385 -0.003936 0.999992
vn -0.107518 0.591058 0.799431
vn -0.173508 0.558584 0.811097
vn 0.000794 -0.003863 0.999992
vn -0.249377 0.508404 0.824218
vn -0.405182 0.830521 0.382180
vn -0.584386 0.739191 0.334797
vn -0.342368 0.436295 0.832124
vn 0.000195 -0.004298 0.999991
vn 0.591227 -0.806504 0.001690
vn 0.000610 -0.003989 0.999992
vn -0.247594 0.500734 0.829435
vn -0.346835 0.443548 0.826420
vn 0.000340 -0.004213 0.999991
vn -0.448262 0.366090 0.815499
vn -0.734296 0.602978 0.311813
vn -0.825611 0.441250 0.351659
vn -0.513651 0.269786 0.814480
vn -0.891353 0.277468 0.358472
vn -0.568334 0.175781 0.803802
vn -0.519897 0.273689 0.809198
vn 0.000009 -0.004599 0.999990
vn -0.455217 0.374558 0.807765
vn 0.000158 -0.004394 0.999990
vn -0.000093 -0.004751 0.999989
vn -0.569447 0.178962 0.802311
vn -0.000024 -0.004549 0.999990
vn -0.600224 0.086195 0.795174
vn -0.836361 0.123485 0.534090
vn -0.736714 -0.010543 0.676122
vn -0.612713 -0.009824 0.790244
vn -0.000044 -0.004521 0.999990
vn 0.000090 -0.004156 0.999991
vn 0.760912 -0.648851 0.002175
vn 0.000103 -0.004108 0.999992
vn -0.592476 -0.102650 0.799021
vn 0.000236 -0.003638 0.999993
vn -0.553226 -0.154641 0.818552
vn -0.568239 -0.157871 0.807577
vn -0.908796 -0.247940 0.335582
vn -0.564933 -0.182585 0.804682
vn 0.000323 -0.003148 0.999995
vn -0.569984 -0.185193 0.800514
vn -0.898323 -0.284837 0.334491
vn -0.563624 -0.189151 0.804083
vn -0.885556 -0.292839 0.360604
vn -0.835514 -0.142254 0.530735
vn 0.028705 0.559770 0.828151
vn 0.047863 0.938480 0.342002
vn -0.075777 0.583121 0.808843
vn -0.119765 0.932394 0.341024
vn -0.221117 0.913551 0.341367
vn -0.130646 0.539402 0.831851
vn -0.243996 0.907939 0.340752
vn -0.144276 0.538606 0.830114
vn -0.150725 0.930123 0.334892
vn -0.089405 0.553127 0.828286
vn 0.068058 0.937860 0.340275
vn 0.038569 0.576190 0.816405
vn 0.324263 0.884412 0.335662
vn 0.182826 0.500965 0.845936
vn 0.334475 0.438515 0.834165
vn 0.566669 0.758390 0.322074
vn 0.822642 0.449272 0.348447
vn 0.516788 0.285869 0.806975
vn 0.583508 0.084488 0.807700
vn 0.929966 0.124419 0.345953
vn 0.581672 0.012654 0.813325
vn 0.000755 0.001124 0.999999
vn 0.000752 0.001132 0.999999
vn 0.013282 0.557938 0.829776
vn 0.000801 0.001105 0.999999
vn 0.600154 0.005412 0.799867
vn 0.153115 0.294617 0.943269
vn 0.000990 0.001157 0.999999
vn 0.521394 0.149763 0.840071
vn 0.707636 0.150849 0.690287
vn 0.830314 0.010820 0.557191
vn 0.582058 0.011293 0.813069
vn 0.943012 0.023773 0.331908
vn 0.000308 -0.003268 0.999995
vn 0.884687 -0.466178 0.002719
vn 0.000375 -0.002894 0.999996
vn -0.568668 -0.192199 0.799798
vn -0.556517 -0.170682 0.813115
vn 0.000402 -0.002662 0.999996
vn -0.551452 -0.167623 0.817192
vn -0.906357 -0.267487 0.327059
vn -0.570737 -0.133504 0.810208
vn -0.923082 -0.219352 0.315918
vn -0.828961 -0.105475 0.549271
vn -0.798001 0.044389 0.601019
vn 0.000367 -0.002738 0.999996
vn 0.964804 -0.262948 0.003476
vn 0.000449 -0.002828 0.999996
vn -0.558822 -0.127705 0.819396
vn -0.601859 -0.063809 0.796049
vn 0.000164 -0.002576 0.999997
vn 0.000065 -0.001763 0.999998
vn 0.999228 -0.039075 0.004019
vn -0.000194 -0.001747 0.999999
vn 0.981956 0.189055 0.004466
vn -0.000389 -0.002767 0.999996
vn -0.614821 0.034152 0.787927
vn -0.000895 -0.002273 0.999997
vn 0.916988 0.398890 0.004369
vn -0.000576 -0.004756 0.999989
vn -0.587490 0.115400 0.800961
vn -0.001250 -0.003488 0.999993
vn -0.518981 0.175358 0.836605
vn -0.542025 0.186162 0.819483
vn -0.888532 0.317102 0.331598
vn -0.509533 0.270118 0.816953
vn -0.002062 -0.003712 0.999991
vn -0.517227 0.269907 0.812173
vn -0.826069 0.440184 0.351921
vn -0.495716 0.323345 0.806049
vn -0.779069 0.514981 0.357555
vn -0.767545 0.532917 0.356195
vn -0.490238 0.335065 0.804611
vn -0.599341 0.125389 0.790612
vn -0.917571 0.217459 0.332829
vn -0.001964 -0.001333 0.999997
vn 0.808293 0.588766 0.004183
vn -0.002816 -0.002870 0.999992
vn 0.654023 0.756466 0.003663
vn -0.002074 -0.006952 0.999974
vn -0.496844 0.324560 0.804864
vn -0.003017 -0.004701 0.999984
vn -0.490259 0.335108 0.804580
vn -0.494410 0.329252 0.804457
vn -0.773543 0.524132 0.356254
vn -0.801725 0.486036 0.347860
vn -0.510482 0.304387 0.804212
vn -0.846140 0.423468 0.323609
vn -0.203661 0.085886 0.975267
vn -0.506933 0.310003 0.804312
vn -0.005991 -0.030101 0.999529
vn -0.494485 0.329320 0.804384
vn -0.003645 -0.005201 0.999980
vn -0.004159 -0.002033 0.999989
vn 0.462301 0.886719 0.002643
vn -0.002203 -0.002805 0.999994
vn 0.261221 0.965278 0.001542
vn -0.036918 -0.011153 0.999256
vn -0.117769 0.044725 0.992033
vn -0.241353 0.084779 0.966727
vn -0.876759 0.339340 0.340795
vn -0.367163 0.096798 0.925106
vn -0.911536 0.247078 0.328716
vn -0.936904 0.130319 0.324390
vn -0.571357 0.074636 0.817301
vn -0.948302 -0.005184 0.317328
vn -0.587299 -0.006788 0.809342
vn -0.926377 -0.139373 0.349857
vn -0.602321 -0.093947 0.792707
vn -0.585143 -0.091481 0.805754
vn -0.005872 -0.004977 0.999970
vn -0.565904 -0.178941 0.804819
vn -0.894758 -0.280436 0.347511
vn -0.543939 -0.171236 0.821468
vn -0.015577 -0.007209 0.999853
vn -0.549837 -0.277152 0.787950
vn 0.001602 0.001600 0.999997
vn -0.029789 -0.052280 0.998188
vn -0.005116 -0.006578 0.999965
vn -0.580198 -0.004886 0.814461
vn -0.348990 0.049799 0.935802
vn -0.764619 -0.385615 0.516390
vn -0.595670 -0.444040 0.669332
vn -0.508931 -0.380231 0.772279
vn 0.041680 0.041039 0.998288
vn -0.287916 -0.318617 0.903099
vn -0.240664 -0.391225 0.888270
vn -0.471825 -0.798101 0.374722
vn -0.144672 -0.328377 0.933402
vn -0.218908 -0.540309 0.812494
vn -0.337815 -0.871847 0.354633
vn -0.090715 -0.446457 0.890195
vn -0.207432 -0.917836 0.338450
vn -0.112602 -0.933925 0.339272
vn -0.025426 -0.080436 0.996436
vn -0.052473 -0.939596 0.338241
vn -0.052672 -0.348599 0.935791
vn -0.015935 -0.246684 0.968965
vn -0.002588 -0.559265 0.828985
vn -0.055968 0.000113 0.998433
vn -0.011182 -0.000986 0.999937
vn 0.018481 -0.000309 0.999829
vn -0.081281 -0.558741 0.825350
vn -0.032505 -0.163439 0.986018
vn -0.039085 -0.003419 -0.999230
vn -0.074801 -0.551426 0.830864
vn -0.002086 0.005466 0.999983
vn -0.114511 0.032586 0.992887
vn -0.019263 0.001274 0.999814
vn -0.044410 -0.002268 0.999011
vn -0.009321 -0.003261 0.999951
vn -0.996285 -0.082200 -0.025675
vn -0.005295 0.941632 0.336602
vn -0.002665 0.559375 0.828911
vn 0.025259 0.940263 0.339509
vn 0.014815 0.566217 0.824123
vn 0.223771 0.428737 0.875278
vn 0.049498 0.936605 0.346874
vn 0.769494 0.463834 0.439019
vn -0.620265 -0.703064 0.347812
vn -0.401946 -0.448362 0.798380
vn -0.664337 -0.505001 -0.551026
vn -0.846999 -0.431773 -0.310106
vn -0.593467 -0.303013 -0.745641
vn -0.583654 -0.297095 -0.755700
vn 0.017004 0.007805 -0.999825
vn -0.604275 -0.189066 -0.774019
vn -0.906140 -0.286338 -0.311320
vn -0.582311 -0.181285 -0.792496
vn 0.015965 0.007350 -0.999846
vn -0.626513 -0.092177 -0.773941
vn 0.016416 0.007346 -0.999838
vn 0.016482 0.007239 -0.999838
vn -0.300588 -0.534526 -0.789892
vn 0.017782 0.008274 -0.999808
vn -0.535910 -0.410210 -0.737922
vn 0.017747 0.008233 -0.999809
vn -0.419610 -0.488770 -0.764873
vn -0.419657 -0.488685 -0.764902
vn -0.632880 -0.725143 -0.271350
vn -0.478397 -0.823793 -0.304139
vn -0.308374 -0.545707 -0.779172
vn -0.211963 -0.584554 -0.783178
vn 0.017430 0.007207 -0.999822
vn 0.015689 0.006304 -0.999857
vn -0.626407 0.174630 -0.759683
vn 0.016095 0.006252 -0.999851
vn -0.118064 -0.598392 -0.792457
vn 0.014702 0.005249 -0.999878
vn -0.596273 0.239686 -0.766165
vn 0.014796 0.005022 -0.999878
vn -0.057770 -0.613600 -0.787501
vn 0.012684 0.003889 -0.999912
vn -0.545188 0.281870 -0.789506
vn 0.013458 0.004012 -0.999901
vn -0.542090 0.337404 -0.769608
vn -0.561982 0.289747 -0.774741
vn -0.854003 0.430900 -0.291555
vn -0.548653 0.342286 -0.762771
vn -0.812053 0.498105 -0.304075
vn -0.787250 0.537629 -0.301982
vn -0.532040 0.368847 -0.762158
vn 0.014547 0.006113 -0.999876
vn -0.622528 0.092407 -0.777123
vn 0.015562 0.006653 -0.999857
vn -0.623632 0.003659 -0.781709
vn -0.630371 0.001709 -0.776292
vn -0.956367 -0.001848 -0.292162
vn -0.643360 -0.094702 -0.759683
vn -0.935189 -0.141766 -0.324537
vn -0.619322 0.174330 -0.765539
vn -0.923116 0.252146 -0.290310
vn -0.614462 0.091874 -0.783579
vn -0.949256 0.134345 -0.284366
vn -0.886899 0.346719 -0.305279
vn -0.605980 0.242420 -0.757642
vn -0.532136 0.368879 -0.762076
vn 0.010602 0.003090 -0.999939
vn 0.014947 0.004514 -0.999878
vn -0.018300 -0.620163 -0.784260
vn 0.013469 -0.000001 -0.999909
vn 0.012912 -0.620918 -0.783770
vn -0.018093 -0.619475 -0.784808
vn -0.043284 -0.959679 -0.277745
vn 0.012928 -0.621078 -0.783642
vn 0.004484 -0.961351 -0.275288
vn 0.052364 -0.959704 -0.276091
vn 0.043898 -0.620089 -0.783302
vn -0.528638 0.374650 -0.761695
vn 0.006763 0.001274 -0.999976
vn 0.009806 -0.001663 -0.999951
vn 0.547339 0.359520 -0.755755
vn 0.014947 -0.004502 -0.999878
vn 0.044030 -0.620755 -0.782767
vn 0.083472 -0.614971 -0.784120
vn 0.014779 -0.005004 -0.999878
vn 0.083349 -0.615542 -0.783684
vn 0.113906 -0.954092 -0.277007
vn 0.145971 -0.608078 -0.780342
vn 0.210126 -0.936819 -0.279675
vn 0.013433 -0.003993 -0.999902
vn 0.555490 0.331709 -0.762496
vn 0.547230 0.359430 -0.755877
vn 0.796207 0.531138 -0.289736
vn 0.551038 0.349741 -0.757653
vn 0.006400 -0.001719 -0.999978
vn 0.552686 0.350396 -0.756149
vn 0.806257 0.518406 -0.284964
vn 0.570659 0.318215 -0.757025
vn 0.839066 0.476673 -0.262205
vn 0.561883 0.336622 -0.755628
vn 0.816931 0.497797 -0.291243
vn 0.576547 0.283311 -0.766373
vn 0.859052 0.430516 -0.276923
vn 0.559961 0.275258 -0.781458
vn 0.012643 -0.003863 -0.999913
vn 0.611653 0.232778 -0.756105
vn 0.015230 -0.005666 -0.999868
vn 0.017155 -0.006689 -0.999830
vn 0.143458 -0.600767 -0.786447
vn 0.236325 -0.587514 -0.773936
vn 0.016018 -0.006344 -0.999852
vn 0.240034 -0.597116 -0.765399
vn 0.346479 -0.892747 -0.288019
vn 0.331513 -0.549552 -0.766871
vn 0.487314 -0.824076 -0.288831
vn 0.640573 -0.725327 -0.252127
vn 0.441082 -0.493305 -0.749731
vn 0.678712 -0.507919 -0.530442
vn 0.441039 -0.493368 -0.749716
vn 0.017881 -0.008362 -0.999805
vn 0.555501 -0.415427 -0.720305
vn 0.017814 -0.008284 -0.999807
vn 0.016494 -0.007237 -0.999838
vn 0.324201 -0.538779 -0.777567
vn 0.016743 -0.007697 -0.999830
vn 0.602823 -0.303524 -0.737887
vn 0.016191 -0.007278 -0.999842
vn 0.644663 -0.099976 -0.757901
vn 0.015188 -0.007114 -0.999859
vn 0.601908 -0.188949 -0.775890
vn 0.623280 -0.196484 -0.756912
vn 0.913716 -0.287073 -0.287598
vn 0.759478 -0.383855 -0.525212
vn 0.014916 -0.006037 -0.999871
vn 0.642348 0.167426 -0.747902
vn 0.635385 0.166939 -0.753934
vn 0.928886 0.251691 -0.271702
vn 0.621222 0.235616 -0.747374
vn 0.892610 0.346211 -0.288765
vn 0.014526 -0.006098 -0.999876
vn 0.639253 0.084510 -0.764338
vn 0.015596 -0.006662 -0.999856
vn 0.640659 -0.004250 -0.767814
vn 0.841861 -0.004497 -0.539676
vn 0.831066 -0.126912 -0.541500
vn 0.631360 0.083838 -0.770944
vn 0.955197 0.134128 -0.263835
vn -0.104783 -0.954047 -0.280740
vn -0.057628 -0.614263 -0.786994
vn -0.201015 -0.936730 -0.286583
vn -0.120739 -0.605925 -0.786306
vn -0.337269 -0.892553 -0.299331
vn -0.215975 -0.594331 -0.774678
vn 0.880308 0.391739 -0.267579
vn 0.607821 0.267058 -0.747819
vn 0.935091 0.230685 -0.269053
vn 0.641628 0.157683 -0.750633
vn 0.607744 0.263493 -0.749145
vn 0.005554 -0.001258 -0.999984
vn 0.653484 0.162319 -0.739332
vn 0.005145 -0.000022 -0.999987
vn 0.005331 0.001360 -0.999985
vn -0.567856 0.200131 -0.798428
vn 0.005095 0.003811 -0.999980
vn -0.638504 0.131421 -0.758315
vn -0.590499 0.210874 -0.779002
vn -0.901325 0.325213 -0.286095
vn -0.649682 0.141885 -0.746848
vn -0.938594 0.200806 -0.280569
vn -0.835353 0.048715 -0.547552
vn 0.564231 0.313665 -0.763713
vn 0.005930 -0.001393 -0.999981
vn 0.005703 0.001456 -0.999983
vn -0.553578 0.303599 -0.775486
vn 0.006183 0.001360 -0.999980
vn -0.537109 0.362733 -0.761537
vn -0.535905 0.361519 -0.762961
vn -0.793926 0.527961 -0.301561
vn -0.528527 0.374617 -0.761788
vn -0.781619 0.546400 -0.300863
vn 0.963538 0.050221 -0.262817
vn 0.635655 0.030746 -0.771361
vn 0.643047 0.035477 -0.765005
vn 0.004791 -0.001196 -0.999988
vn 0.626799 -0.068801 -0.776138
vn 0.958526 -0.105120 -0.264912
vn 0.628595 -0.068301 -0.774728
vn 0.003673 -0.002923 -0.999989
vn 0.615021 -0.156786 -0.772766
vn 0.001528 -0.003603 -0.999992
vn 0.002421 -0.001962 -0.999995
vn 0.205119 0.578050 -0.789800
vn 0.001321 -0.003808 -0.999992
vn 0.045782 0.666965 -0.743682
vn 0.044645 0.634910 -0.771295
vn 0.069916 0.957662 -0.279276
vn -0.092930 0.623113 -0.776591
vn 0.001479 -0.003864 -0.999991
vn -0.097720 0.610765 -0.785759
vn -0.152417 0.950017 -0.272465
vn -0.158921 0.594194 -0.788465
vn -0.250398 0.927722 -0.276828
vn 0.004949 0.001259 -0.999987
vn -0.667723 0.041411 -0.743258
vn 0.003581 0.000647 -0.999993
vn -0.654929 -0.066104 -0.752793
vn -0.831128 -0.091171 -0.548557
vn -0.814123 -0.189722 -0.548825
vn -0.919247 -0.277610 -0.279137
vn -0.604453 -0.180867 -0.775837
vn -0.609209 -0.184113 -0.771341
vn 0.001792 0.002261 -0.999996
vn -0.611826 -0.136937 -0.779049
vn 0.001314 0.003230 -0.999994
vn 0.002009 0.002107 -0.999996
vn 0.368360 0.477053 -0.797955
vn -0.841194 0.447696 -0.303250
vn -0.561373 0.303088 -0.770064
vn -0.225949 0.932940 -0.280304
vn -0.144085 0.594974 -0.790725
vn -0.153243 0.610517 -0.777037
vn 0.001079 -0.004274 -0.999990
vn -0.082504 0.639493 -0.764357
vn -0.121804 0.952562 -0.278908
vn -0.086985 0.666788 -0.740154
vn 0.000889 -0.004446 -0.999990
vn 0.035324 0.638723 -0.768625
vn 0.000801 -0.004537 -0.999989
vn 0.000825 -0.004503 -0.999990
vn 0.622997 0.178567 -0.761570
vn 0.000654 -0.004744 -0.999989
vn 0.543153 0.358410 -0.759294
vn 0.543636 0.355876 -0.760140
vn 0.800610 0.530388 -0.278770
vn 0.391999 0.511981 -0.764337
vn 0.000448 -0.005030 -0.999987
vn 0.388975 0.507936 -0.768570
vn 0.584572 0.767935 -0.261823
vn 0.200859 0.606969 -0.768924
vn 0.305323 0.910086 -0.280216
vn 0.000580 -0.004859 -0.999988
vn 0.200191 0.618680 -0.759709
vn 0.033388 0.616763 -0.786440
vn 0.051415 0.960027 -0.275144
vn 0.933676 -0.232865 -0.272071
vn 0.604496 -0.152516 -0.781872
vn 0.908908 -0.294725 -0.294997
vn 0.610334 -0.199492 -0.766613
vn 0.627296 -0.205164 -0.751271
vn 0.001683 -0.003647 -0.999992
vn 0.612079 -0.192182 -0.767089
vn 0.001659 -0.003734 -0.999992
vn 0.001390 -0.004009 -0.999991
vn 0.637270 -0.167710 -0.752170
vn 0.001312 -0.004077 -0.999991
vn -0.157741 0.592081 -0.790290
vn 0.001146 -0.004230 -0.999990
vn 0.655091 -0.099930 -0.748912
vn 0.000904 -0.004456 -0.999990
vn 0.632152 0.016687 -0.774665
vn 0.918733 -0.285577 -0.272720
vn 0.594640 -0.186823 -0.781985
vn 0.808015 -0.206301 -0.551862
vn 0.828925 -0.125814 -0.545027
vn 0.838454 0.027121 -0.544297
vn 0.631720 0.182409 -0.753430
vn 0.922845 0.270531 -0.274174
vn 0.332121 0.901789 -0.276535
vn 0.205859 0.556729 -0.804783
vn 0.577273 0.769404 -0.273448
vn 0.372933 0.486225 -0.790257
vn 0.557183 0.304464 -0.772560
vn 0.000530 0.000865 -1.000000
vn 0.001093 0.003278 -0.999994
vn -0.621056 -0.207151 -0.755895
vn -0.616295 -0.203947 -0.760648
vn -0.905022 -0.300074 -0.301482
vn -0.618487 -0.196458 -0.760841
vn 0.000471 0.003592 -0.999994
vn -0.623483 -0.199144 -0.756049
vn -0.914177 -0.294748 -0.278216
vn -0.805853 -0.221162 -0.549262
vn 0.837996 0.465110 -0.285369
vn 0.570948 0.315173 -0.758079
vn 0.643992 0.093240 -0.759329
vn 0.953370 0.127102 -0.273736
vn 0.645523 0.097043 -0.757550
vn -0.000901 -0.001294 -0.999999
vn 0.642643 0.014165 -0.766035
vn -0.000813 -0.001128 -0.999999
vn -0.000770 -0.001104 -0.999999
vn 0.020297 0.629868 -0.776437
vn -0.000573 -0.001071 -0.999999
vn 0.656740 0.008205 -0.754073
vn -0.000492 -0.001087 -0.999999
vn 0.456635 0.299682 -0.837660
vn 0.029170 0.652157 -0.757523
vn -0.000187 -0.001043 -0.999999
vn 0.612408 0.112006 -0.782567
vn 0.778540 0.240343 -0.579750
vn 0.840771 0.010752 -0.541284
vn 0.642924 0.012667 -0.765825
vn 0.962125 0.028749 -0.271088
vn -0.000130 0.002064 -0.999998
vn -0.054212 0.653827 -0.754700
vn -0.000685 -0.001165 -0.999999
vn -0.014280 0.620512 -0.784067
vn -0.016484 0.633115 -0.773882
vn -0.026449 0.960957 -0.275430
vn -0.004306 0.620754 -0.783993
vn -0.000840 -0.001287 -0.999999
vn -0.004329 0.620779 -0.783974
vn -0.005960 0.961539 -0.274605
vn 0.010374 0.619282 -0.785100
vn 0.024955 0.959808 -0.279544
vn 0.030702 0.634406 -0.772390
vn 0.450537 0.269739 -0.851033
vn 0.050689 0.956251 -0.288122
vn 0.800191 0.479561 -0.360161
vn -0.080376 0.957102 -0.278380
vn -0.056342 0.667160 -0.742780
vn -0.169717 0.944142 -0.282474
vn -0.118126 0.651745 -0.749183
vn -0.119057 0.652532 -0.748350
vn -0.000468 0.004229 -0.999991
vn -0.000052 0.004099 -0.999992
vn -0.608366 -0.165843 -0.776136
vn -0.649217 -0.107831 -0.752921
vn 0.000257 0.004482 -0.999990
vn -0.821818 -0.136199 -0.553232
vn -0.834838 -0.008544 -0.550430
vn -0.670418 -0.005733 -0.741961
vn 0.002068 0.004495 -0.999988
vn -0.657587 0.099996 -0.746713
vn 0.000084 0.004755 -0.999989
vn -0.000882 0.004913 -0.999988
vn -0.274397 0.558712 -0.782654
vn -0.000643 0.004549 -0.999990
vn -0.191976 0.619188 -0.761414
vn -0.276108 0.566385 -0.776513
vn -0.421138 0.857377 -0.295886
vn -0.192196 0.624082 -0.757352
vn -0.281742 0.913760 -0.292685
vn -0.824634 0.122478 -0.552248
vn -0.795898 0.252127 -0.550435
vn -0.624784 0.202149 -0.754176
vn -0.000753 0.005053 -0.999987
vn -0.571522 0.306725 -0.761106
vn -0.001080 0.005229 -0.999986
vn -0.000928 0.005087 -0.999987
vn -0.500791 0.417419 -0.758267
vn -0.493884 0.409018 -0.767322
vn -0.743103 0.613615 -0.266973
vn -0.383558 0.495608 -0.779266
vn -0.001047 0.005047 -0.999987
vn -0.379446 0.488486 -0.785750
vn -0.594175 0.760331 -0.262400
vn -0.843047 0.447196 -0.298810
vn -0.565306 0.302869 -0.767267
vn 0.999884 0.001501 0.015154
vn -0.008256 -0.000001 0.999966
vn 0.000000 1.000000 0.000000
vn 0.999966 0.000163 0.008250
vn -0.001351 -0.003445 0.999993
vn 0.000000 -1.000000 0.000000
vn 0.999966 0.000163 0.008250
vn 0.000000 1.000000 0.000000
vn 0.999999 -0.001175 0.001347
vn 0.000000 -1.000000 0.000000
vn -0.008256 -0.000001 0.999966
vn 0.000000 -1.000000 0.000000
vn -0.999966 -0.000165 -0.008259
vn -0.015160 0.003443 0.999879
vn 0.000000 1.000000 0.000000
vn -0.999884 -0.001549 -0.015154
vn 0.000000 -1.000000 0.000000
vn -0.999998 0.001219 -0.001364
vn 0.000000 1.000000 0.000000
vn -0.999966 -0.000165 -0.008259
vn 0.035708 -0.999362 0.000079
vn -0.179072 -0.983836 -0.000444
vn -0.394464 -0.918911 -0.001002
vn -0.593544 -0.804800 -0.001640
vn -0.756829 -0.653609 -0.002329
vn -0.885656 -0.464335 -0.002813
vn -0.966855 -0.255302 -0.003484
vn -0.999511 -0.031026 -0.004021
vn -0.983557 0.180547 -0.004268
vn -0.916068 0.400999 -0.004455
vn -0.804964 0.593309 -0.004091
vn -0.649409 0.760431 -0.003564
vn -0.465345 0.885125 -0.002752
vn -0.394038 0.919091 -0.002378
vn -0.257518 0.966272 -0.001554
vn -0.042852 0.999081 -0.000259
vn 0.042896 0.999079 0.000259
vn 0.194760 0.980850 0.001162
vn 0.395128 0.918623 0.002294
vn 0.591934 0.805979 0.003385
vn 0.761926 0.647651 0.004189
vn 0.885650 0.464332 0.004400
vn 0.965231 0.261358 0.004598
vn 0.999233 0.038929 0.004337
vn 0.981797 -0.189894 0.003847
vn 0.916091 -0.400959 0.003110
vn 0.807274 -0.590172 0.002398
vn 0.653136 -0.757239 0.001867
vn 0.461859 -0.886953 0.001320
vn 0.254234 -0.967142 0.000635
vn -0.817644 0.575696 -0.005583
vn 0.000000 -1.000000 0.000000
vn 0.000000 -0.009699 0.999953
vn -0.817155 0.576393 -0.005419
vn 0.000000 -1.000000 0.000000
vn 0.000000 0.009699 -0.999953
vn -0.818039 0.575133 -0.005836
vn 0.000000 -0.009699 0.999953
vn 0.000000 1.000000 0.000000
vn -0.817375 0.576078 -0.005705
vn 0.000000 1.000000 0.000000
vn 0.000000 0.009699 -0.999953
vn 0.999708 0.022578 -0.008626
vn 0.014537 0.033042 0.999348
vn 0.991702 0.021613 -0.126731
vn 0.822648 -0.557140 -0.113335
vn 0.998530 -0.052963 0.011485
vn 0.000000 0.123239 0.992377
vn 0.978318 -0.203485 -0.038561
vn 0.106722 -0.283179 -0.953111
vn 0.964045 -0.259258 0.058338
vn 0.092139 -0.256167 -0.962231
vn 0.707852 -0.693903 -0.132074
vn 0.152378 -0.409656 -0.899424
vn 0.610048 -0.782218 -0.126403
vn 0.716035 0.016254 -0.697876
vn 0.409856 -0.898623 -0.156508
vn 0.255144 0.005121 -0.966890
vn 0.199238 -0.610903 -0.766225
vn 0.030377 -0.228630 -0.973039
vn 0.000091 0.103213 -0.994659
vn 0.299833 0.165145 -0.939589
vn -0.000001 0.432134 -0.901809
vn 0.112952 0.484655 -0.867382
vn 0.000167 0.683818 -0.729652
vn 0.267734 0.665079 -0.697129
vn 0.000165 0.884311 -0.466899
vn 0.373913 0.867163 -0.328964
vn 0.000194 0.983516 -0.180820
vn 0.000223 0.000000 -1.000000
vn 0.121176 0.975450 -0.183888
vn 0.608585 0.778957 -0.151162
vn 0.104295 0.000205 -0.994546
vn 0.581308 0.306753 -0.753647
vn 0.770780 0.074032 -0.632785
vn 0.965659 0.029676 -0.258114
vn 0.884227 0.094001 -0.457500
vn 0.986621 0.068138 -0.148109
vn 0.941332 0.176924 -0.287388
vn 0.517616 0.619533 -0.590129
vn 0.988573 0.133491 -0.070029
vn 0.552349 0.771704 -0.315253
vn 0.591355 0.790533 -0.159241
vn 0.102025 0.002301 -0.994779
vn 0.998642 0.041694 -0.031226
vn -0.013262 0.005293 0.999898
vn -0.984841 -0.173458 0.000000
vn -0.118374 -0.992969 0.000000
vn 0.000008 0.002646 0.999997
vn 0.000064 -1.000000 0.000000
vn -0.014685 0.001886 0.999890
vn -0.998766 -0.038744 -0.031062
vn 0.000009 0.000122 1.000000
vn -0.016079 0.000249 0.999871
vn -0.995432 0.022986 -0.092669
vn -0.003107 0.000163 0.999995
vn -0.016455 0.000381 0.999865
vn -0.999100 0.016433 -0.039111
vn -0.015002 0.024746 0.999581
vn -0.999708 0.022578 -0.008626
vn 0.014701 0.001886 0.999890
vn 0.998766 -0.038744 -0.031062
vn 0.016097 0.000249 0.999870
vn 0.995432 0.022986 -0.092669
vn 0.018261 0.000296 0.999833
vn 0.999100 0.016433 -0.039111
vn 0.003313 0.039559 0.999212
vn 0.964062 -0.259214 0.058241
vn -0.000413 0.246304 0.969193
vn 0.853630 -0.508173 0.114350
vn -0.001368 0.249078 0.968483
vn 0.853685 -0.508049 0.114492
vn 0.079294 -0.273684 -0.958546
vn 0.772810 -0.619155 0.139324
vn 0.998907 -0.045597 0.010245
vn 0.048960 -0.259061 -0.964619
vn 0.772508 -0.619559 0.139207
vn 0.998907 -0.045597 0.010245
vn -0.000849 0.248437 0.968648
vn 0.998907 -0.045597 0.010245
vn 0.526284 0.829624 -0.186413
vn 0.006862 -0.239055 -0.970982
vn 0.998907 -0.045597 0.010246
vn 0.526263 0.829635 -0.186422
vn 0.000842 0.246554 0.969129
vn 0.100411 0.004192 -0.994937
vn 0.994463 0.088902 -0.056043
vn 0.000114 0.001522 -0.999999
vn -0.104036 0.000148 -0.994574
vn -0.608630 0.778923 -0.151156
vn -0.120664 0.975512 -0.183895
vn -0.101908 0.002241 -0.994791
vn -0.591398 0.790501 -0.159236
vn -0.998642 0.041694 -0.031226
vn -0.100251 0.004186 -0.994953
vn -0.994460 0.088927 -0.056056
vn 0.985646 0.135609 -0.100563
vn -0.984841 -0.173458 0.000000
vn -0.118374 -0.992969 0.000000
vn -0.994525 -0.104502 0.000000
vn -0.986621 0.068145 -0.148103
vn -0.965670 0.029666 -0.258072
vn -0.884238 0.093960 -0.457488
vn -0.941335 0.176902 -0.287392
vn -0.517632 0.619529 -0.590120
vn -0.581300 0.306740 -0.753658
vn -0.267518 0.665121 -0.697171
vn -0.112836 0.484665 -0.867392
vn -0.299800 0.165156 -0.939598
vn -0.770813 0.074017 -0.632747
vn -0.716061 0.016256 -0.697848
vn -0.610047 -0.782218 -0.126403
vn -0.991702 0.021613 -0.126731
vn -0.822648 -0.557140 -0.113334
vn -0.216365 -0.143135 -0.965763
vn -0.409856 -0.898623 -0.156508
vn 0.526284 0.829624 -0.186413
vn -0.127458 0.967717 -0.217434
vn -0.004772 0.247873 0.968781
vn 0.526305 0.829613 -0.186404
vn -0.127458 0.967717 -0.217434
vn 0.008605 -0.231141 -0.972882
vn 0.016110 0.975548 -0.219193
vn -0.003150 0.247748 0.968820
vn 0.162115 0.962725 -0.216518
vn 0.017029 -0.238441 -0.971008
vn 0.244601 0.945949 -0.212956
vn 0.003154 0.246311 0.969186
vn 0.186180 0.958487 -0.215962
vn -0.001706 -0.230662 -0.973032
vn 0.042935 0.974649 -0.219582
vn 0.000002 0.246497 0.969144
vn -0.042646 0.974661 -0.219585
vn 0.000000 -0.230949 -0.972966
vn -0.215431 0.952669 -0.214504
vn -0.003152 0.246310 0.969186
vn -0.215238 0.952674 -0.214673
vn 0.001706 -0.230662 -0.973033
vn -0.162115 0.962725 -0.216518
vn -0.017013 -0.238441 -0.971008
vn -0.016111 0.975548 -0.219193
vn 0.003150 0.247748 0.968819
vn 0.127458 0.967717 -0.217434
vn -0.526305 0.829612 -0.186403
vn -0.008605 -0.231141 -0.972882
vn 0.127458 0.967717 -0.217434
vn -0.526284 0.829623 -0.186413
vn 0.004772 0.247875 0.968780
vn -0.526284 0.829623 -0.186413
vn -0.998907 -0.045597 0.010245
vn -0.006862 -0.239055 -0.970982
vn -0.526264 0.829635 -0.186422
vn -0.000841 0.246554 0.969129
vn -0.998907 -0.045597 0.010246
vn -0.998530 -0.052963 0.011485
vn 0.000000 0.123239 0.992377
vn -0.978318 -0.203485 -0.038561
vn -0.094739 -0.278315 -0.955806
vn -0.707852 -0.693903 -0.132074
vn -0.114147 -0.347440 -0.930729
vn -0.964045 -0.259258 0.058338
vn -0.084190 -0.254609 -0.963372
vn -0.964062 -0.259214 0.058241
vn 0.000412 0.246303 0.969193
vn -0.853630 -0.508173 0.114350
vn 0.001365 0.249076 0.968483
vn -0.853685 -0.508049 0.114492
vn -0.068805 -0.267469 -0.961107
vn -0.772811 -0.619155 0.139323
vn -0.998907 -0.045597 0.010245
vn -0.040132 -0.264633 -0.963514
vn -0.772508 -0.619559 0.139207
vn -0.998907 -0.045597 0.010245
vn 0.000847 0.248435 0.968648
vn 0.984841 -0.173458 0.000000
vn 0.118501 -0.992954 0.000000
vn 0.994525 -0.104502 0.000000
vn 0.984841 -0.173458 0.000000
vn 0.118501 -0.992954 0.000000
vn 0.013277 0.005290 0.999898
vn -0.008172 -0.241624 -0.970335
vn -0.005209 -0.250994 -0.967975
vn -0.003929 -0.242751 -0.970081
vn -0.006156 -0.254378 -0.967085
vn -0.012972 -0.297121 -0.954752
vn -0.373802 0.867208 -0.328972
vn -0.552392 0.771678 -0.315240
vn -0.988570 0.133516 -0.070025
vn -0.985640 0.135658 -0.100555
vn 0.000064 -1.000000 0.000000
vn 0.000002 0.208360 0.978052
vn -0.998957 -0.045653 0.000000
vn 0.053650 -0.998560 0.000000
vn -0.998957 -0.045653 0.000000
vn 0.053650 -0.998560 0.000000
vn 0.000000 0.000000 1.000000
vn -0.998957 -0.045653 0.000000
vn -0.053649 0.998560 0.000000
vn -0.998957 -0.045653 0.000000
vn 0.000000 0.000000 1.000000
vn -0.053649 0.998560 0.000000
vn 0.998974 0.045294 0.000000
vn 0.053650 -0.998560 0.000000
vn 0.000000 0.000000 1.000000
vn 0.998974 0.045294 0.000000
vn 0.053650 -0.998560 0.000000
vn 0.998974 0.045294 0.000000
vn 0.000000 0.000000 1.000000
vn -0.053649 0.998560 0.000000
vn 0.998974 0.045294 0.000000
vn -0.053649 0.998560 0.000000
vn -0.995195 0.073081 0.065170
vn 0.000000 0.663107 0.748525
vn 0.000000 0.000000 1.000000
vn -0.999211 0.038985 0.007554
vn 0.000000 1.000000 0.000000
vn 0.000000 0.663107 0.748525
vn -0.998805 0.047551 0.011337
vn 0.000000 0.000000 1.000000
vn 0.000000 -0.951562 0.307456
vn -0.999660 0.021869 -0.014181
vn 0.000000 -0.994618 0.103607
vn -0.999761 0.021872 0.000000
vn 0.000000 0.000000 -1.000000
vn 0.000000 1.000000 0.000000
vn -0.999761 0.021872 0.000000
vn 0.000000 0.000000 -1.000000
vn 0.000000 -1.000000 0.000000
vn 0.000000 0.000000 -1.000000
vn 0.999578 0.029061 0.000000
vn 0.000000 1.000000 0.000000
vn 0.000000 0.000000 -1.000000
vn 0.999578 0.029061 0.000000
vn 0.000000 -1.000000 0.000000
vn 0.998145 0.054614 0.026895
vn 0.000000 0.663107 0.748525
vn 0.000000 0.000000 1.000000
vn 0.999124 0.041851 0.000056
vn 0.000000 0.000000 1.000000
vn 0.000000 -0.951562 0.307456
vn 0.999293 0.037587 0.000037
vn 0.000000 1.000000 0.000000
vn 0.000000 0.663107 0.748525
vn 0.999538 0.029060 -0.008928
vn 0.000000 -0.978296 0.207214
vn -0.671523 -0.482754 0.562143
vn 0.253501 -0.783572 0.567232
vn 0.004829 0.014569 0.999882
vn -0.668315 -0.483310 0.565478
vn -0.666931 0.479457 0.570372
vn 0.015467 -0.000000 0.999880
vn -0.668315 -0.483310 0.565478
vn -0.808828 -0.586501 -0.042591
vn 0.254078 -0.782461 0.568506
vn 0.308510 -0.950092 -0.046339
vn -0.665093 -0.483856 0.568801
vn -0.807808 -0.587682 -0.045557
vn -0.808458 0.587003 -0.042699
vn -0.667471 0.483032 0.566713
vn -0.808828 -0.586501 -0.042591
vn -0.809259 0.585676 -0.045639
vn -0.636053 0.461388 -0.618512
vn -0.636833 -0.460273 -0.618541
vn -0.808458 0.587003 -0.042699
vn -0.636079 0.460342 -0.619265
vn 0.243503 0.749684 -0.615370
vn 0.307312 0.950478 -0.046372
vn -0.636053 0.461388 -0.618512
vn 0.244735 0.750051 -0.614433
vn 0.243503 0.749684 -0.615370
vn 0.787770 0.000000 -0.615970
vn -0.667471 0.483032 0.566713
vn 0.253566 0.783472 0.567342
vn 0.004816 -0.014573 0.999882
vn -0.667993 0.486593 0.563038
vn -0.807648 0.588323 -0.039758
vn 0.307806 0.950365 -0.045408
vn 0.253939 0.783657 0.566918
vn 0.307806 0.950365 -0.045408
vn 0.242271 0.749315 -0.616305
vn 0.787770 0.000000 -0.615970
vn 0.998997 0.000000 -0.044769
vn 0.787770 0.000000 -0.615970
vn 0.244161 -0.748294 -0.616799
vn 0.253939 0.783657 0.566918
vn 0.823249 0.000000 0.567681
vn -0.012321 -0.009014 0.999884
vn 0.254311 0.783842 0.566495
vn 0.308300 0.950250 -0.044444
vn 0.998997 0.000000 -0.044769
vn 0.823249 0.000000 0.567681
vn 0.998997 0.000000 -0.044769
vn 0.787770 0.000000 -0.615970
vn 0.243455 -0.749215 -0.615960
vn 0.307583 -0.950484 -0.044419
vn 0.243455 -0.749215 -0.615960
vn -0.635629 -0.460703 -0.619458
vn 0.823249 0.000000 0.567681
vn 0.252923 -0.784681 0.565956
vn -0.012308 0.009009 0.999884
vn 0.823249 0.000000 0.567681
vn 0.998997 0.000000 -0.044769
vn 0.308047 -0.950288 -0.045379
vn 0.253501 -0.783572 0.567232
vn 0.308047 -0.950288 -0.045379
vn 0.242748 -0.750134 -0.615120
vn -0.636231 -0.460488 -0.619000
vn -0.809838 -0.585314 -0.039625
vn -0.636231 -0.460488 -0.619000
vn -0.636027 0.462434 -0.617758
vn -0.638694 -0.462924 -0.614631
vn 0.243952 -0.748567 -0.616551
vn -0.637052 -0.463505 -0.615896
vn 0.243856 -0.748692 -0.616437
vn -0.806569 -0.589095 -0.049127
vn 0.308936 -0.950078 -0.043706
vn -0.637052 -0.463505 -0.615896
vn -0.636027 0.462433 -0.617759
vn -0.635408 -0.464084 -0.617157
vn -0.635991 0.463769 -0.616793
vn -0.807259 -0.588311 -0.047142
vn -0.806349 0.589721 -0.045068
vn -0.635991 0.463769 -0.616793
vn 0.244126 0.748680 -0.616345
vn -0.635954 0.465103 -0.615826
vn 0.243856 0.748600 -0.616548
vn -0.806894 0.588817 -0.047076
vn 0.309168 0.950046 -0.042749
vn 0.243856 0.748600 -0.616548
vn 0.787973 0.000000 -0.615710
vn 0.243586 0.748521 -0.616751
vn 0.787973 0.000000 -0.615710
vn 0.308695 0.950158 -0.043672
vn 0.998975 0.000000 -0.045270
vn 0.787973 0.000000 -0.615710
vn 0.244048 -0.748442 -0.616665
vn 0.787973 0.000000 -0.615710
vn 0.243952 -0.748567 -0.616551
vn 0.998975 0.000000 -0.045270
vn 0.309387 -0.949888 -0.044636
vn -0.807260 -0.588311 -0.047142
vn 0.308484 -0.950267 -0.042776
vn -0.664158 -0.484013 0.569760
vn 0.254554 -0.784141 0.565973
vn -0.807946 -0.587524 -0.045157
vn -0.806894 0.588817 -0.047076
vn -0.665331 -0.483817 0.568556
vn -0.664528 0.484598 0.568830
vn -0.807436 0.587910 -0.049084
vn 0.308695 0.950158 -0.043672
vn -0.664404 0.483765 0.569683
vn 0.255378 0.784372 0.565281
vn 0.308223 0.950268 -0.044596
vn 0.998975 0.000000 -0.045270
vn 0.254228 0.783801 0.566589
vn 0.822989 0.000000 0.568057
vn 0.998975 0.000000 -0.045270
vn 0.308936 -0.950078 -0.043706
vn 0.822989 0.000000 0.568057
vn 0.254760 -0.783748 0.566424
vn -0.664158 -0.484013 0.569760
vn -0.664651 0.485431 0.567975
vn 0.015299 -0.000000 0.999883
vn -0.664528 0.484598 0.568830
vn 0.256527 0.784940 0.563970
vn 0.004700 -0.014611 0.999882
vn 0.255378 0.784372 0.565281
vn 0.822990 0.000000 0.568057
vn -0.012480 -0.009024 0.999882
vn 0.822990 0.000000 0.568057
vn 0.254966 -0.783355 0.566875
vn -0.012467 0.009020 0.999882
vn 0.254760 -0.783748 0.566424
vn 0.004714 0.014606 0.999882
vn -0.662983 -0.484207 0.570962
vn -0.638561 -0.462827 -0.614842
vn 0.243984 -0.748525 -0.616589
vn -0.637017 -0.463374 -0.616031
vn 0.243808 -0.748755 -0.616379
vn -0.806712 -0.588933 -0.048715
vn 0.308934 -0.950079 -0.043703
vn -0.637017 -0.463374 -0.616031
vn -0.636027 0.462433 -0.617759
vn -0.635470 -0.463919 -0.617218
vn -0.635994 0.463665 -0.616868
vn -0.807262 -0.588308 -0.047136
vn -0.806461 0.589535 -0.045480
vn -0.635994 0.463665 -0.616868
vn 0.244304 0.748732 -0.616211
vn -0.635960 0.464897 -0.615976
vn 0.243907 0.748615 -0.616510
vn -0.806896 0.588814 -0.047083
vn 0.309087 0.950065 -0.042907
vn 0.243907 0.748615 -0.616510
vn 0.787770 0.000000 -0.615970
vn 0.243510 0.748498 -0.616809
vn 0.787770 0.000000 -0.615970
vn 0.308694 0.950158 -0.043675
vn 0.998997 0.000000 -0.044769
vn 0.787770 0.000000 -0.615970
vn 0.244161 -0.748295 -0.616799
vn 0.787770 0.000000 -0.615970
vn 0.243984 -0.748525 -0.616589
vn 0.998997 0.000000 -0.044769
vn 0.309311 -0.949920 -0.044478
vn -0.807262 -0.588308 -0.047136
vn 0.308557 -0.950237 -0.042928
vn -0.664039 -0.484032 0.569882
vn 0.254622 -0.784135 0.565950
vn -0.807809 -0.587682 -0.045556
vn -0.806896 0.588814 -0.047083
vn -0.665093 -0.483856 0.568800
vn -0.664377 0.484594 0.569010
vn -0.807328 0.588091 -0.048685
vn 0.308694 0.950158 -0.043675
vn -0.664270 0.483881 0.569741
vn 0.255419 0.784393 0.565234
vn 0.308300 0.950250 -0.044444
vn 0.998997 0.000000 -0.044769
vn 0.254311 0.783842 0.566495
vn 0.823248 0.000000 0.567681
vn 0.998997 0.000000 -0.044769
vn 0.308934 -0.950079 -0.043703
vn 0.823248 0.000000 0.567681
vn 0.254806 -0.783783 0.566355
vn -0.664039 -0.484032 0.569882
vn -0.664483 0.485307 0.568278
vn 0.015299 -0.000000 0.999883
vn -0.664377 0.484594 0.569010
vn 0.256527 0.784940 0.563970
vn 0.004700 -0.014611 0.999882
vn 0.255419 0.784393 0.565234
vn 0.823248 0.000000 0.567681
vn -0.012480 -0.009024 0.999881
vn 0.823248 0.000000 0.567681
vn 0.254990 -0.783431 0.566759
vn -0.012467 0.009020 0.999882
vn 0.254806 -0.783783 0.566355
vn 0.004714 0.014606 0.999882
vn -0.662983 -0.484207 0.570962
vn -0.671523 -0.482754 0.562143
vn 0.253455 -0.783537 0.567301
vn 0.004729 0.014545 0.999883
vn -0.668434 -0.483290 0.565355
vn -0.667102 0.479580 0.570069
vn 0.015291 -0.000000 0.999883
vn -0.668434 -0.483290 0.565355
vn -0.807259 -0.588311 -0.047142
vn 0.254011 -0.782467 0.568528
vn 0.308484 -0.950267 -0.042776
vn -0.665331 -0.483817 0.568556
vn -0.807946 -0.587524 -0.045157
vn -0.806894 0.588817 -0.047076
vn -0.667623 0.483035 0.566531
vn -0.807260 -0.588311 -0.047142
vn -0.806349 0.589721 -0.045068
vn -0.635859 0.463672 -0.617003
vn -0.635275 -0.463987 -0.617366
vn -0.806894 0.588817 -0.047076
vn -0.635822 0.465006 -0.616036
vn 0.243907 0.748615 -0.616510
vn 0.309089 0.950072 -0.042752
vn -0.635859 0.463672 -0.617003
vn 0.244304 0.748732 -0.616211
vn 0.243907 0.748615 -0.616510
vn 0.787770 0.000000 -0.615970
vn -0.667623 0.483035 0.566531
vn 0.253566 0.783472 0.567342
vn 0.004716 -0.014549 0.999883
vn -0.668128 0.486477 0.562979
vn -0.807436 0.587910 -0.049084
vn 0.308657 0.950174 -0.043597
vn 0.253897 0.783637 0.566965
vn 0.308657 0.950174 -0.043597
vn 0.243510 0.748498 -0.616809
vn 0.787770 0.000000 -0.615970
vn 0.998997 0.000000 -0.044769
vn 0.787770 0.000000 -0.615970
vn 0.244161 -0.748294 -0.616799
vn 0.253897 0.783637 0.566965
vn 0.822989 0.000000 0.568057
vn -0.012467 -0.009053 0.999881
vn 0.254228 0.783801 0.566589
vn 0.308225 0.950275 -0.044441
vn 0.998997 0.000000 -0.044769
vn 0.822989 0.000000 0.568057
vn 0.998997 0.000000 -0.044769
vn 0.787770 0.000000 -0.615970
vn 0.243984 -0.748525 -0.616589
vn 0.309311 -0.949920 -0.044478
vn 0.243984 -0.748525 -0.616589
vn -0.638561 -0.462827 -0.614843
vn 0.822989 0.000000 0.568057
vn 0.252898 -0.784605 0.566072
vn -0.012454 0.009048 0.999882
vn 0.822989 0.000000 0.568057
vn 0.998997 0.000000 -0.044769
vn 0.308897 -0.950094 -0.043627
vn 0.253455 -0.783537 0.567301
vn 0.308897 -0.950094 -0.043627
vn 0.243808 -0.748755 -0.616379
vn -0.806569 -0.589095 -0.049127
vn -0.636919 -0.463408 -0.616106
vn -0.635629 -0.460702 -0.619458
vn 0.243455 -0.749215 -0.615960
vn -0.636231 -0.460488 -0.619000
vn 0.242748 -0.750134 -0.615120
vn -0.809838 -0.585314 -0.039624
vn 0.308047 -0.950288 -0.045379
vn -0.636231 -0.460488 -0.619000
vn -0.636027 0.462433 -0.617759
vn -0.636832 -0.460273 -0.618541
vn -0.636053 0.461388 -0.618513
vn -0.808828 -0.586501 -0.042590
vn -0.809259 0.585676 -0.045638
vn -0.636053 0.461388 -0.618513
vn 0.244734 0.750051 -0.614433
vn -0.636078 0.460342 -0.619265
vn 0.243503 0.749684 -0.615370
vn -0.808458 0.587003 -0.042698
vn 0.307312 0.950478 -0.046373
vn 0.243503 0.749684 -0.615370
vn 0.787770 0.000000 -0.615970
vn 0.242271 0.749315 -0.616305
vn 0.787770 0.000000 -0.615970
vn 0.307806 0.950365 -0.045408
vn 0.998997 0.000000 -0.044768
vn 0.787770 0.000000 -0.615970
vn 0.244161 -0.748294 -0.616799
vn 0.787770 0.000000 -0.615970
vn 0.243455 -0.749215 -0.615960
vn 0.998997 0.000000 -0.044768
vn 0.307583 -0.950484 -0.044419
vn -0.808828 -0.586501 -0.042590
vn 0.308510 -0.950092 -0.046339
vn -0.668512 -0.483277 0.565275
vn 0.254053 -0.782385 0.568622
vn -0.807808 -0.587682 -0.045556
vn -0.808458 0.587003 -0.042698
vn -0.665093 -0.483857 0.568800
vn -0.667612 0.482960 0.566607
vn -0.807648 0.588323 -0.039757
vn 0.307806 0.950365 -0.045408
vn -0.668163 0.486717 0.562730
vn 0.253872 0.783624 0.566994
vn 0.308301 0.950250 -0.044443
vn 0.998997 0.000000 -0.044768
vn 0.254311 0.783842 0.566495
vn 0.823249 0.000000 0.567681
vn 0.998997 0.000000 -0.044768
vn 0.308047 -0.950288 -0.045379
vn 0.823249 0.000000 0.567681
vn 0.253442 -0.783562 0.567272
vn -0.668512 -0.483277 0.565275
vn -0.667042 0.479190 0.570467
vn 0.015467 -0.000000 0.999880
vn -0.667612 0.482960 0.566607
vn 0.253433 0.783405 0.567493
vn 0.004817 -0.014570 0.999882
vn 0.253872 0.783624 0.566994
vn 0.823249 0.000000 0.567681
vn -0.012320 -0.009015 0.999884
vn 0.823249 0.000000 0.567681
vn 0.252830 -0.784737 0.565920
vn -0.012307 0.009011 0.999884
vn 0.253442 -0.783562 0.567272
vn 0.004830 0.014566 0.999882
vn -0.671914 -0.482686 0.561735
vn -0.636919 -0.463408 -0.616106
vn -0.635894 0.462336 -0.617968
vn -0.638561 -0.462827 -0.614843
vn 0.243984 -0.748525 -0.616589
vn -0.637016 -0.463374 -0.616032
vn 0.243808 -0.748755 -0.616379
vn -0.806712 -0.588933 -0.048715
vn 0.308934 -0.950079 -0.043703
vn -0.637016 -0.463374 -0.616032
vn -0.636027 0.462433 -0.617759
vn -0.635470 -0.463919 -0.617218
vn -0.635994 0.463665 -0.616868
vn -0.807262 -0.588308 -0.047136
vn -0.806461 0.589535 -0.045480
vn -0.635994 0.463665 -0.616868
vn 0.244304 0.748732 -0.616211
vn -0.635960 0.464897 -0.615976
vn 0.243907 0.748615 -0.616510
vn -0.806896 0.588814 -0.047082
vn 0.309087 0.950066 -0.042908
vn 0.243907 0.748615 -0.616510
vn 0.787770 0.000000 -0.615970
vn 0.243510 0.748498 -0.616809
vn 0.787770 0.000000 -0.615970
vn 0.308694 0.950158 -0.043676
vn 0.998997 0.000000 -0.044768
vn 0.787770 0.000000 -0.615970
vn 0.244161 -0.748294 -0.616799
vn 0.787770 0.000000 -0.615970
vn 0.243984 -0.748525 -0.616589
vn 0.998997 0.000000 -0.044768
vn 0.309311 -0.949920 -0.044478
vn -0.807262 -0.588308 -0.047136
vn 0.308558 -0.950236 -0.042928
vn -0.664039 -0.484032 0.569882
vn 0.254622 -0.784135 0.565950
vn -0.807808 -0.587682 -0.045556
vn -0.806896 0.588814 -0.047082
vn -0.665093 -0.483857 0.568800
vn -0.664377 0.484595 0.569010
vn -0.807328 0.588091 -0.048685
vn 0.308694 0.950158 -0.043676
vn -0.664270 0.483881 0.569741
vn 0.255419 0.784393 0.565234
vn 0.308301 0.950250 -0.044443
vn 0.998997 0.000000 -0.044768
vn 0.254311 0.783842 0.566495
vn 0.823248 0.000000 0.567681
vn 0.998997 0.000000 -0.044768
vn 0.308934 -0.950079 -0.043703
vn 0.823248 0.000000 0.567681
vn 0.254806 -0.783783 0.566355
vn -0.664039 -0.484032 0.569882
vn -0.664482 0.485308 0.568278
vn 0.015299 -0.000000 0.999883
vn -0.664377 0.484595 0.569010
vn 0.256527 0.784940 0.563970
vn 0.004700 -0.014611 0.999882
vn 0.255419 0.784393 0.565234
vn 0.823248 0.000000 0.567681
vn -0.012480 -0.009024 0.999882
vn 0.823248 0.000000 0.567681
vn 0.254990 -0.783431 0.566759
vn -0.012467 0.009020 0.999882
vn 0.254806 -0.783783 0.566355
vn 0.004714 0.014606 0.999882
vn -0.662982 -0.484207 0.570962
vn -0.000047 -0.000002 1.000000
vn -0.000047 -0.000002 1.000000
vn 0.000097 -0.000002 1.000000
vn -0.000037 -0.000002 1.000000
vn 0.000097 -0.000002 1.000000
vn -0.000047 -0.000002 1.000000
vn -1.000000 0.000000 0.000000
vn 0.000000 1.000000 0.000000
vn -1.000000 0.000000 0.000000
vn -0.114849 -0.993383 0.000000
vn -1.000000 0.000000 0.000000
vn 0.000000 0.000000 1.000000
vn 0.000000 1.000000 0.000000
vn -1.000000 0.000000 0.000000
vn -0.114849 -0.993383 0.000000
vn 0.000000 0.000000 1.000000
vn -0.164585 -0.986363 0.000000
vn -0.214031 -0.976827 0.000000
vn -0.027610 0.000000 0.999619
vn -0.324489 -0.945889 0.000000
vn -0.385066 -0.922889 0.000000
vn -0.159749 0.000000 0.987158
vn -0.227888 -0.973687 0.000000
vn -0.227888 -0.973687 0.000000
vn -0.109699 0.000000 0.993965
vn 0.227888 -0.973687 0.000000
vn 0.109699 0.000000 0.993965
vn 0.227888 -0.973687 0.000000
vn 0.354977 -0.934875 0.000000
vn 0.354977 -0.934875 0.000000
vn 0.100655 0.000000 0.994921
vn 0.189381 -0.981904 0.000000
vn 0.013807 0.000000 0.999905
vn 0.189381 -0.981904 0.000000
vn 0.114849 -0.993383 0.000000
vn 1.000000 0.000000 0.000000
vn 0.114849 -0.993383 0.000000
vn 1.000000 0.000000 0.000000
vn 0.000000 0.000000 1.000000
vn -0.013805 0.000000 0.999905
vn 0.000000 1.000000 0.000000
vn -0.100652 0.000000 0.994922
vn 0.000000 1.000000 0.000000
vn -0.109699 0.000000 0.993965
vn 0.000000 1.000000 0.000000
vn 0.109699 0.000000 0.993965
vn 0.000000 1.000000 0.000000
vn 0.159750 0.000000 0.987157
vn 0.000000 1.000000 0.000000
vn 0.027613 0.000000 0.999619
vn 0.000000 1.000000 0.000000
vn 0.000000 0.000000 1.000000
vn 1.000000 0.000000 0.000000
vn 0.000000 1.000000 0.000000
vn 0.000000 1.000000 0.000000
vn 0.000000 1.000000 0.000000
vn 0.000000 1.000000 0.000000
vn 0.000000 1.000000 0.000000
vn 0.000000 1.000000 0.000000
vn 0.000000 1.000000 0.000000
vn 0.000000 1.000000 0.000000
vn 1.000000 0.000000 0.000000
vn 0.000000 0.000000 -1.000000
vn 0.862525 0.000000 -0.506015
vn 0.000000 0.000000 -1.000000
vn 0.862525 0.000000 -0.506015
vn 0.000000 -0.537337 -0.843368
vn 0.731014 -0.533464 -0.425483
vn 0.000000 0.000000 -1.000000
vn -0.862525 0.000000 -0.506015
vn 0.000000 0.000000 -1.000000
vn -0.862525 0.000000 -0.506015
vn 0.000000 -0.537337 -0.843368
vn -0.730098 -0.532443 -0.428324
vn -0.862525 0.000000 -0.506015
vn -0.865996 0.000000 0.500050
vn -0.862525 0.000000 -0.506015
vn -0.865996 0.000000 0.500050
vn -0.730166 -0.535006 -0.425002
vn -0.730228 -0.537564 0.421654
vn -0.865996 0.000000 0.500050
vn 0.000000 0.000000 1.000000
vn -0.865996 0.000000 0.500050
vn 0.000000 0.000000 1.000000
vn -0.735413 -0.532866 0.418595
vn 0.000000 -0.537538 0.843240
vn 0.000000 0.000000 1.000000
vn 0.865996 0.000000 0.500050
vn 0.000000 0.000000 1.000000
vn 0.865996 0.000000 0.500050
vn 0.000000 -0.537538 0.843240
vn 0.733829 -0.530986 0.423733
vn 0.865996 0.000000 0.500050
vn 0.862525 0.000000 -0.506015
vn 0.865996 0.000000 0.500050
vn 0.862525 0.000000 -0.506015
vn 0.733874 -0.535634 0.417761
vn 0.728143 -0.536029 -0.427177
vn 0.000000 -0.537337 -0.843368
vn 0.733871 -0.530889 -0.423780
vn 0.000000 0.529219 -0.848485
vn 0.734558 0.526895 -0.427558
vn 0.000000 -0.537337 -0.843368
vn -0.730166 -0.535006 -0.425002
vn 0.000000 0.529219 -0.848485
vn -0.738217 0.522793 -0.426290
vn -0.730221 -0.537559 -0.421672
vn -0.735413 -0.532866 0.418595
vn -0.735385 0.525359 -0.428027
vn -0.738380 0.532125 0.414292
vn -0.740555 -0.528137 0.415512
vn 0.000000 -0.537538 0.843240
vn -0.738299 0.527522 0.420280
vn 0.000000 0.529420 0.848360
vn 0.000000 -0.537538 0.843240
vn 0.733874 -0.535634 0.417761
vn 0.000000 0.529420 0.848360
vn 0.744895 0.520050 0.417947
vn 0.733878 -0.540252 0.411766
vn 0.731014 -0.533464 -0.425483
vn 0.739800 0.524763 0.421093
vn 0.734656 0.529441 -0.424233
vn 0.000000 0.529219 -0.848485
vn 0.734447 0.524341 -0.430876
vn 0.000000 0.000000 -1.000000
vn 0.862525 0.000000 -0.506015
vn 0.000000 0.529219 -0.848485
vn -0.735385 0.525359 -0.428027
vn 0.000000 0.000000 -1.000000
vn -0.862525 0.000000 -0.506015
vn -0.732540 0.527916 -0.429757
vn -0.738299 0.527522 0.420280
vn -0.862525 0.000000 -0.506015
vn -0.865996 0.000000 0.500050
vn -0.738176 0.522889 0.426243
vn 0.000000 0.529420 0.848360
vn -0.865996 0.000000 0.500050
vn 0.000000 0.000000 1.000000
vn 0.000000 0.529420 0.848360
vn 0.739800 0.524763 0.421093
vn 0.000000 0.000000 1.000000
vn 0.865996 0.000000 0.500050
vn 0.734663 0.529446 0.424215
vn 0.734558 0.526895 -0.427558
vn 0.865996 0.000000 0.500050
vn 0.862525 0.000000 -0.506015
vn 0.000000 0.000000 -1.000000
vn 0.862525 0.000000 -0.506015
vn 0.000000 -1.000000 0.000000
vn 0.000000 0.000000 -1.000000
vn -0.862525 0.000000 -0.506015
vn 0.000000 -1.000000 0.000000
vn -0.862525 0.000000 -0.506015
vn -0.865996 0.000000 0.500050
vn 0.000000 -1.000000 0.000000
vn -0.865996 0.000000 0.500050
vn 0.000000 0.000000 1.000000
vn 0.000000 -1.000000 0.000000
vn 0.000000 0.000000 1.000000
vn 0.865996 0.000000 0.500050
vn 0.000000 -1.000000 0.000000
vn 0.865996 0.000000 0.500050
vn 0.862525 0.000000 -0.506015
vn 0.000000 -1.000000 0.000000
vn 0.000000 -1.000000 0.000000
vn -0.990911 -0.130422 0.032951
vn -0.005962 0.246167 0.969209
vn -0.922615 0.373711 -0.095508
vn -0.922761 -0.373371 0.095421
vn -0.290208 0.273915 0.916924
vn -0.922615 0.373711 -0.095508
vn -0.383428 0.894811 -0.228683
vn -0.001835 0.247953 0.968770
vn -0.922615 0.373711 -0.095508
vn -0.382923 0.895052 -0.228586
vn -0.175908 0.460382 0.870118
vn -0.382923 0.895052 -0.228586
vn 0.386652 0.893584 -0.228052
vn -0.000006 0.247728 0.968830
vn -0.382418 0.895293 -0.228488
vn 0.386144 0.893752 -0.228254
vn 0.000583 0.513539 0.858066
vn 0.922615 0.373711 -0.095508
vn 0.922268 -0.374579 0.095462
vn 0.290529 0.235710 0.927380
vn 1.000000 -0.000499 -0.000224
vn 0.005962 0.246167 0.969209
vn 0.922615 0.373711 -0.095508
vn 0.385636 0.893920 -0.228455
vn 0.205316 0.432892 0.877753
vn 0.922615 0.373711 -0.095508
vn 0.386144 0.893752 -0.228254
vn 0.001826 0.247957 0.968769
vn -0.922405 -0.374261 0.095380
vn -0.382363 -0.895546 0.227588
vn -0.204019 0.037830 0.978236
vn -0.922332 -0.374627 0.094650
vn -0.382282 -0.895583 0.227579
vn -0.000124 -0.243808 -0.969824
vn -0.382282 -0.895583 0.227579
vn 0.385582 -0.894257 0.227224
vn 0.000572 -0.042539 0.999095
vn -0.382201 -0.895620 0.227570
vn 0.385500 -0.894286 0.227250
vn -0.000036 -0.243722 -0.969845
vn 0.385500 -0.894286 0.227250
vn 0.922761 -0.373500 0.094919
vn 0.204704 0.038217 0.978078
vn 0.385419 -0.894315 0.227275
vn 0.922384 -0.374421 0.094962
vn 0.000026 -0.243697 -0.969851
vn 0.991403 -0.126903 0.031874
vn 0.000000 -0.247784 -0.968815
vn 1.000000 0.000000 0.000000
vn 0.001217 0.246540 0.969132
vn 0.000000 0.968645 -0.248449
vn 0.980517 0.170252 -0.097979
vn 0.005863 -0.409153 -0.912447
vn 0.000000 0.866721 -0.498794
vn 0.980500 0.170163 -0.098311
vn 0.004904 0.581014 0.813879
vn 0.000000 0.866721 -0.498794
vn 0.997772 0.057823 -0.033277
vn 0.007283 -0.501026 -0.865401
vn 0.997788 -0.057598 0.033175
vn 0.006258 0.498830 0.866677
vn 0.980547 -0.169939 0.098224
vn 0.005030 -0.582897 -0.812531
vn 0.000000 -0.866534 0.499118
vn 0.980563 -0.170018 0.097929
vn 0.004922 0.412493 0.910948
vn 0.000000 -0.866534 0.499118
vn -0.989524 -0.143487 -0.015953
vn 0.780695 -0.311597 -0.541685
vn 0.583264 -0.807309 -0.089755
vn 0.004246 -0.555048 -0.831808
vn -0.991600 -0.127126 0.023850
vn 0.000000 -0.866721 0.498794
vn 0.000000 -0.587762 -0.809034
vn -0.992732 -0.104212 0.060194
vn 0.000000 -1.000000 0.000000
vn 0.001521 -0.501999 0.864867
vn 0.583264 -0.807309 -0.089755
vn 0.614353 -0.315758 0.723096
vn -0.991599 -0.084269 0.098137
vn 0.000000 -0.866721 0.498794
vn 0.000000 0.405057 0.914292
vn -0.989496 -0.057851 0.132480
vn 0.614353 -0.315758 0.723096
vn 0.797929 0.302391 0.521411
vn 0.004136 0.440515 0.897736
vn 0.000000 -0.866721 0.498794
vn 0.979482 -0.174672 0.100523
vn 0.005734 0.410939 0.911645
vn 0.000000 -0.866721 0.498794
vn 0.979516 -0.174841 0.099895
vn 0.005924 -0.582340 -0.812924
vn -0.989538 0.143409 0.015761
vn 0.585849 0.805570 0.088534
vn 0.004377 0.556186 0.831046
vn 0.792157 0.304090 0.529166
vn -0.991603 0.127086 -0.023946
vn 0.000000 0.866720 -0.498794
vn 0.000000 0.589744 0.807590
vn -0.992739 0.103851 -0.060699
vn 0.585849 0.805570 0.088534
vn 0.000000 1.000000 0.000000
vn -0.001508 0.508208 -0.861233
vn 0.636512 0.301555 -0.709871
vn -0.991576 0.083764 -0.098797
vn 0.000000 0.866720 -0.498794
vn 0.000000 -0.407453 -0.913226
vn -0.989378 0.056835 -0.133793
vn 0.636512 0.301555 -0.709871
vn 0.786410 -0.309949 -0.534313
vn 0.004030 -0.442121 -0.896946
vn 0.000000 0.866721 -0.498794
vn -0.005863 -0.409153 -0.912447
vn -0.980517 0.170252 -0.097979
vn 0.000000 0.866721 -0.498794
vn -0.004904 0.581014 0.813879
vn -0.980500 0.170163 -0.098311
vn 0.000000 0.866721 -0.498794
vn 0.000000 -0.403159 -0.915130
vn 0.992401 0.079772 -0.093686
vn 0.000000 0.866721 -0.498794
vn 0.992378 0.121370 -0.021344
vn 0.000000 0.585491 0.810679
vn 0.990359 -0.137400 -0.017602
vn -0.003356 -0.557530 -0.830150
vn -0.758929 -0.328971 -0.561965
vn -0.599411 -0.793953 -0.101713
vn 0.993459 -0.099047 0.056825
vn -0.578906 -0.318801 0.750489
vn 0.000000 -0.498618 0.866822
vn 0.000000 -1.000000 0.000000
vn -0.599411 -0.793953 -0.101713
vn 0.992382 -0.121317 0.021463
vn 0.000000 -0.866534 0.499118
vn 0.000000 -0.587473 -0.809244
vn 0.992393 -0.079593 0.093921
vn 0.000000 -0.866534 0.499118
vn 0.000000 0.407453 0.913226
vn 0.000000 -0.866534 0.499118
vn -0.005030 -0.582897 -0.812531
vn -0.980547 -0.169939 0.098224
vn 0.000000 -0.866534 0.499118
vn -0.004922 0.412493 0.910948
vn -0.980563 -0.170018 0.097929
vn 0.004095 0.247274 0.968937
vn -0.991354 -0.127115 0.032557
vn 0.002465 0.246581 0.969119
vn -0.925323 0.367496 -0.093409
vn -0.375507 0.898552 -0.227153
vn 0.001643 0.245622 0.969364
vn 0.000000 0.970086 -0.242762
vn -1.000000 0.000000 0.000000
vn 0.000000 0.245159 0.969483
vn -0.379471 0.896690 -0.227922
vn 0.375508 0.897958 -0.229490
vn -0.001643 0.245622 0.969364
vn 0.000000 0.970086 -0.242762
vn 1.000000 0.000000 0.000000
vn -0.002465 0.246581 0.969119
vn 0.379468 0.896690 -0.227926
vn 0.925988 0.366037 -0.092534
vn -0.004095 0.247274 0.968937
vn 1.000000 0.000780 0.000088
vn 0.005962 0.246167 0.969209
vn 0.990911 -0.130422 0.032951
vn 0.001224 0.246537 0.969133
vn 1.000000 0.000000 0.000000
vn 0.000000 0.968645 -0.248449
vn 0.001835 0.247953 0.968770
vn 0.922615 0.373711 -0.095508
vn 0.383428 0.894811 -0.228683
vn 0.000006 0.247727 0.968830
vn 0.382923 0.895052 -0.228586
vn -0.386556 0.893623 -0.228062
vn -0.001219 0.246539 0.969132
vn -1.000000 0.000000 0.000000
vn 0.000000 0.968645 -0.248449
vn -0.001828 0.247956 0.968770
vn -0.386049 0.893791 -0.228264
vn -0.922710 0.373491 -0.095452
vn -0.925323 0.367496 -0.093409
vn -0.925989 -0.365793 0.093485
vn -0.288907 0.276520 0.916553
vn -0.924653 0.369198 -0.093333
vn -0.379471 0.896690 -0.227922
vn -0.174442 0.460866 0.870157
vn -0.383428 0.894810 -0.228686
vn 0.379468 0.896690 -0.227926
vn 0.000000 0.518803 0.854894
vn -0.990809 -0.131135 0.033194
vn -0.000057 0.248718 0.968576
vn -0.922852 0.373162 -0.095364
vn -0.921548 -0.376176 0.096130
vn -0.286979 0.271815 0.918564
vn -0.922852 0.373162 -0.095364
vn -0.385636 0.893919 -0.228458
vn -0.001008 0.248308 0.968681
vn -0.922857 0.373148 -0.095365
vn -0.385608 0.893933 -0.228453
vn -0.176509 0.465328 0.867360
vn -0.385608 0.893933 -0.228453
vn 0.382417 0.895221 -0.228773
vn -0.000005 0.249601 0.968349
vn -0.385580 0.893946 -0.228447
vn 0.382389 0.895230 -0.228784
vn -0.000584 0.513540 0.858065
vn 0.991354 -0.127115 0.032557
vn -0.004095 0.247274 0.968937
vn 0.925323 0.367496 -0.093409
vn 0.375507 0.898552 -0.227153
vn -0.002465 0.246581 0.969119
vn 0.925323 0.367496 -0.093409
vn 0.925989 -0.365793 0.093485
vn 0.288907 0.276520 0.916553
vn 0.924653 0.369198 -0.093333
vn 0.379471 0.896690 -0.227922
vn 0.174442 0.460866 0.870157
vn 0.379471 0.896690 -0.227922
vn -0.375415 0.897994 -0.229499
vn -0.000000 0.245159 0.969483
vn 0.383428 0.894810 -0.228686
vn -0.379375 0.896728 -0.227936
vn 0.000017 0.518803 0.854894
vn 0.382389 0.895230 -0.228784
vn 0.922752 0.373394 -0.095428
vn 0.001000 0.248311 0.968680
vn 0.382361 0.895239 -0.228795
vn 0.922757 0.373382 -0.095421
vn 0.205346 0.435687 0.876362
vn 1.000000 -0.000748 -0.000217
vn 0.000057 0.248718 0.968576
vn 0.922763 0.373370 -0.095413
vn 0.921530 -0.376208 0.096180
vn 0.284153 0.236633 0.929119
vn -0.924652 0.368954 -0.094293
vn -0.926051 -0.365639 0.093480
vn -0.290525 0.237194 0.927003
vn -0.925322 0.367496 -0.093414
vn -0.383327 0.895443 -0.226367
vn -0.202398 0.434818 0.877478
vn -1.000000 0.000780 0.000088
vn 0.004095 0.247274 0.968937
vn -0.925988 0.366037 -0.092534
vn -0.379375 0.896728 -0.227936
vn 0.002465 0.246581 0.969119
vn -0.001224 0.246537 0.969133
vn 0.000000 0.968645 -0.248449
vn -1.000000 0.000000 0.000000
vn 0.383421 0.895405 -0.226358
vn 0.925322 0.367496 -0.093414
vn 0.202463 0.434844 0.877450
vn 0.924652 0.368954 -0.094293
vn 0.926051 -0.365639 0.093480
vn 0.290632 0.237186 0.926971
vn 0.926034 -0.365679 0.093490
vn 0.382143 -0.895286 0.228974
vn 0.202457 0.039228 0.978505
vn 0.926011 -0.365693 0.093663
vn 0.378856 -0.896776 0.228608
vn 0.000000 -0.248621 -0.968601
vn 0.981311 -0.186394 0.047808
vn 0.000000 -0.247852 -0.968798
vn 1.000000 0.000000 0.000000
vn 0.000000 -0.246171 -0.969226
vn 0.000000 0.970086 -0.242762
vn 1.000000 0.000000 0.000000
vn 0.000000 0.970086 -0.242762
vn -0.001643 0.245622 0.969364
vn 0.016218 0.261725 0.965006
vn 0.702449 0.443075 0.557001
vn 0.298730 0.826068 0.477882
vn 0.004875 0.250760 0.968037
vn 0.291183 0.834736 0.467364
vn -0.305431 0.837275 0.453522
vn 0.003601 0.245390 0.969418
vn 0.705150 0.456848 0.542267
vn 0.697707 -0.123424 0.705671
vn -0.003235 0.247382 0.968913
vn -0.292572 0.837249 0.461969
vn -0.683579 0.454789 0.570864
vn 0.000000 0.245137 0.969488
vn -0.697805 0.442753 0.563061
vn -0.705126 -0.146238 0.693838
vn -0.003837 0.244368 0.969675
vn -0.702465 -0.127081 0.700280
vn -0.305057 -0.502531 0.808952
vn 0.005929 0.240264 0.970690
vn -0.299618 -0.511860 0.805126
vn 0.310546 -0.518284 0.796833
vn 0.019531 0.226959 0.973709
vn 0.300841 -0.515234 0.802514
vn 0.683232 -0.130529 0.718440
vn 0.702449 0.443075 0.557001
vn 0.711886 -0.116266 0.692604
vn 0.925532 0.368393 -0.087618
vn 0.926662 -0.361989 0.101296
vn 0.699457 0.429119 0.571505
vn 0.291183 0.834736 0.467364
vn 0.928652 0.359803 -0.090265
vn 0.386338 0.895670 -0.220269
vn 0.283566 0.843200 0.456731
vn -0.292572 0.837249 0.461969
vn 0.379295 0.899517 -0.216805
vn -0.386355 0.895656 -0.220294
vn -0.279644 0.837024 0.470308
vn -0.697805 0.442753 0.563061
vn -0.379379 0.897431 -0.225141
vn -0.925357 0.368818 -0.087683
vn -0.711746 0.430537 0.555028
vn -0.702465 -0.127081 0.700280
vn -0.928432 0.362506 -0.081256
vn -0.925523 -0.365093 0.100572
vn -0.699513 -0.107872 0.706432
vn -0.299618 -0.511860 0.805126
vn -0.926480 -0.363196 0.098610
vn -0.383991 -0.892158 0.237920
vn -0.294139 -0.521122 0.801196
vn 0.300841 -0.515234 0.802514
vn -0.390829 -0.890446 0.233149
vn 0.383977 -0.892170 0.237896
vn 0.291095 -0.512113 0.808086
vn 0.697707 -0.123424 0.705671
vn 0.390749 -0.888337 0.241189
vn 0.925719 -0.364615 0.100502
vn 0.925532 0.368393 -0.087618
vn 0.393353 0.891754 -0.223717
vn 0.231803 0.406846 0.883597
vn 0.386338 0.895670 -0.220269
vn -0.393302 0.893814 -0.215430
vn 0.000013 0.516720 0.856155
vn -0.386355 0.895657 -0.220294
vn -0.922197 0.375097 -0.094101
vn -0.200703 0.434439 0.878055
vn -0.925357 0.368818 -0.087683
vn -0.924558 -0.366987 0.102534
vn -0.287155 0.237684 0.927927
vn -0.925523 -0.365093 0.100572
vn -0.377124 -0.893805 0.242673
vn -0.200668 0.037867 0.978927
vn -0.383991 -0.892158 0.237920
vn 0.377177 -0.895939 0.234587
vn 0.000013 -0.044067 0.999029
vn 0.383977 -0.892170 0.237896
vn 0.924767 -0.367238 0.099707
vn 0.200787 0.037877 0.978903
vn 0.925719 -0.364615 0.100502
vn 0.288660 0.200555 0.936191
vn 0.922328 0.376951 -0.084963
vn 0.378856 -0.896776 0.228608
vn -0.382051 -0.895680 0.227585
vn 0.000017 -0.042157 0.999111
vn 0.375564 -0.898253 0.228239
vn -0.378764 -0.896812 0.228620
vn 0.000000 -0.248549 -0.968619
vn -0.378764 -0.896812 0.228620
vn -0.925989 -0.365776 0.093549
vn -0.202390 0.039223 0.978519
vn -0.375472 -0.897932 0.229651
vn -0.926015 -0.365699 0.093597
vn 0.000000 -0.248645 -0.968595
vn -0.991773 -0.123998 0.031804
vn 0.000000 -0.247012 -0.969012
vn -1.000000 0.000000 0.000000
vn 0.000000 0.970086 -0.242762
vn 0.001643 0.245622 0.969364
vn -1.000000 0.000000 0.000000
vn 0.000000 0.970086 -0.242762
vn 0.000000 -0.246171 -0.969226
vn -0.990406 -0.054028 0.127186
vn 0.002974 0.441536 0.897239
vn 0.578906 -0.318801 0.750489
vn 0.771500 0.317120 0.551564
vn -0.993459 -0.099047 0.056824
vn 0.000000 -1.000000 0.000000
vn 0.000000 -0.498618 0.866822
vn 0.599411 -0.793953 -0.101713
vn 0.578906 -0.318801 0.750489
vn -0.992393 -0.079593 0.093921
vn 0.000000 -0.866534 0.499118
vn 0.000000 0.407453 0.913226
vn -0.992382 -0.121317 0.021463
vn 0.000000 -0.587473 -0.809244
vn 0.000000 -0.866534 0.499118
vn -0.792157 0.304090 0.529166
vn 0.989538 0.143409 0.015761
vn -0.004377 0.556186 0.831046
vn -0.585849 0.805570 0.088534
vn -0.797929 0.302391 0.521411
vn -0.614353 -0.315758 0.723096
vn 0.989496 -0.057851 0.132480
vn -0.004135 0.440515 0.897736
vn -0.797929 0.302391 0.521411
vn 0.000000 0.505198 0.863003
vn 0.000000 1.000000 0.000000
vn -0.585849 0.805570 0.088534
vn -0.803624 0.300662 0.513606
vn 0.000000 0.505198 0.863003
vn -0.614353 -0.315758 0.723096
vn 0.000000 -0.505365 0.862906
vn 0.000000 0.505198 0.863003
vn 0.000000 1.000000 0.000000
vn 0.000000 0.505198 0.863003
vn -0.001521 -0.501999 0.864867
vn -0.614353 -0.315758 0.723096
vn -0.001521 -0.501999 0.864867
vn 0.000000 -1.000000 0.000000
vn -0.583264 -0.807309 -0.089755
vn 0.992732 -0.104212 0.060194
vn -0.003043 -0.498624 0.866813
vn 0.000000 -1.000000 0.000000
vn 0.000000 -1.000000 0.000000
vn 0.000000 -0.504993 -0.863124
vn -0.786410 -0.309949 -0.534313
vn -0.583264 -0.807309 -0.089755
vn 0.000000 -1.000000 0.000000
vn 0.000000 -0.504993 -0.863124
vn 0.000000 -0.504993 -0.863124
vn 0.000000 0.504819 -0.863225
vn -0.636512 0.301555 -0.709871
vn -0.792054 -0.308273 -0.526894
vn 0.000000 -0.504993 -0.863124
vn 0.001508 0.508208 -0.861233
vn 0.001508 0.508208 -0.861233
vn 0.000000 1.000000 0.000000
vn -0.636512 0.301555 -0.709871
vn 0.992739 0.103851 -0.060699
vn -0.585849 0.805570 0.088534
vn 0.003016 0.511589 -0.859225
vn 0.000000 1.000000 0.000000
vn -0.636512 0.301555 -0.709871
vn -0.786410 -0.309949 -0.534313
vn -0.004030 -0.442121 -0.896946
vn 0.989378 0.056835 -0.133793
vn -0.780695 -0.311597 -0.541685
vn -0.583264 -0.807309 -0.089755
vn 0.989524 -0.143487 -0.015953
vn -0.004246 -0.555047 -0.831808
vn 0.000000 -0.403159 -0.915130
vn -0.992401 0.079772 -0.093686
vn 0.000000 0.866721 -0.498794
vn 0.003914 -0.441744 -0.897133
vn 0.567831 0.324433 -0.756512
vn 0.752571 -0.330491 -0.569573
vn -0.990443 0.054360 -0.126756
vn 0.003356 -0.557530 -0.830150
vn 0.758929 -0.328971 -0.561965
vn 0.599411 -0.793953 -0.101713
vn -0.990359 -0.137399 -0.017602
vn -0.979558 0.174351 -0.100338
vn -0.005601 -0.413187 -0.910629
vn 0.000000 0.866720 -0.498794
vn -0.997671 0.059120 -0.034024
vn -0.007998 -0.499523 -0.866263
vn -0.979592 0.174522 -0.099713
vn -0.006095 0.584183 0.811599
vn 0.000000 0.866720 -0.498794
vn -0.997654 -0.059331 0.034144
vn -0.008218 0.499333 0.866371
vn -0.979543 -0.174729 0.099831
vn -0.005924 -0.582339 -0.812924
vn 0.000000 -0.866721 0.498794
vn -0.979509 -0.174559 0.100458
vn -0.005734 0.410940 0.911645
vn 0.000000 -0.866721 0.498794
vn -0.018095 0.228350 0.973411
vn 0.298505 0.837385 0.457909
vn 0.699232 0.446742 0.558118
vn -0.000095 0.242172 0.970233
vn -0.302695 0.838334 0.453401
vn 0.295623 0.837372 0.459799
vn -0.006171 0.240019 0.970749
vn 0.695509 0.449975 0.560170
vn 0.693023 -0.121818 0.710549
vn -0.001227 0.248829 0.968547
vn 0.693248 -0.123305 0.710073
vn 0.291941 -0.511531 0.808150
vn 0.000004 0.246033 0.969262
vn 0.291451 -0.512343 0.807813
vn -0.292700 -0.512869 0.807027
vn 0.001101 0.248880 0.968534
vn -0.294885 -0.513572 0.805783
vn -0.717003 -0.111604 0.688078
vn 0.005880 0.240451 0.970644
vn -0.704913 -0.117690 0.699462
vn -0.698447 0.424655 0.576056
vn 0.017775 0.229114 0.973237
vn -0.701690 0.439423 0.560837
vn -0.299243 0.842160 0.448576
vn 0.991599 -0.084269 0.098137
vn 0.000000 0.405057 0.914291
vn 0.000000 -0.866721 0.498794
vn 0.991600 -0.127126 0.023850
vn 0.000000 -0.866721 0.498794
vn 0.000000 -0.587762 -0.809034
vn 0.000000 -0.407453 -0.913226
vn 0.991576 0.083764 -0.098797
vn 0.000000 0.866720 -0.498794
vn 0.991603 0.127086 -0.023946
vn 0.000000 0.866720 -0.498794
vn 0.000000 0.589744 0.807590
vn 0.005762 -0.241756 -0.970320
vn -0.386544 -0.893503 0.228554
vn -0.922172 -0.374956 0.094908
vn 0.000853 -0.245647 -0.969359
vn -0.980480 -0.190729 0.047769
vn 0.001705 -0.245677 -0.969350
vn 0.383320 -0.894805 0.228887
vn -0.386654 -0.893452 0.228565
vn -0.001176 -0.246845 -0.969054
vn 0.921883 -0.375550 0.095363
vn 0.383429 -0.894768 0.228852
vn 0.000000 -0.246123 -0.969239
vn 0.991400 -0.126947 0.031795
vn 0.000000 -0.247136 -0.968981
vn 0.000000 0.968413 -0.249351
vn -1.000000 0.000000 0.000000
vn 0.000000 -0.247136 -0.968981
vn 0.000000 0.968413 -0.249351
vn 1.000000 0.000000 0.000000
vn 0.004050 0.255566 0.966783
vn 0.286370 0.841958 0.457274
vn 0.712404 0.435061 0.550638
vn -0.000039 0.250786 0.968042
vn -0.283715 0.842829 0.457323
vn 0.278334 0.841794 0.462508
vn 0.000070 0.251716 0.967801
vn 0.702167 0.444174 0.556481
vn 0.698534 -0.095380 0.709192
vn -0.002729 0.248333 0.968671
vn 0.701850 -0.114390 0.703080
vn 0.283248 -0.534024 0.796611
vn 0.000000 0.248807 0.968553
vn 0.287145 -0.527849 0.799327
vn -0.279963 -0.523438 0.804757
vn 0.002646 0.248366 0.968663
vn -0.283296 -0.524520 0.802884
vn -0.698418 -0.121589 0.705286
vn -0.000187 0.251835 0.967770
vn -0.691588 0.455105 0.560879
vn -0.695615 -0.122961 0.707814
vn -0.004120 0.255736 0.966738
vn -0.691345 0.453937 0.562124
vn -0.280834 0.845965 0.453294
vn 0.000000 0.585491 0.810679
vn -0.992378 0.121369 -0.021344
vn 0.000000 0.866721 -0.498794
vn 0.002963 0.554023 0.832496
vn -0.990345 0.137476 0.017802
vn 0.771167 0.317202 0.551983
vn 0.603473 0.790781 0.102402
vn -0.924158 0.372030 -0.086748
vn -0.922095 -0.371904 0.106903
vn -0.286156 0.193517 0.938438
vn -0.922019 0.377701 -0.084985
vn -0.921941 -0.372321 0.106775
vn -0.701690 0.439423 0.560837
vn -0.692603 -0.123738 0.710627
vn -0.922019 0.377701 -0.084985
vn -0.379455 0.900080 -0.214174
vn -0.231087 0.407845 0.883324
vn -0.919843 0.383357 -0.083218
vn -0.388538 0.895134 -0.218572
vn -0.704610 0.453989 0.545361
vn -0.302695 0.838334 0.453401
vn -0.388538 0.895134 -0.218572
vn 0.372933 0.900054 -0.225443
vn -0.000716 0.520489 0.853868
vn -0.397572 0.890074 -0.222944
vn 0.381901 0.897845 -0.219148
vn -0.306133 0.834466 0.458203
vn 0.298505 0.837385 0.457909
vn 0.381901 0.897845 -0.219148
vn 0.924120 0.373529 -0.080495
vn 0.208742 0.437956 0.874426
vn 0.390821 0.895525 -0.212824
vn 0.921942 0.377891 -0.084974
vn 0.301384 0.837388 0.456015
vn 0.695509 0.449975 0.560170
vn 0.921942 0.377891 -0.084974
vn 0.922253 -0.371602 0.106591
vn 0.290514 0.235151 0.927527
vn 0.919725 0.382237 -0.089450
vn 0.921995 -0.372096 0.107100
vn 0.691766 0.453195 0.562206
vn 0.693248 -0.123305 0.710073
vn 0.921995 -0.372096 0.107100
vn 0.372891 -0.896596 0.238889
vn 0.206871 0.039612 0.977566
vn 0.921736 -0.372589 0.107610
vn 0.376169 -0.895828 0.236622
vn 0.693471 -0.124792 0.709595
vn 0.291451 -0.512343 0.807813
vn 0.376169 -0.895828 0.236622
vn -0.379514 -0.895015 0.234345
vn -0.000754 -0.041806 0.999125
vn 0.379440 -0.895044 0.234353
vn -0.382814 -0.893188 0.235941
vn 0.290960 -0.513154 0.807474
vn -0.294885 -0.513572 0.805783
vn -0.382814 -0.893188 0.235941
vn -0.922248 -0.371487 0.107031
vn -0.207697 0.040526 0.977353
vn -0.386107 -0.891347 0.237534
vn -0.922095 -0.371904 0.106903
vn -0.297069 -0.514271 0.804534
vn -0.704913 -0.117690 0.699462
vn 0.772259 0.320956 0.548273
vn 0.003272 0.556248 0.831010
vn -0.990334 0.137542 0.017894
vn 0.605427 0.789250 0.102682
vn 0.765845 0.322527 0.556289
vn 0.000000 0.498034 0.867158
vn 0.000000 1.000000 0.000000
vn 0.605427 0.789250 0.102682
vn 0.765845 0.322527 0.556289
vn 0.599138 -0.307869 0.739087
vn -0.990330 -0.053347 0.128068
vn 0.003820 0.443296 0.896367
vn 0.759349 0.324062 0.564245
vn 0.599138 -0.307869 0.739087
vn 0.000000 -0.498241 0.867039
vn 0.000000 0.498034 0.867158
vn 0.599138 -0.307869 0.739087
vn 0.000000 -0.498241 0.867039
vn -0.993465 -0.098858 0.057045
vn 0.000000 -1.000000 0.000000
vn 0.603503 -0.790764 -0.102356
vn 0.000000 -0.498241 0.867039
vn 0.000000 0.498034 0.867158
vn 0.000000 -0.498241 0.867039
vn 0.000000 -1.000000 0.000000
vn 0.000000 0.498034 0.867158
vn 0.000000 1.000000 0.000000
vn -0.691345 0.453937 0.562124
vn -0.922322 0.377075 -0.084480
vn -0.692801 -0.124331 0.710330
vn -0.921917 -0.372346 0.106898
vn -0.691101 0.452767 0.563366
vn -0.919834 0.383541 -0.082472
vn -0.374098 0.902042 -0.215340
vn -0.283715 0.842829 0.457323
vn -0.922322 0.377075 -0.084480
vn -0.370879 0.903748 -0.213747
vn -0.232765 0.406294 0.883598
vn -0.374098 0.902042 -0.215340
vn 0.377311 0.900321 -0.216929
vn 0.000723 0.515205 0.857066
vn -0.286588 0.839664 0.461337
vn -0.377311 0.900321 -0.216929
vn 0.380621 0.899474 -0.214651
vn 0.286370 0.841958 0.457274
vn 0.380621 0.899474 -0.214651
vn 0.924692 0.372279 -0.079706
vn 0.205026 0.433617 0.877462
vn 0.294380 0.842044 0.451999
vn 0.383924 0.898611 -0.212368
vn 0.922238 0.377215 -0.084772
vn 0.702167 0.444174 0.556481
vn 0.922238 0.377215 -0.084772
vn 0.922348 -0.371428 0.106371
vn 0.290774 0.235801 0.927280
vn 0.691774 0.453187 0.562200
vn 0.919732 0.382130 -0.089834
vn 0.922031 -0.372035 0.106997
vn 0.701850 -0.114390 0.703080
vn 0.922031 -0.372035 0.106997
vn 0.391235 -0.889209 0.237153
vn 0.204706 0.037431 0.978108
vn 0.704878 -0.133353 0.696681
vn 0.921713 -0.372642 0.107623
vn 0.387557 -0.890141 0.239684
vn 0.287145 -0.527849 0.799327
vn 0.387557 -0.890141 0.239684
vn -0.384613 -0.890756 0.242128
vn 0.000705 -0.044664 0.999002
vn 0.291024 -0.521641 0.801995
vn 0.383871 -0.891054 0.242209
vn -0.380948 -0.892821 0.240308
vn -0.283296 -0.524520 0.802884
vn -0.380948 -0.892821 0.240308
vn -0.922340 -0.371196 0.107252
vn -0.203897 0.036657 0.978306
vn -0.286623 -0.525593 0.800999
vn -0.377276 -0.894868 0.238483
vn -0.922129 -0.371771 0.107075
vn -0.695615 -0.122961 0.707814
vn -0.922129 -0.371771 0.107075
vn -0.290746 0.197300 0.936237
vn -0.924762 0.370589 -0.086483
vn -0.016188 0.261697 0.965015
vn -0.702419 0.442930 0.557154
vn -0.298534 0.826296 0.477611
vn -0.004218 0.250124 0.968205
vn -0.705029 0.456204 0.542966
vn -0.697839 -0.123358 0.705552
vn 0.000003 0.248766 0.968564
vn -0.291085 0.834847 0.467226
vn 0.305432 0.837275 0.453522
vn -0.001632 0.242260 0.970210
vn -0.300718 -0.515336 0.802495
vn -0.683892 -0.130209 0.717870
vn -0.000000 0.246032 0.969262
vn 0.299618 -0.511860 0.805126
vn -0.310249 -0.518337 0.796914
vn 0.001636 0.242262 0.970209
vn 0.702465 -0.127081 0.700280
vn 0.305057 -0.502531 0.808952
vn 0.004228 0.250136 0.968202
vn 0.697805 0.442753 0.563061
vn 0.705126 -0.146238 0.693838
vn 0.016197 0.261717 0.965009
vn 0.292572 0.837249 0.461969
vn 0.683579 0.454789 0.570864
vn -0.002974 0.441536 0.897239
vn -0.771500 0.317120 0.551564
vn -0.578906 -0.318801 0.750489
vn 0.990406 -0.054028 0.127187
vn -0.006258 0.498830 0.866677
vn -0.997789 -0.057598 0.033175
vn -0.002963 0.554023 0.832496
vn -0.771167 0.317202 0.551983
vn 0.990345 0.137477 0.017803
vn -0.603473 0.790781 0.102402
vn 0.385484 0.893985 -0.228457
vn -0.382483 0.895192 -0.228774
vn 0.000550 0.513540 0.858065
vn 0.385513 0.893971 -0.228462
vn 0.922857 0.373148 -0.095365
vn 0.176482 0.465344 0.867357
vn 0.385513 0.893971 -0.228462
vn -0.382511 0.895183 -0.228763
vn 0.000005 0.249601 0.968349
vn 0.385541 0.893958 -0.228468
vn 0.922852 0.373162 -0.095364
vn 0.001008 0.248308 0.968681
vn 0.922852 0.373162 -0.095364
vn 0.921548 -0.376176 0.096130
vn 0.286979 0.271815 0.918564
vn 0.990809 -0.131135 0.033194
vn 0.000057 0.248718 0.968576
vn -0.382483 0.895192 -0.228774
vn -0.922752 0.373393 -0.095428
vn -0.001000 0.248311 0.968680
vn -0.382455 0.895201 -0.228786
vn -0.922758 0.373381 -0.095420
vn -0.205366 0.435675 0.876363
vn -1.000000 -0.000748 -0.000217
vn -0.000057 0.248718 0.968576
vn -0.922763 0.373369 -0.095413
vn -0.921530 -0.376208 0.096180
vn -0.284153 0.236633 0.929119
vn -0.992379 -0.079268 0.094346
vn 0.000000 -0.866720 0.498794
vn 0.000000 0.405682 0.914014
vn -0.992378 -0.121369 0.021349
vn 0.000000 -0.585596 -0.810603
vn 0.000000 -0.866720 0.498794
vn 0.000000 0.585491 0.810679
vn -0.992374 0.121411 -0.021303
vn 0.000000 0.866720 -0.498794
vn 0.004904 0.581014 0.813879
vn 0.980530 0.169852 -0.098541
vn 0.000000 0.866720 -0.498794
vn 0.007105 0.501097 0.865362
vn 0.997783 -0.057677 0.033193
vn 0.005723 0.411519 0.911383
vn 0.980567 -0.170038 0.097856
vn 0.000000 -0.866720 0.498794
vn 0.924159 0.372030 -0.086748
vn 0.922095 -0.371904 0.106903
vn 0.286156 0.193517 0.938438
vn 0.922019 0.377701 -0.084985
vn 0.379262 0.900156 -0.214194
vn 0.231072 0.407861 0.883321
vn 0.922019 0.377701 -0.084985
vn 0.701690 0.439423 0.560837
vn 0.921941 -0.372321 0.106775
vn 0.692603 -0.123738 0.710627
vn 0.919843 0.383357 -0.083218
vn 0.704610 0.453989 0.545361
vn 0.302487 0.838427 0.453367
vn 0.388341 0.895214 -0.218593
vn 0.701690 0.439423 0.560837
vn 0.298994 0.842298 0.448483
vn -0.017753 0.229123 0.973236
vn 0.302487 0.838427 0.453367
vn -0.295909 0.837295 0.459756
vn -0.005277 0.241020 0.970506
vn 0.388341 0.895214 -0.218593
vn -0.373119 0.899981 -0.225425
vn 0.000675 0.520489 0.853868
vn 0.397370 0.890160 -0.222965
vn 0.305965 0.834513 0.458229
vn -0.298718 0.837306 0.457915
vn -0.382092 0.897769 -0.219128
vn -0.298718 0.837306 0.457915
vn -0.699233 0.446742 0.558117
vn 0.003600 0.244433 0.969660
vn -0.382092 0.897769 -0.219128
vn -0.924120 0.373529 -0.080495
vn -0.208766 0.437933 0.874432
vn -0.391018 0.895444 -0.212803
vn -0.301524 0.837307 0.456070
vn -0.695509 0.449975 0.560169
vn -0.921942 0.377891 -0.084974
vn -0.695509 0.449975 0.560169
vn -0.693023 -0.121819 0.710548
vn 0.000000 0.245021 0.969518
vn -0.921942 0.377891 -0.084974
vn -0.922253 -0.371602 0.106592
vn -0.290514 0.235151 0.927526
vn -0.919725 0.382237 -0.089449
vn -0.691766 0.453195 0.562205
vn -0.693248 -0.123306 0.710072
vn -0.921995 -0.372096 0.107101
vn -0.693248 -0.123306 0.710072
vn -0.292183 -0.511366 0.808167
vn 0.002896 0.247285 0.968938
vn -0.921995 -0.372096 0.107101
vn -0.373078 -0.896523 0.238872
vn -0.206896 0.039636 0.977560
vn -0.921736 -0.372589 0.107610
vn -0.693471 -0.124792 0.709595
vn -0.291651 -0.512248 0.807801
vn -0.376358 -0.895753 0.236604
vn -0.291651 -0.512248 0.807801
vn 0.292417 -0.512916 0.807100
vn -0.004167 0.249981 0.968242
vn -0.376358 -0.895753 0.236604
vn 0.379321 -0.895091 0.234365
vn 0.000710 -0.041806 0.999125
vn -0.379633 -0.894968 0.234332
vn -0.291119 -0.513128 0.807434
vn 0.294673 -0.513643 0.805816
vn 0.382618 -0.893267 0.235961
vn 0.294673 -0.513643 0.805816
vn 0.717003 -0.111604 0.688078
vn -0.014125 0.259379 0.965672
vn 0.382618 -0.893267 0.235961
vn 0.922248 -0.371487 0.107031
vn 0.207671 0.040501 0.977360
vn 0.385908 -0.891428 0.237553
vn 0.296926 -0.514366 0.804526
vn 0.704913 -0.117690 0.699462
vn 0.922095 -0.371904 0.106903
vn 0.704913 -0.117690 0.699462
vn -0.003148 0.245343 0.969431
vn 0.698447 0.424654 0.576056
vn -0.702419 0.442930 0.557154
vn -0.925436 0.368587 -0.087814
vn -0.711511 -0.116458 0.692957
vn -0.926470 -0.362527 0.101134
vn -0.699539 0.429487 0.571128
vn -0.928462 0.360263 -0.090380
vn -0.386338 0.895670 -0.220269
vn -0.291085 0.834847 0.467226
vn -0.925436 0.368587 -0.087814
vn -0.393353 0.891754 -0.223717
vn -0.231803 0.406846 0.883597
vn -0.386338 0.895670 -0.220269
vn 0.393302 0.893814 -0.215430
vn 0.000000 0.516729 0.856149
vn -0.283566 0.843200 0.456731
vn -0.379295 0.899517 -0.216805
vn 0.386355 0.895656 -0.220294
vn 0.292572 0.837249 0.461969
vn 0.386355 0.895657 -0.220294
vn 0.922197 0.375097 -0.094101
vn 0.200763 0.434476 0.878023
vn 0.279644 0.837024 0.470308
vn 0.379379 0.897431 -0.225141
vn 0.925357 0.368818 -0.087683
vn 0.697805 0.442753 0.563061
vn 0.925357 0.368818 -0.087683
vn 0.924558 -0.366987 0.102534
vn 0.287260 0.237676 0.927896
vn 0.711746 0.430537 0.555028
vn 0.928432 0.362506 -0.081256
vn 0.925523 -0.365093 0.100572
vn 0.702465 -0.127081 0.700280
vn 0.925523 -0.365093 0.100572
vn 0.377124 -0.893805 0.242673
vn 0.200729 0.037820 0.978917
vn 0.699513 -0.107872 0.706432
vn 0.926480 -0.363196 0.098610
vn 0.383991 -0.892158 0.237920
vn 0.299618 -0.511860 0.805126
vn 0.383991 -0.892158 0.237920
vn -0.377177 -0.895939 0.234587
vn -0.000000 -0.044078 0.999028
vn 0.294139 -0.521122 0.801196
vn 0.390829 -0.890446 0.233149
vn -0.383977 -0.892170 0.237896
vn -0.300718 -0.515336 0.802495
vn -0.383977 -0.892170 0.237896
vn -0.924767 -0.367238 0.099707
vn -0.200787 0.037877 0.978903
vn -0.291148 -0.512267 0.807970
vn -0.390749 -0.888337 0.241189
vn -0.925622 -0.364884 0.100421
vn -0.697839 -0.123358 0.705552
vn -0.925622 -0.364884 0.100421
vn -0.288660 0.200555 0.936191
vn -0.922331 0.376880 -0.085240
vn 0.000000 0.968645 -0.248449
vn -1.000000 0.000000 0.000000
vn 0.000000 -0.249796 -0.968299
vn 0.000000 0.968645 -0.248449
vn 0.000000 -0.249796 -0.968299
vn 1.000000 0.000000 0.000000
vn 0.000000 0.968413 -0.249351
vn -0.000672 0.249872 0.968279
vn -1.000000 0.000000 0.000000
vn 0.000000 0.968413 -0.249351
vn 1.000000 0.000000 0.000000
vn 0.000667 0.249875 0.968278
vn 0.000000 -0.255073 -0.966922
vn -0.383414 -0.894768 0.228877
vn 0.386558 -0.893491 0.228575
vn 0.000000 -0.247759 -0.968822
vn -0.921883 -0.375550 0.095363
vn -0.383523 -0.894730 0.228843
vn 0.000000 -0.249589 -0.968352
vn 0.386448 -0.893541 0.228564
vn 0.922172 -0.374956 0.094908
vn 0.000000 -0.245110 -0.969495
vn 0.980480 -0.190729 0.047769
vn 0.000000 -0.246123 -0.969239
vn -0.991400 -0.126947 0.031795
vn 0.000000 -0.247136 -0.968981
vn 1.000000 0.000000 0.000000
vn 0.000000 0.968413 -0.249351
vn -0.772259 0.320956 0.548273
vn 0.990334 0.137542 0.017894
vn -0.003272 0.556247 0.831010
vn -0.605427 0.789250 0.102682
vn -0.765845 0.322527 0.556289
vn -0.599138 -0.307869 0.739087
vn 0.990330 -0.053347 0.128068
vn -0.003820 0.443296 0.896367
vn -0.765845 0.322527 0.556289
vn 0.000000 0.498034 0.867157
vn 0.000000 1.000000 0.000000
vn -0.605427 0.789250 0.102682
vn -0.759349 0.324062 0.564245
vn 0.000000 0.498034 0.867157
vn -0.599138 -0.307869 0.739087
vn 0.000000 -0.498241 0.867039
vn 0.000000 0.498034 0.867157
vn 0.000000 1.000000 0.000000
vn 0.000000 0.498034 0.867157
vn 0.000000 -0.498241 0.867039
vn -0.599138 -0.307869 0.739087
vn 0.000000 -0.498241 0.867039
vn 0.000000 -1.000000 0.000000
vn -0.603503 -0.790764 -0.102356
vn 0.993465 -0.098858 0.057045
vn 0.000000 -0.498241 0.867039
vn 0.000000 -1.000000 0.000000
vn 0.000000 -1.000000 0.000000
vn 0.000000 -0.498241 -0.867039
vn -0.771363 -0.317012 -0.551818
vn -0.603503 -0.790764 -0.102356
vn 0.000000 -1.000000 0.000000
vn 0.000000 -0.498241 -0.867039
vn 0.000000 -0.498241 -0.867039
vn 0.000000 0.498034 -0.867157
vn -0.576791 0.319394 -0.751864
vn -0.771545 -0.316968 -0.551588
vn 0.000000 -0.498241 -0.867039
vn 0.000000 0.498034 -0.867157
vn 0.000000 0.498034 -0.867157
vn 0.000000 1.000000 0.000000
vn -0.576791 0.319394 -0.751864
vn 0.993458 0.099112 -0.056721
vn -0.605427 0.789250 0.102682
vn 0.000000 0.498034 -0.867158
vn 0.000000 1.000000 0.000000
vn -0.576791 0.319394 -0.751864
vn -0.771363 -0.317012 -0.551818
vn 0.990405 0.054033 -0.127196
vn -0.003014 -0.441516 -0.897248
vn -0.771180 -0.317057 -0.552047
vn -0.603503 -0.790764 -0.102356
vn 0.990345 -0.137475 -0.017795
vn -0.003020 -0.553995 -0.832514
vn 0.000672 0.249872 0.968279
vn 1.000000 0.000000 0.000000
vn 0.000000 0.968413 -0.249351
vn -0.000667 0.249874 0.968278
vn -1.000000 0.000000 0.000000
vn 0.000000 0.968413 -0.249351
vn 0.000000 -0.866720 0.498794
vn -0.980556 -0.169740 0.098476
vn -0.004953 -0.581074 -0.813836
vn 0.000000 -0.866720 0.498794
vn 0.992378 -0.121369 0.021349
vn 0.000000 -0.585596 -0.810603
vn 0.000000 -0.866720 0.498794
vn -0.980593 -0.169925 0.097791
vn -0.005723 0.411520 0.911383
vn 0.000000 -0.866720 0.498794
vn 0.992379 -0.079268 0.094346
vn 0.000000 0.405682 0.914014
vn -1.000000 0.000000 0.000000
vn 0.000000 0.968413 -0.249351
vn 0.000000 -0.247136 -0.968981
vn -0.921452 -0.376376 0.096265
vn -0.383414 -0.894768 0.228877
vn -0.205116 0.039164 0.977954
vn -0.383305 -0.894805 0.228912
vn 0.386448 -0.893541 0.228564
vn 0.000562 -0.042156 0.999111
vn 0.386339 -0.893592 0.228552
vn 0.921604 -0.376037 0.096136
vn 0.205780 0.039618 0.977796
vn -0.993458 0.099112 -0.056721
vn 0.000000 1.000000 0.000000
vn 0.000000 0.498034 -0.867158
vn 0.576791 0.319394 -0.751864
vn 0.605427 0.789250 0.102682
vn -0.992392 0.079618 -0.093912
vn 0.000000 0.866720 -0.498794
vn 0.000000 -0.407512 -0.913200
vn -0.990405 0.054033 -0.127196
vn 0.576791 0.319394 -0.751864
vn 0.771363 -0.317012 -0.551818
vn 0.003014 -0.441516 -0.897249
vn 0.992392 0.079618 -0.093912
vn 0.000000 -0.407512 -0.913200
vn 0.000000 0.866720 -0.498794
vn 0.992374 0.121411 -0.021303
vn 0.000000 0.866720 -0.498794
vn 0.000000 0.585491 0.810679
vn -0.000072 -0.248721 -0.968575
vn -0.378856 -0.896776 0.228608
vn -0.926011 -0.365693 0.093663
vn -0.000010 -0.248052 -0.968747
vn -0.981311 -0.186394 0.047808
vn -0.000021 -0.248671 -0.968588
vn 0.378857 -0.896775 0.228610
vn -0.375564 -0.898253 0.228239
vn 0.000015 -0.248657 -0.968592
vn 0.926015 -0.365699 0.093597
vn 0.375565 -0.897895 0.229641
vn 0.000000 -0.247012 -0.969012
vn 0.991773 -0.123998 0.031804
vn 0.000000 -0.246171 -0.969226
vn 0.000000 0.970086 -0.242762
vn -1.000000 0.000000 0.000000
vn 0.000000 -0.246171 -0.969226
vn 0.000000 0.970086 -0.242762
vn 1.000000 0.000000 0.000000
vn 0.000000 1.000000 0.000000
vn 0.000000 0.498034 -0.867158
vn 0.000000 0.498034 -0.867158
vn 0.000000 -0.498241 -0.867039
vn 0.000000 0.498034 -0.867158
vn 0.000000 -0.498241 -0.867039
vn 0.576791 0.319394 -0.751864
vn 0.771545 -0.316968 -0.551588
vn 0.000000 -0.498241 -0.867039
vn 0.000000 -1.000000 0.000000
vn 0.000000 -0.498241 -0.867039
vn 0.000000 -1.000000 0.000000
vn 0.771363 -0.317012 -0.551818
vn 0.603503 -0.790764 -0.102356
vn 0.771180 -0.317057 -0.552047
vn 0.603503 -0.790764 -0.102356
vn 0.003020 -0.553996 -0.832514
vn -0.990345 -0.137475 -0.017795
vn -0.980593 0.169925 -0.097791
vn -0.004944 -0.412575 -0.910910
vn 0.000000 0.866720 -0.498794
vn -0.997786 0.057638 -0.033170
vn -0.006330 -0.498797 -0.866696
vn -0.980556 0.169740 -0.098476
vn -0.004904 0.581013 0.813879
vn 0.000000 0.866720 -0.498794
vn -0.997786 -0.057638 0.033170
vn -0.007104 0.501098 0.865362
vn 0.980530 -0.169852 0.098541
vn 0.004953 -0.581074 -0.813835
vn 0.000000 -0.866720 0.498794
vn 0.997783 0.057677 -0.033193
vn 0.006331 -0.498797 -0.866696
vn 0.980567 0.170038 -0.097856
vn 0.004944 -0.412575 -0.910910
vn 0.000000 0.866720 -0.498794
vn 0.921452 -0.376376 0.096265
vn 0.383320 -0.894805 0.228887
vn 0.205095 0.039152 0.977959
vn 0.383211 -0.894843 0.228921
vn -0.386544 -0.893503 0.228554
vn -0.000597 -0.042156 0.999111
vn -0.386434 -0.893553 0.228542
vn -0.921604 -0.376037 0.096136
vn -0.205802 0.039630 0.977791
vn -0.980463 -0.190779 0.047917
vn -0.000018 -0.245250 -0.969460
vn 0.979531 0.174464 -0.100403
vn 0.000000 0.866720 -0.498794
vn 0.005601 -0.413186 -0.910629
vn 0.979565 0.174634 -0.099777
vn 0.000000 0.866720 -0.498794
vn 0.006095 0.584184 0.811598
vn 0.997668 0.059160 -0.034047
vn 0.007998 -0.499523 -0.866264
vn 0.997651 -0.059370 0.034167
vn 0.008218 0.499333 0.866371
vn 0.922615 0.373711 -0.095508
vn 0.290208 0.273915 0.916924
vn 0.922761 -0.373371 0.095421
vn 0.922615 0.373711 -0.095508
vn 0.382923 0.895052 -0.228586
vn 0.175908 0.460382 0.870118
vn 0.382418 0.895293 -0.228488
vn -0.386049 0.893791 -0.228264
vn -0.000566 0.513539 0.858066
vn 0.585849 0.805570 0.088534
vn 0.000000 1.000000 0.000000
vn 0.000000 0.505198 0.863003
vn 0.797929 0.302391 0.521411
vn 0.000000 1.000000 0.000000
vn -0.003016 0.511589 -0.859225
vn 0.000000 1.000000 0.000000
vn 0.000000 0.505198 0.863003
vn -0.001508 0.508208 -0.861233
vn 0.000000 -0.504993 -0.863124
vn 0.000000 0.504819 -0.863225
vn 0.000000 -0.504993 -0.863124
vn 0.636512 0.301555 -0.709871
vn 0.792054 -0.308273 -0.526894
vn 0.000000 -0.504993 -0.863124
vn 0.000000 -1.000000 0.000000
vn 0.000000 -0.504993 -0.863124
vn 0.000000 -1.000000 0.000000
vn 0.786410 -0.309949 -0.534313
vn 0.583264 -0.807309 -0.089755
vn 0.000000 -1.000000 0.000000
vn 0.003043 -0.498624 0.866813
vn 0.001521 -0.501999 0.864867
vn 0.000000 0.505198 0.863003
vn 0.000000 -0.505365 0.862906
vn 0.000000 0.505198 0.863003
vn 0.614353 -0.315758 0.723096
vn 0.803624 0.300662 0.513606
vn -0.385541 0.893959 -0.228465
vn -0.922710 0.373491 -0.095452
vn -0.205275 0.432893 0.877762
vn -1.000000 -0.000498 -0.000223
vn -0.005966 0.246167 0.969209
vn -0.922710 0.373491 -0.095452
vn -0.922363 -0.374359 0.095406
vn -0.290636 0.235702 0.927349
vn 1.000000 0.000000 0.000000
vn 0.000000 -0.249796 -0.968299
vn 0.000000 0.968645 -0.248449
vn 0.980463 -0.190779 0.047917
vn 0.000000 -0.245771 -0.969328
vn 0.922332 -0.374627 0.094650
vn 0.382282 -0.895583 0.227579
vn 0.000000 -0.243637 -0.969866
vn 0.922405 -0.374261 0.095380
vn 0.382363 -0.895546 0.227588
vn 0.204019 0.037830 0.978236
vn 0.382282 -0.895583 0.227579
vn -0.385486 -0.894296 0.227234
vn -0.000555 -0.042539 0.999095
vn 0.382201 -0.895620 0.227570
vn -0.385405 -0.894325 0.227259
vn 0.000000 -0.243517 -0.969897
vn -0.385405 -0.894325 0.227259
vn -0.922856 -0.373281 0.094863
vn -0.204662 0.038220 0.978086
vn -0.385323 -0.894353 0.227285
vn -0.922478 -0.374201 0.094906
vn 0.000000 -0.243677 -0.969856
vn -0.991414 -0.126825 0.031854
vn 0.000000 -0.247784 -0.968815
vn -1.000000 0.000000 0.000000
vn 0.000000 -0.249796 -0.968299
vn 0.000000 0.968645 -0.248449
vn -0.003914 -0.441744 -0.897133
vn -0.567831 0.324433 -0.756512
vn -0.752571 -0.330491 -0.569573
vn 0.990443 0.054360 -0.126756
vn -0.007283 -0.501026 -0.865401
vn -0.997772 0.057823 -0.033277
vn -0.771500 0.317120 0.551564
vn 0.000000 0.498626 0.866817
vn 0.000000 1.000000 0.000000
vn -0.603473 0.790781 0.102402
vn -0.771833 0.317039 0.551144
vn 0.000000 0.498626 0.866817
vn -0.578906 -0.318801 0.750489
vn 0.000000 -0.498618 0.866822
vn 0.000000 0.498626 0.866817
vn 0.000000 1.000000 0.000000
vn 0.000000 0.498626 0.866817
vn 0.000000 -0.498618 0.866822
vn 0.000000 -0.498618 0.866822
vn 0.000000 -1.000000 0.000000
vn 0.000000 -1.000000 0.000000
vn 0.000000 -0.498618 -0.866822
vn -0.752571 -0.330491 -0.569573
vn -0.599411 -0.793953 -0.101713
vn 0.000000 -1.000000 0.000000
vn 0.000000 -0.498618 -0.866822
vn 0.000000 -0.498618 -0.866822
vn 0.000000 0.498626 -0.866817
vn -0.567831 0.324433 -0.756512
vn -0.746136 -0.331977 -0.577125
vn 0.000000 -0.498618 -0.866822
vn 0.000000 0.498626 -0.866817
vn 0.000000 0.498626 -0.866817
vn 0.000000 1.000000 0.000000
vn -0.567831 0.324433 -0.756512
vn 0.993457 0.099192 -0.056601
vn -0.603473 0.790781 0.102402
vn 0.000000 0.498626 -0.866817
vn 0.000000 1.000000 0.000000
vn -0.000678 0.246685 0.969095
vn 0.283408 -0.524422 0.802908
vn 0.698131 -0.121385 0.705605
vn 0.000333 0.249757 0.968309
vn 0.695328 -0.122758 0.708131
vn 0.691302 0.455076 0.561254
vn -0.000193 0.246215 0.969215
vn -0.287145 -0.527849 0.799327
vn 0.280237 -0.523394 0.804690
vn 0.000146 0.246077 0.969250
vn -0.701850 -0.114390 0.703080
vn -0.283248 -0.534024 0.796611
vn 0.000000 0.250219 0.968189
vn -0.702167 0.444174 0.556481
vn -0.698534 -0.095380 0.709192
vn -0.000869 0.251974 0.967734
vn -0.286370 0.841958 0.457274
vn -0.712404 0.435061 0.550638
vn 0.001194 0.252833 0.967509
vn 0.283811 0.842725 0.457457
vn -0.278334 0.841794 0.462508
vn 0.004125 0.255739 0.966737
vn 0.691060 0.453909 0.562498
vn 0.281025 0.845758 0.453562
vn 0.000000 1.000000 0.000000
vn 0.000000 0.498626 0.866817
vn 0.000000 1.000000 0.000000
vn 0.000000 0.498626 0.866817
vn 0.771500 0.317120 0.551564
vn 0.603473 0.790781 0.102402
vn 0.000000 1.000000 0.000000
vn 0.000000 0.498626 -0.866817
vn 0.000000 1.000000 0.000000
vn 0.000000 0.498626 -0.866817
vn 0.567831 0.324433 -0.756512
vn -0.993457 0.099192 -0.056601
vn 0.603473 0.790781 0.102402
vn 0.000000 0.498626 -0.866817
vn 0.000000 -0.498618 -0.866822
vn 0.000000 0.498626 -0.866817
vn 0.000000 -0.498618 -0.866822
vn 0.567831 0.324433 -0.756512
vn 0.746136 -0.331977 -0.577125
vn 0.000000 -0.498618 -0.866822
vn 0.000000 -1.000000 0.000000
vn 0.000000 -0.498618 -0.866822
vn 0.000000 -1.000000 0.000000
vn 0.752571 -0.330491 -0.569573
vn 0.599411 -0.793953 -0.101713
vn 0.000000 -1.000000 0.000000
vn 0.000000 -0.498618 0.866822
vn 0.000000 -0.498618 0.866822
vn 0.000000 0.498626 0.866817
vn 0.000000 -0.498618 0.866822
vn 0.000000 0.498626 0.866817
vn 0.578906 -0.318801 0.750489
vn 0.771833 0.317039 0.551144
vn 0.924761 0.370590 -0.086483
vn 0.922129 -0.371771 0.107075
vn 0.290746 0.197300 0.936237
vn 0.922322 0.377075 -0.084480
vn 0.370879 0.903748 -0.213747
vn 0.232765 0.406294 0.883598
vn 0.922322 0.377075 -0.084480
vn 0.691060 0.453909 0.562498
vn 0.921917 -0.372345 0.106898
vn 0.692514 -0.124128 0.710645
vn 0.919834 0.383540 -0.082472
vn 0.690815 0.452739 0.563739
vn 0.283811 0.842725 0.457457
vn 0.374098 0.902042 -0.215340
vn 0.374098 0.902042 -0.215340
vn -0.377311 0.900321 -0.216929
vn -0.000710 0.515195 0.857072
vn 0.377312 0.900321 -0.216929
vn 0.286588 0.839664 0.461337
vn -0.286370 0.841958 0.457274
vn -0.380621 0.899474 -0.214651
vn -0.380621 0.899474 -0.214651
vn -0.924503 0.372725 -0.079816
vn -0.204905 0.433637 0.877481
vn -0.383924 0.898611 -0.212368
vn -0.294380 0.842044 0.451999
vn -0.702167 0.444174 0.556481
vn -0.922140 0.377473 -0.084690
vn -0.922140 0.377473 -0.084690
vn -0.922151 -0.371806 0.106760
vn -0.290718 0.235805 0.927297
vn -0.919729 0.382201 -0.089560
vn -0.691774 0.453187 0.562200
vn -0.701850 -0.114390 0.703080
vn -0.921932 -0.372224 0.107192
vn -0.921932 -0.372224 0.107192
vn -0.391235 -0.889209 0.237153
vn -0.204583 0.037421 0.978134
vn -0.921713 -0.372642 0.107623
vn -0.704878 -0.133353 0.696681
vn -0.287145 -0.527849 0.799327
vn -0.387557 -0.890141 0.239684
vn -0.387557 -0.890141 0.239684
vn 0.384613 -0.890756 0.242128
vn -0.000692 -0.044652 0.999002
vn -0.383871 -0.891054 0.242209
vn -0.291024 -0.521641 0.801995
vn 0.283408 -0.524422 0.802908
vn 0.380949 -0.892821 0.240308
vn 0.380949 -0.892821 0.240308
vn 0.922339 -0.371197 0.107251
vn 0.203897 0.036657 0.978306
vn 0.377276 -0.894868 0.238483
vn 0.286575 -0.525442 0.801115
vn 0.695328 -0.122758 0.708131
vn 0.922129 -0.371771 0.107075
vn 0.925989 -0.365776 0.093549
vn 0.378857 -0.896775 0.228610
vn 0.202455 0.039187 0.978507
vn 0.382145 -0.895642 0.227576
vn -0.378856 -0.896776 0.228608
vn 0.000000 -0.042157 0.999111
vn -0.382143 -0.895286 0.228974
vn -0.926034 -0.365679 0.093490
vn -0.202457 0.039228 0.978505
vn 0.001090 -0.200256 -0.979743
vn -0.924545 0.021481 0.380468
vn 0.218110 -0.184095 -0.958404
vn 0.122607 -0.191698 -0.973766
vn 0.002180 -0.200179 -0.979757
vn -0.497487 -0.112569 -0.860137
vn -0.924299 0.007887 0.381588
vn 0.286285 -0.174750 -0.942074
vn 0.990540 0.084362 0.108226
vn 0.226770 -0.179498 -0.957265
vn 0.574880 -0.067228 -0.815471
vn 0.000000 -0.030600 -0.999532
vn 0.857349 0.006533 -0.514694
vn -0.945830 -0.009631 0.324519
vn 0.251871 -0.176762 -0.951481
vn 0.084599 0.317841 0.944362
vn 0.993965 0.077924 0.077205
vn 0.251905 -0.176030 -0.951608
vn -0.987181 -0.012696 0.159099
vn 0.951321 0.007494 -0.308111
vn -0.922335 -0.036235 -0.384688
vn -0.383447 -0.007403 -0.923533
vn 0.998787 0.019555 0.045200
vn -0.992772 -0.025440 -0.117285
vn 0.897459 0.006186 -0.441055
vn -0.234975 -0.006673 -0.971978
vn 0.815026 0.007862 -0.579371
vn -0.681806 -0.010663 -0.731455
vn 0.000000 0.000000 -1.000000
vn -0.975824 -0.012103 0.218224
vn 0.000000 0.000606 -1.000000
vn -0.980608 -0.011877 0.195621
vn -0.192191 -0.003544 -0.981351
vn 0.207455 0.003014 -0.978240
vn 0.264473 0.006492 -0.964371
vn 0.910102 0.018696 -0.413963
vn -0.974826 -0.013730 0.222544
vn 0.910327 0.010132 -0.413766
vn -0.220225 -0.001924 -0.975447
vn 0.257670 0.003219 -0.966228
vn 0.059324 0.001613 -0.998237
vn 0.511297 0.006752 -0.859378
vn 0.059324 0.001613 -0.998237
vn -0.177211 0.012646 -0.984092
vn 0.964672 0.010382 0.263250
vn -0.101230 0.004756 -0.994852
vn 0.964535 0.016906 -0.263415
vn 0.994245 0.014683 -0.106115
vn -0.910209 -0.008154 -0.414069
vn 0.253928 0.169838 -0.952195
vn 0.603822 0.069889 -0.794049
vn 0.228680 0.172543 -0.958089
vn 0.681078 0.008241 -0.732165
vn 0.253825 0.172127 -0.951811
vn 0.997353 0.015907 0.070955
vn 0.286931 0.177312 -0.941399
vn 0.994392 0.008651 0.105400
vn 0.930877 -0.028377 0.364230
vn 0.946153 -0.026960 0.322595
vn 0.828677 -0.072892 0.554960
vn -0.824875 -0.126877 0.550894
vn 0.768548 -0.081471 0.634584
vn 0.990191 0.001383 0.139713
vn 0.986109 0.090715 0.139137
vn 0.759600 0.172140 0.627196
vn 0.938716 0.123181 0.321929
vn 0.820727 0.162272 0.547791
vn -0.829584 0.063094 0.554806
vn 0.836637 0.160345 0.523763
vn 0.996724 0.043929 0.067913
vn 0.821952 0.164065 0.545414
vn -0.865836 0.030560 0.499394
vn 0.993677 0.015336 -0.111229
vn 0.812394 0.167372 0.558573
vn -0.906149 -0.005615 0.422920
vn 0.983716 0.014225 -0.179165
vn -0.419301 0.001277 0.907846
vn 0.786271 0.012189 0.617762
vn -0.898614 -0.004875 0.438714
vn 0.995226 0.015835 0.096307
vn 0.997222 0.012272 0.073472
vn 0.343655 0.006437 0.939074
vn 0.560027 0.007693 0.828438
vn 0.967265 0.011234 0.253519
vn 0.898908 0.011449 0.437987
vn 0.223473 0.001896 0.974708
vn -0.849592 -0.010248 0.527342
vn 0.928164 0.010834 0.372015
vn 0.491780 0.004941 0.870705
vn 0.473786 0.002468 0.880636
vn -0.822079 -0.011518 0.569257
vn 0.929978 0.009841 0.367483
vn -0.819099 -0.015740 0.573437
vn 0.923071 -0.037923 0.382755
vn -0.817155 -0.015748 0.576203
vn -0.824508 -0.074138 0.560973
vn 0.702071 -0.040497 0.710954
vn 0.545282 -0.000018 0.838253
vn -0.978553 -0.013072 0.205580
vn 0.643662 0.002238 0.765307
vn -0.999901 -0.013657 -0.003472
vn -0.818062 -0.137324 0.558495
vn -0.932676 -0.077389 0.352315
vn -0.883885 -0.110425 0.454481
vn -0.850112 -0.116835 0.513477
vn -0.922815 -0.057150 0.380981
vn -0.920213 -0.098235 0.378891
vn -0.000501 0.176659 -0.984272
vn 0.000000 0.093848 -0.995587
vn -0.918920 -0.098882 0.381850
vn -0.000251 0.176658 -0.984272
vn -0.962351 -0.011587 0.271563
vn -0.808006 -0.009967 0.589090
vn -0.884217 -0.010401 0.466961
vn -0.926367 -0.010794 0.376468
vn 0.261282 0.006314 0.965242
vn -0.922015 -0.009669 0.387033
vn 0.993677 0.015336 -0.111229
vn -0.908790 0.030210 0.416160
vn 0.993688 0.015340 -0.111128
vn -0.909944 0.025023 0.413976
vn 0.000283 -0.206401 -0.978468
vn 0.217484 -0.214485 -0.952206
vn 0.122470 -0.210816 -0.969824
vn 0.000567 -0.206407 -0.978466
vn -0.952262 0.011547 -0.305064
vn 0.287711 -0.210559 -0.934284
vn 0.994115 -0.023539 0.105742
vn 0.229806 -0.207217 -0.950921
vn 0.672534 -0.096850 -0.733702
vn 0.000000 -0.017837 -0.999841
vn 0.978000 -0.028798 -0.206607
vn 0.743092 -0.011102 -0.669097
vn -0.984288 0.014307 0.175993
vn 0.255356 -0.207058 -0.944416
vn 0.996027 -0.011091 0.088356
vn 0.996733 -0.030831 0.074653
vn 0.255438 -0.205553 -0.944722
vn -0.308010 -0.028824 -0.950946
vn 0.999466 -0.018003 0.027267
vn -0.308010 -0.028824 -0.950946
vn -0.481489 0.002289 -0.876449
vn 0.975313 -0.009688 0.220614
vn 0.585275 -0.023967 -0.810480
vn 0.995636 -0.023564 -0.090296
vn -0.480270 0.002269 -0.877118
vn 0.743092 -0.011102 -0.669097
vn -0.481489 0.002289 -0.876449
vn 0.325024 -0.004364 -0.945696
vn 0.305269 -0.005602 -0.952250
vn 0.125237 -0.001381 -0.992126
vn -0.482707 0.002310 -0.875779
vn 0.249472 -0.002906 -0.968378
vn 0.980837 -0.011878 0.194468
vn 0.061297 0.006554 -0.998098
vn 0.974782 -0.012184 0.222829
vn 0.858590 -0.003237 0.512653
vn 0.980862 -0.011692 0.194354
vn 0.590425 -0.005447 0.807074
vn 0.690080 -0.006776 0.723701
vn -0.466942 0.020416 0.884052
vn -0.289150 0.044047 0.956270
vn 0.721428 -0.007592 0.692448
vn 0.973198 -0.011837 0.229662
vn 0.939653 -0.011167 0.341947
vn 0.667125 -0.008908 0.744892
vn 0.932963 -0.013340 0.359724
vn 0.849605 -0.009405 0.527336
vn 0.470931 -0.004863 0.882157
vn -0.849603 0.009661 0.527335
vn 0.549361 -0.015008 0.835450
vn -0.796176 0.006029 0.605036
vn 0.065748 0.028610 0.997426
vn -0.998452 0.015502 0.053424
vn -0.168621 0.005822 0.985664
vn -0.960685 0.011870 0.277387
vn -0.902878 0.010975 0.429758
vn -0.900610 0.010303 0.434505
vn -0.826634 0.004458 0.562723
vn -0.923197 0.012101 0.384136
vn -0.960030 0.010981 0.279683
vn 0.412165 -0.003644 -0.911102
vn 0.000000 -0.002027 -0.999998
vn -0.957980 0.008831 0.286698
vn 0.509052 -0.002286 -0.860733
vn 0.990477 -0.016223 0.136723
vn 0.766486 0.090935 0.635791
vn 0.946148 0.021270 0.323035
vn 0.832080 0.075017 0.549559
vn -0.726412 0.180335 0.663178
vn 0.925926 0.031759 0.376369
vn 0.847373 0.072976 0.525959
vn -0.931785 0.071159 0.355969
vn -0.695393 0.184746 0.694477
vn 0.940419 0.019238 0.339472
vn -0.483070 0.036036 0.874840
vn -0.845697 0.152446 0.511426
vn -0.834540 0.153793 0.529048
vn -0.916221 0.125852 0.380396
vn -0.916520 0.125725 0.379716
vn -0.332289 0.092257 0.938655
vn -0.981419 0.072031 0.177845
vn 0.952337 -0.004909 0.305010
vn -0.919067 -0.098659 0.381552
vn -0.849661 -0.123194 0.512736
vn -0.883285 -0.116454 0.454143
vn -0.919400 -0.098371 0.380824
vn -0.923027 -0.046243 0.381945
vn 0.000000 0.249213 -0.968449
vn 0.771674 -0.001925 -0.636016
vn -0.825286 -0.142983 0.546314
vn 0.726096 -0.185830 0.662006
vn -0.924824 -0.074597 0.373009
vn -0.839548 -0.149931 0.522188
vn 0.622236 -0.085840 0.778109
vn -0.943712 -0.075039 0.322143
vn 0.777530 -0.012798 0.628716
vn 0.755395 -0.179939 0.630080
vn 0.990496 -0.018350 0.136311
vn 0.875755 -0.121334 0.467260
vn 0.973760 -0.057996 0.220062
vn 0.470804 0.203809 -0.858374
vn 0.963940 -0.078350 0.254325
vn 0.477770 -0.084164 0.874444
vn 0.967443 0.022093 -0.252125
vn 0.518359 0.200087 -0.831426
vn 0.985665 -0.045611 0.162432
vn -0.200461 -0.017745 0.979541
vn 0.216393 0.233507 -0.947971
vn 0.244785 0.239542 -0.939521
vn 0.000960 0.248927 -0.968522
vn 0.000712 0.249060 -0.968488
vn -0.188714 0.093379 -0.977583
vn 0.000000 0.249481 -0.968380
vn 0.808531 -0.003489 -0.588444
vn -0.912859 0.016449 -0.407943
vn 0.209117 0.006262 -0.977870
vn 0.050122 0.000236 -0.998743
vn 0.258981 -0.002158 -0.965880
vn -0.923866 -0.007959 0.382634
vn -0.856424 0.017796 0.515967
vn -0.889613 0.011886 0.456560
vn -0.923964 -0.008054 0.382396
vn -0.000499 -0.215549 -0.976493
vn -0.798463 0.024916 0.601528
vn 0.795591 0.083517 0.600050
vn -0.893969 0.008443 0.448050
vn -0.924306 -0.008257 0.381563
vn -0.805999 0.048785 0.589903
vn 0.790082 0.207090 0.576961
vn -0.845442 0.033365 0.533024
vn -0.737642 0.076385 0.670857
vn 0.816942 0.201248 0.540467
vn -0.856738 0.029193 0.514925
vn 0.763145 0.103311 0.637916
vn 0.988979 0.061757 0.134558
vn 0.866315 0.188520 0.462557
vn 0.980297 0.084311 0.178632
vn 0.473362 -0.074252 -0.877733
vn 0.907128 0.175240 0.382636
vn 0.972893 0.137601 0.185864
vn 0.351011 -0.167214 -0.921320
vn 0.933522 0.163871 0.318878
vn 0.986708 0.123739 0.105339
vn 0.291203 -0.177885 -0.939977
vn 0.981865 0.130629 0.137392
vn 0.753520 0.210503 0.622813
vn 0.223107 -0.096388 -0.970017
vn 0.249157 -0.185145 -0.950601
vn -0.000908 -0.215601 -0.976481
vn 0.116805 -0.201733 -0.972451
vn 0.123708 -0.202084 -0.971524
vn -0.000749 -0.215532 -0.976497
vn 0.220160 -0.190435 -0.956694
vn -0.919362 -0.099314 0.380671
vn -0.850020 -0.123909 0.511970
vn -0.883489 -0.116774 0.453665
vn -0.919084 -0.099540 0.381284
vn -0.922729 -0.049128 0.382307
vn 0.000000 0.243979 -0.969780
vn 0.807640 0.001256 -0.589674
vn -0.825781 -0.142110 0.545793
vn 0.728779 -0.177302 0.661396
vn -0.925978 -0.075855 0.369879
vn -0.960074 0.004165 0.279715
vn 0.551656 -0.000203 -0.834072
vn -0.840324 -0.147668 0.521585
vn 0.643443 -0.082170 0.761071
vn -0.945345 -0.076076 0.317074
vn 0.840480 -0.009042 0.541767
vn -0.785629 0.001866 0.618695
vn 0.709814 -0.011009 0.704303
vn -0.829369 0.000294 0.558701
vn -0.899473 0.005845 0.436936
vn -0.938617 0.006395 0.344901
vn 0.155937 -0.000658 -0.987767
vn -0.881460 0.005911 0.472221
vn -0.924504 0.006438 0.381119
vn -0.807150 0.005395 0.590321
vn 0.737744 -0.005299 0.675060
vn -0.845828 0.005924 0.533423
vn 0.757841 -0.171190 0.629580
vn 0.990268 -0.017267 0.138102
vn 0.876185 -0.115914 0.467830
vn 0.973721 -0.053801 0.221298
vn 0.472124 0.202851 -0.857876
vn 0.964244 -0.072247 0.254976
vn 0.569103 -0.057781 0.820233
vn 0.966611 0.025737 -0.254953
vn 0.517531 0.199175 -0.832160
vn 0.986448 -0.039760 0.159184
vn -0.972713 0.001505 0.232008
vn 0.975185 -0.007403 0.221269
vn 0.045028 0.007080 -0.998961
vn 0.862484 -0.011287 0.505958
vn 0.641097 -0.005467 0.767441
vn 0.939840 -0.006551 0.341551
vn 0.926986 -0.006471 0.375040
vn 0.984503 -0.006956 0.175233
vn 0.329776 -0.002153 -0.944057
vn 0.947108 -0.006595 0.320848
vn 0.217335 0.230741 -0.948433
vn 0.244428 0.235833 -0.940552
vn -0.000258 0.244111 -0.969747
vn 0.000169 0.243979 -0.969780
vn -0.210930 0.091081 -0.973249
vn 0.000000 0.243942 -0.969790
vn 0.840382 -0.000068 -0.541995
vn -0.929988 0.011580 -0.367407
vn 0.227754 0.007188 -0.973692
vn 0.039057 0.000581 -0.999237
vn 0.423167 -0.001587 -0.906051
vn 0.000000 0.000000 -1.000000
vn 0.055618 -0.000320 -0.998452
vn 0.000000 0.000000 -1.000000
vn -0.922218 -0.058196 0.382266
vn -0.856535 -0.007038 0.516040
vn -0.888828 -0.035613 0.456856
vn -0.921942 -0.057984 0.382964
vn 0.000991 -0.224622 -0.974445
vn -0.799185 -0.002515 0.601080
vn 0.796166 0.104801 0.595934
vn -0.892928 -0.038862 0.448519
vn -0.922782 -0.058608 0.380839
vn -0.806900 0.007721 0.590638
vn 0.781792 0.255701 0.568699
vn -0.845529 -0.010867 0.533819
vn -0.737901 0.039619 0.673745
vn 0.807554 0.251403 0.533528
vn -0.856229 -0.016025 0.516348
vn 0.763914 0.129476 0.632196
vn 0.986356 0.092694 0.136051
vn 0.856771 0.241007 0.455916
vn 0.976553 0.120658 0.178288
vn 0.472668 -0.063372 -0.878959
vn 0.897323 0.229425 0.377062
vn 0.964181 0.194248 0.180620
vn 0.349119 -0.157109 -0.923814
vn 0.924120 0.218972 0.313135
vn 0.978372 0.179907 0.102088
vn 0.288936 -0.171186 -0.941919
vn 0.973205 0.186688 0.134236
vn 0.744158 0.258753 0.615854
vn 0.222730 -0.093978 -0.970340
vn 0.248527 -0.180295 -0.951697
vn -0.000871 -0.224938 -0.974373
vn 0.114911 -0.205244 -0.971941
vn 0.123696 -0.204416 -0.971037
vn 0.001487 -0.224558 -0.974460
vn 0.221072 -0.186607 -0.957238
vn -0.916789 -0.117462 0.381707
vn -0.847766 -0.137325 0.512285
vn -0.881408 -0.131055 0.453812
vn -0.917280 -0.117157 0.380621
vn -0.921971 -0.062816 0.382129
vn 0.000000 0.209577 -0.977792
vn 0.883048 0.008143 -0.469212
vn -0.823895 -0.150400 0.546422
vn 0.732747 -0.124937 0.668934
vn -0.847193 -0.151113 0.509341
vn -0.977248 -0.034996 0.209192
vn -0.972498 -0.005281 0.232852
vn 0.823759 0.009934 -0.566853
vn 0.301923 0.001711 -0.953331
vn -0.837630 -0.154152 0.524036
vn 0.644025 -0.053646 0.763121
vn -0.837218 -0.157232 0.523779
vn 0.827303 -0.000523 0.561756
vn -0.999863 -0.005196 -0.015726
vn -0.749700 -0.005895 0.661752
vn 0.691880 -0.003266 0.722005
vn -0.840945 -0.008072 0.541060
vn -0.958504 -0.002714 0.285065
vn -0.759599 -0.002464 0.650387
vn -0.944283 -0.002455 0.329126
vn 0.000000 0.000437 -1.000000
vn -0.872917 -0.002345 0.487862
vn -0.923109 -0.002234 0.384532
vn -0.808012 -0.002192 0.589162
vn 0.351823 0.000012 0.936067
vn 0.849637 0.002225 0.527363
vn -0.845524 -0.002019 0.533933
vn -0.739615 0.130645 0.660228
vn 0.803853 0.013820 0.594667
vn -0.849515 0.123032 0.513018
vn 0.764532 -0.117686 0.633751
vn 0.990703 0.019074 0.134700
vn 0.880507 -0.067508 0.469201
vn 0.975760 -0.010274 0.218600
vn 0.472684 0.192398 -0.859973
vn 0.966933 -0.025116 0.253789
vn 0.612587 -0.038138 0.789482
vn 0.971542 0.044545 -0.232643
vn 0.518768 0.190364 -0.833451
vn 0.980061 -0.011188 0.198384
vn -0.999438 -0.004878 -0.033174
vn 0.971883 0.002159 0.235456
vn 0.025993 0.009144 -0.999620
vn 0.875575 -0.001597 0.483080
vn 0.606333 0.000608 0.795210
vn 0.939239 0.002321 0.343256
vn 0.922664 0.002238 0.385598
vn 0.982734 0.002320 0.185007
vn 0.126903 0.000734 -0.991915
vn 0.946696 0.002301 0.322119
vn 0.983077 -0.060930 0.172764
vn 0.367228 -0.109102 -0.923710
vn 0.989142 -0.060569 0.133901
vn 0.769817 0.013023 0.638132
vn 0.217642 0.206859 -0.953856
vn 0.245877 0.211166 -0.946020
vn 0.000419 0.209729 -0.977760
vn 0.000571 0.209598 -0.977787
vn -0.172892 0.077868 -0.981858
vn 0.000000 0.209482 -0.977812
vn 0.930811 0.006246 -0.365446
vn -0.906640 0.002667 -0.421897
vn 0.276322 0.008868 -0.961024
vn 0.016113 0.001073 -0.999870
vn 0.383493 0.001543 -0.923542
vn 0.203715 0.000910 -0.979030
vn 0.124894 0.000295 -0.992170
vn 0.000000 0.000000 -1.000000
vn 0.219773 -0.127066 -0.967241
vn -0.001191 -0.224729 -0.974421
vn -0.899032 0.228267 0.373678
vn 0.213895 -0.252340 -0.943702
vn 0.120628 -0.241372 -0.962906
vn -0.000794 -0.224809 -0.974403
vn -0.899314 0.228210 0.373035
vn 0.284485 -0.257871 -0.923348
vn 0.986159 -0.131555 0.100916
vn 0.114916 -0.240045 -0.963936
vn 0.000421 -0.224982 -0.974363
vn 0.341007 -0.261762 -0.902882
vn 0.977009 -0.113014 0.180780
vn 0.242045 -0.254506 -0.936291
vn 0.983373 -0.123518 0.133116
vn 0.769648 0.024335 0.638005
vn 0.944307 -0.075183 0.320361
vn 0.831731 -0.003148 0.555170
vn -0.803753 0.251535 0.539177
vn 0.916606 -0.053254 0.396229
vn 0.802351 0.011440 0.596743
vn -0.771900 0.256663 0.581631
vn 0.880007 -0.029683 0.474033
vn -0.816502 0.249101 0.520838
vn -0.862438 0.239741 0.445786
vn -0.899179 0.228221 0.373352
vn -0.829699 0.246045 0.501060
vn -0.863810 0.238810 0.443623
vn -0.917790 -0.119870 0.378541
vn -0.848481 -0.144689 0.509064
vn -0.881691 -0.135873 0.451839
vn -0.918260 -0.119562 0.377497
vn -0.921976 -0.066403 0.381512
vn 0.000000 0.234040 -0.972227
vn 0.924296 0.012009 -0.381489
vn -0.821203 -0.158409 0.548208
vn 0.827159 -0.107749 0.551541
vn -0.930619 -0.092898 0.354004
vn -0.974206 -0.009737 0.225451
vn 0.884908 0.013627 -0.465567
vn 0.382740 0.003850 -0.923848
vn -0.836002 -0.089756 0.541335
vn 0.731549 -0.060279 0.679119
vn -0.811521 -0.172743 0.558206
vn 0.697494 -0.001473 0.716589
vn -0.999944 -0.009356 0.004852
vn 0.490582 -0.000292 0.871395
vn -0.827238 -0.008144 0.561792
vn 0.614515 -0.003371 0.788898
vn -0.977958 -0.008858 0.208614
vn -0.961632 -0.007220 0.274248
vn -0.805832 -0.006355 0.592110
vn -0.946487 -0.006899 0.322668
vn 0.000000 0.000771 -1.000000
vn 0.000000 0.000000 -1.000000
vn -0.875006 -0.006422 0.484070
vn -0.923885 -0.006585 0.382615
vn -0.807758 -0.005945 0.589484
vn 0.849627 0.006201 0.527347
vn 0.179814 0.000355 0.983701
vn -0.846092 -0.006008 0.533003
vn -0.794124 0.117247 0.596339
vn 0.799164 0.032462 0.600236
vn -0.853523 0.094079 0.512492
vn 0.936067 0.006611 0.351760
vn 0.472679 0.002302 0.881232
vn 0.923710 0.006575 0.383035
vn 0.897073 0.004831 0.441857
vn -0.845506 -0.013264 0.533801
vn 0.970445 0.005482 0.241261
vn -0.547641 0.019016 -0.836497
vn -0.327162 0.014989 -0.944849
vn -0.112618 0.000438 -0.993638
vn -0.845901 -0.013257 0.533176
vn 0.931636 -0.038696 0.361326
vn 0.930152 -0.055026 0.363029
vn 0.946133 -0.047776 0.320235
vn 0.980942 -0.001588 0.194292
vn 0.414702 0.143673 -0.898543
vn 0.477433 0.211774 -0.852766
vn 0.766096 -0.119162 0.631584
vn 0.990502 -0.009849 0.137147
vn 0.992687 -0.005213 0.120605
vn 0.453368 0.213295 -0.865426
vn 0.220326 0.230054 -0.947909
vn 0.250495 0.233297 -0.939588
vn 0.001123 0.234166 -0.972196
vn 0.000807 0.234064 -0.972221
vn -0.489867 0.111452 -0.864644
vn 0.000000 0.233932 -0.972253
vn 0.955713 0.010288 -0.294121
vn -0.327162 0.014989 -0.944849
vn 0.656016 0.009963 -0.754681
vn -0.112618 0.000438 -0.993638
vn 0.552931 0.004788 -0.833214
vn 0.262095 0.002109 -0.965040
vn -0.358597 -0.001621 -0.933491
vn 0.262095 0.002046 -0.965040
vn 0.982543 0.006934 0.185908
vn 0.225619 0.002057 -0.974214
vn 0.369721 -0.093240 -0.924453
vn 0.984366 -0.025899 0.174222
vn 0.125105 0.000885 -0.992143
vn 0.000000 0.000000 -1.000000
vn -0.910089 0.171421 0.377296
vn 0.220074 -0.114396 -0.968752
vn -0.001123 -0.212508 -0.977159
vn 0.216045 -0.228654 -0.949232
vn 0.121816 -0.222499 -0.967293
vn -0.000749 -0.212583 -0.977143
vn -0.910178 0.171391 0.377096
vn 0.287477 -0.230263 -0.929697
vn 0.991889 -0.073617 0.103614
vn 0.115790 -0.221307 -0.968306
vn -0.001300 -0.212539 -0.977152
vn 0.346420 -0.231176 -0.909148
vn 0.981129 -0.056569 0.184895
vn 0.244578 -0.229214 -0.942148
vn 0.988401 -0.065830 0.136854
vn 0.770152 0.060975 0.634939
vn 0.946245 -0.022598 0.322661
vn 0.833978 0.038103 0.550481
vn -0.725191 0.214924 0.654145
vn 0.921705 -0.006006 0.387844
vn 0.806347 0.049643 0.589355
vn -0.791596 0.202668 0.576456
vn 0.881916 0.015839 0.471141
vn 0.771169 0.033159 0.635766
vn 0.990216 -0.029404 0.136406
vn -0.841749 0.193136 0.504140
vn -0.830551 0.195255 0.521594
vn -0.910457 0.171318 0.376455
vn -0.878978 0.181594 0.440932
vn -0.874943 0.183453 0.448129
vn -0.918596 -0.107054 0.380422
vn -0.849834 -0.128736 0.511086
vn -0.882818 -0.122328 0.453506
vn -0.918477 -0.107138 0.380686
vn -0.922056 -0.055293 0.383087
vn 0.000000 0.223602 -0.974681
vn 0.851727 0.004454 -0.523967
vn -0.826193 -0.144072 0.544654
vn 0.731303 -0.148390 0.665715
vn -0.930612 -0.079837 0.357193
vn -0.965845 -0.000418 0.259119
vn 0.818848 0.005571 -0.573983
vn 0.461262 0.000233 -0.887264
vn -0.841882 -0.148185 0.518918
vn 0.640139 -0.066859 0.765344
vn -0.841431 -0.151684 0.518639
vn 0.828992 -0.004789 0.559239
vn -0.999071 -0.000369 0.043095
vn -0.772697 -0.001927 0.634772
vn 0.704391 -0.007048 0.709777
vn -0.835814 -0.003678 0.549000
vn -0.899454 0.001679 0.437012
vn -0.941340 0.002074 0.337454
vn 0.171004 0.000013 -0.985270
vn -0.878182 0.001853 0.478324
vn -0.923732 0.002186 0.383034
vn -0.807537 0.001684 0.589815
vn 0.410263 -0.001816 0.911966
vn 0.849639 -0.001817 0.527362
vn -0.845636 0.002032 0.533756
vn 0.760420 -0.142121 0.633690
vn 0.990619 0.001999 0.136636
vn 0.877664 -0.090253 0.470701
vn 0.974665 -0.031232 0.221480
vn 0.471259 0.194659 -0.860246
vn 0.965647 -0.047619 0.255455
vn 0.586975 -0.047960 0.808183
vn 0.968742 0.034912 -0.245602
vn 0.516499 0.191957 -0.834495
vn 0.983797 -0.024539 0.177601
vn -0.994904 -0.001429 0.100822
vn 0.973973 -0.002671 0.226650
vn 0.036627 0.006963 -0.999305
vn 0.869717 -0.006428 0.493508
vn 0.630513 -0.002403 0.776175
vn 0.939344 -0.002199 0.342970
vn 0.926365 -0.002199 0.376620
vn 0.984262 -0.002410 0.176700
vn 0.327940 -0.000632 -0.944698
vn 0.947298 -0.002240 0.320346
vn 0.217980 0.215277 -0.951914
vn 0.244991 0.220019 -0.944231
vn 0.001007 0.223334 -0.974741
vn 0.000735 0.223478 -0.974709
vn -0.211995 0.082788 -0.973758
vn 0.000000 0.223872 -0.974619
vn 0.881553 0.003320 -0.472073
vn -0.918832 0.006620 -0.394594
vn 0.259339 0.007711 -0.965756
vn 0.032679 0.000757 -0.999466
vn 0.461262 0.000233 -0.887264
vn 0.000000 0.000000 -1.000000
vn 0.051479 -0.000050 -0.998674
vn 0.000000 0.000000 -1.000000
vn 0.256948 -0.000591 -0.966425
vn 0.946521 0.006754 0.322572
vn -0.856840 0.051425 0.513012
vn -0.889776 0.038670 0.454756
vn 0.217219 0.183389 -0.958741
vn 0.122091 0.179524 -0.976148
vn 0.256846 -0.001769 -0.966451
# 3798 normals

usemtl default
s 1
f 1/1/1 2/2/2 3/4/4
f 2/2/2 4/5/5 3/4/4
f 4/6/6 2/3/3 5/7/7
f 2/3/3 6/8/8 5/7/7
f 5/7/7 6/8/8 7/9/9
f 5/7/7 7/9/9 8/10/10
f 7/9/9 9/11/11 8/10/10
f 7/9/9 10/12/12 9/11/11
f 10/12/12 11/13/13 9/11/11
f 10/12/12 12/14/14 11/13/13
f 12/14/14 13/15/15 11/13/13
f 12/14/14 14/16/16 13/15/15
f 14/16/16 15/17/17 13/15/15
f 14/16/16 16/19/18 15/17/17
f 16/20/18 17/21/19 15/18/17
f 16/20/18 18/22/20 17/21/19
f 18/22/20 19/23/21 17/21/19
f 18/22/20 20/24/22 19/23/21
f 20/24/22 21/25/23 19/23/21
f 20/24/22 22/26/24 21/25/23
f 22/26/24 23/27/25 21/25/23
f 22/26/24 24/28/26 23/27/25
f 24/28/26 25/29/27 23/27/25
f 24/28/26 26/30/28 25/29/27
f 26/30/28 27/31/29 25/29/27
f 26/30/28 28/32/30 27/31/29
f 28/32/30 29/33/31 27/31/29
f 28/32/30 30/34/32 29/33/31
f 30/34/32 31/35/33 29/33/31
f 30/34/32 32/36/34 31/35/33
f 32/36/34 33/37/35 31/35/33
f 32/36/34 34/39/36 33/37/35
f 34/40/36 35/41/37 33/38/35
f 34/40/36 36/42/38 35/41/37
f 36/42/38 37/43/39 35/41/37
f 36/42/38 38/44/40 37/43/39
f 38/44/40 39/45/41 37/43/39
f 38/44/40 40/46/42 39/45/41
f 40/46/42 41/47/43 39/45/41
f 40/46/42 42/48/44 41/47/43
f 42/48/44 43/49/45 41/47/43
f 42/48/44 44/50/46 43/49/45
f 44/50/46 45/51/47 43/49/45
f 44/50/46 46/52/48 45/51/47
f 46/52/48 47/53/49 45/51/47
f 46/52/48 48/54/50 47/53/49
f 48/54/50 49/55/51 47/53/49
f 48/54/50 50/56/52 49/55/51
f 50/56/52 51/57/53 49/55/51
f 50/56/52 52/58/54 51/57/53
f 52/58/54 53/59/55 51/57/53
f 52/58/54 54/60/56 53/59/55
f 54/60/56 55/61/57 53/59/55
f 54/60/56 56/62/58 55/61/57
f 56/62/58 57/63/59 55/61/57
f 56/62/58 58/64/60 57/63/59
f 58/64/60 59/65/61 57/63/59
f 58/64/60 60/66/62 59/65/61
f 60/66/62 61/67/63 59/65/61
f 60/66/62 62/68/64 61/67/63
f 62/68/64 63/69/65 61/67/63
f 62/68/64 64/70/66 63/69/65
f 64/70/66 65/71/67 63/69/65
f 64/70/66 66/72/68 65/71/67
f 66/72/68 67/73/69 65/71/67
f 66/72/68 68/74/70 67/73/69
f 68/74/70 69/75/71 67/73/69
f 68/74/70 70/76/72 69/75/71
f 70/76/72 71/77/73 69/75/71
f 70/76/72 72/78/74 71/77/73
f 72/78/74 73/79/75 71/77/73
f 72/78/74 74/80/76 73/79/75
f 74/80/76 75/81/77 73/79/75
f 74/80/76 76/82/78 75/81/77
f 76/82/78 77/83/79 75/81/77
f 76/82/78 78/84/80 77/83/79
f 78/84/80 79/85/81 77/83/79
f 78/84/80 80/86/82 79/85/81
f 80/86/82 81/87/83 79/85/81
f 80/86/82 82/88/84 81/87/83
f 82/88/84 83/89/85 81/87/83
f 82/88/84 84/90/86 83/89/85
f 84/90/86 85/91/87 83/89/85
f 84/90/86 86/93/88 85/91/87
f 86/94/88 87/95/89 85/92/87
f 86/94/88 88/96/90 87/95/89
f 88/96/90 89/97/91 87/95/89
f 88/96/90 90/98/92 89/97/91
f 90/98/92 91/99/93 89/97/91
f 90/98/92 92/100/94 91/99/93
f 92/100/94 93/101/95 91/99/93
f 92/100/94 94/102/96 93/101/95
f 94/102/96 95/103/97 93/101/95
f 94/102/96 96/104/98 95/103/97
f 96/104/98 97/105/99 95/103/97
f 1/1/1 3/4/4 98/106/100
f 3/4/4 99/107/101 98/106/100
f 98/106/100 99/107/101 100/108/102
f 99/107/101 101/109/103 100/108/102
f 100/108/102 101/109/103 102/110/104
f 101/109/103 103/111/105 102/110/104
f 102/110/104 103/111/105 104/112/106
f 103/111/105 105/113/107 104/112/106
f 104/112/106 105/113/107 106/114/108
f 105/113/107 107/115/109 106/114/108
f 106/114/108 107/115/109 108/116/110
f 107/115/109 109/117/111 108/116/110
f 108/116/110 109/117/111 110/118/112
f 109/117/111 111/119/113 110/118/112
f 110/118/112 111/119/113 112/121/114
f 111/120/113 113/123/115 112/122/114
f 112/122/114 113/123/115 114/124/116
f 113/123/115 115/125/117 114/124/116
f 114/124/116 115/125/117 116/126/118
f 115/125/117 117/127/119 116/126/118
f 116/126/118 117/127/119 118/128/120
f 117/127/119 119/129/121 118/128/120
f 118/128/120 119/129/121 120/130/122
f 119/129/121 121/131/123 120/130/122
f 120/130/122 121/131/123 122/132/124
f 121/131/123 123/133/125 122/132/124
f 122/132/124 123/133/125 124/134/126
f 123/133/125 125/135/127 124/134/126
f 124/134/126 125/135/127 126/136/128
f 125/135/127 127/137/129 126/136/128
f 126/136/128 127/137/129 128/138/130
f 127/137/129 129/139/131 128/138/130
f 128/138/130 129/139/131 130/140/132
f 129/139/131 131/141/133 130/140/132
f 130/140/132 131/141/133 132/142/134
f 131/141/133 133/143/135 132/142/134
f 132/142/134 133/143/135 134/144/136
f 133/143/135 135/145/137 134/144/136
f 134/144/136 135/145/137 136/146/138
f 135/145/137 137/147/139 136/146/138
f 136/146/138 137/147/139 138/148/140
f 137/147/139 139/149/141 138/148/140
f 138/148/140 139/149/141 140/150/142
f 139/149/141 141/151/143 140/150/142
f 140/150/142 141/151/143 142/152/144
f 141/151/143 143/153/145 142/152/144
f 142/152/144 143/153/145 144/154/146
f 143/153/145 145/155/147 144/154/146
f 144/154/146 145/155/147 146/156/148
f 145/155/147 147/157/149 146/156/148
f 152/170/162 153/171/163 154/172/164
f 153/171/163 155/173/165 154/172/164
f 154/172/164 155/173/165 156/174/166
f 155/173/165 157/175/167 156/174/166
f 156/174/166 157/175/167 158/176/168
f 157/175/167 159/177/169 158/176/168
f 158/176/168 159/177/169 160/178/170
f 159/177/169 161/179/171 160/178/170
f 160/178/170 161/179/171 162/180/172
f 161/179/171 163/181/173 162/180/172
f 162/180/172 163/181/173 164/182/174
f 163/181/173 165/183/175 164/182/174
f 164/182/174 165/183/175 166/184/176
f 165/183/175 167/185/177 166/184/176
f 166/184/176 167/185/177 168/186/178
f 167/185/177 169/187/179 168/186/178
f 168/186/178 169/187/179 170/188/180
f 169/187/179 171/189/181 170/188/180
f 170/188/180 171/189/181 172/190/182
f 171/189/181 173/191/183 172/190/182
f 172/190/182 173/191/183 174/192/184
f 173/191/183 175/194/185 174/192/184
f 174/193/184 175/195/185 176/196/186
f 175/195/185 177/197/187 176/196/186
f 176/196/186 177/197/187 178/198/188
f 177/197/187 179/199/189 178/198/188
f 178/198/188 179/199/189 180/200/190
f 179/199/189 181/201/191 180/200/190
f 180/200/190 181/201/191 182/202/192
f 181/201/191 183/203/193 182/202/192
f 182/202/192 183/203/193 184/204/194
f 183/203/193 185/205/195 184/204/194
f 184/204/194 185/205/195 186/206/196
f 185/205/195 97/105/99 186/206/196
f 88/96/90 86/94/88 187/207/197
f 86/93/88 84/90/86 187/208/197
f 187/208/197 84/90/86 188/210/199
f 84/90/86 189/212/200 188/210/199
f 188/211/199 189/213/200 190/214/201
f 189/213/200 191/215/203 190/214/201
f 190/214/201 191/215/203 192/217/205
f 191/215/203 193/218/207 192/217/205
f 192/217/206 193/218/208 190/214/202
f 193/218/208 194/219/209 190/214/202
f 190/214/202 194/219/209 195/220/211
f 194/219/209 196/221/213 195/220/211
f 195/220/212 196/221/214 188/211/199
f 196/221/214 187/209/198 188/211/199
f 84/90/86 82/88/84 189/212/200
f 82/88/84 80/86/82 189/212/200
f 189/212/200 80/86/82 191/216/204
f 80/86/82 197/222/215 191/216/204
f 191/215/203 197/223/216 193/218/207
f 197/223/216 198/224/217 193/218/207
f 193/218/207 198/224/217 199/226/219
f 198/224/217 200/227/221 199/226/219
f 199/226/220 200/227/222 194/219/209
f 200/227/222 201/228/223 194/219/209
f 194/219/209 201/228/223 202/229/225
f 201/228/223 203/230/227 202/229/225
f 202/229/226 203/230/228 204/231/229
f 203/230/228 205/233/231 204/231/229
f 204/231/229 205/233/231 206/234/233
f 205/233/231 207/236/235 206/234/233
f 206/235/234 207/237/236 96/104/98
f 207/237/236 208/238/237 96/104/98
f 96/104/98 208/238/237 186/206/196
f 208/238/237 184/204/194 186/206/196
f 80/86/82 78/84/80 197/222/215
f 78/84/80 76/82/78 197/222/215
f 197/222/215 76/82/78 198/225/218
f 76/82/78 209/240/239 198/225/218
f 198/224/217 209/241/240 200/227/221
f 209/241/240 210/242/241 200/227/221
f 200/227/221 210/242/241 201/228/224
f 210/242/241 211/244/243 201/228/224
f 201/228/223 211/244/244 203/230/227
f 211/244/244 205/233/232 203/230/227
f 76/82/78 74/80/76 209/240/239
f 74/80/76 72/78/74 209/240/239
f 209/240/239 72/78/74 210/243/242
f 72/78/74 212/245/245 210/243/242
f 210/242/241 212/246/246 211/244/243
f 212/246/246 213/247/247 211/244/243
f 211/244/243 213/247/247 214/249/249
f 213/247/247 215/250/251 214/249/249
f 214/249/250 215/250/251 216/251/252
f 215/250/251 217/253/254 216/251/252
f 216/251/252 217/253/254 218/254/255
f 217/253/254 219/255/256 218/254/255
f 218/254/255 219/255/256 220/256/257
f 219/255/256 221/258/259 220/256/257
f 220/256/257 221/258/259 222/259/261
f 221/258/259 223/262/263 222/259/261
f 222/259/261 223/262/263 224/263/265
f 223/262/263 225/265/267 224/263/265
f 224/263/265 225/265/267 226/266/269
f 225/265/267 227/268/271 226/266/269
f 226/266/269 227/268/271 228/269/273
f 227/268/271 229/271/275 228/269/273
f 228/269/273 229/271/275 230/272/277
f 229/271/275 231/274/279 230/272/277
f 230/272/277 231/274/279 232/275/281
f 231/274/280 233/276/283 232/275/282
f 232/275/282 233/276/283 234/278/285
f 233/276/283 235/279/287 234/278/285
f 234/278/285 235/279/287 236/281/289
f 235/280/288 44/50/46 236/282/289
f 236/282/289 44/50/46 237/283/290
f 44/50/46 42/48/44 237/283/290
f 237/283/290 42/48/44 40/46/42
f 72/78/74 70/76/72 212/245/245
f 70/76/72 68/74/70 212/245/245
f 212/245/245 68/74/70 213/248/248
f 68/74/70 238/285/291 213/248/248
f 213/247/247 238/286/292 215/250/251
f 238/286/292 239/287/293 215/250/251
f 215/250/251 239/287/293 217/253/254
f 239/287/293 219/255/256 217/253/254
f 68/74/70 66/72/68 238/285/291
f 66/72/68 64/70/66 238/285/291
f 238/285/291 64/70/66 239/288/294
f 64/70/66 240/289/295 239/288/294
f 239/287/293 240/290/296 219/255/256
f 240/290/296 241/291/297 219/255/256
f 219/255/256 241/291/297 221/258/260
f 241/291/297 223/262/264 221/258/260
f 64/70/66 62/68/64 240/289/295
f 62/68/64 60/66/62 240/289/295
f 240/289/295 60/66/62 241/292/298
f 60/66/62 242/293/299 241/292/298
f 241/291/297 242/294/300 223/262/264
f 242/294/300 243/295/301 223/262/264
f 223/262/264 243/295/301 225/265/268
f 243/295/301 227/268/272 225/265/268
f 243/295/301 244/297/303 227/268/272
f 244/297/303 245/299/305 227/268/272
f 227/268/272 245/299/305 229/271/276
f 245/299/305 231/274/280 229/271/276
f 243/296/302 54/60/56 244/298/304
f 54/60/56 52/58/54 244/298/304
f 244/298/304 52/58/54 245/300/306
f 52/58/54 246/301/307 245/300/306
f 245/299/305 246/302/308 231/274/280
f 246/302/308 233/276/283 231/274/280
f 52/58/54 50/56/52 246/301/307
f 50/56/52 48/54/50 246/301/307
f 246/301/307 48/54/50 233/277/284
f 48/54/50 235/280/288 233/277/284
f 48/54/50 46/52/48 235/280/288
f 46/52/48 44/50/46 235/280/288
f 96/104/98 94/102/96 206/235/234
f 94/102/96 204/232/230 206/235/234
f 94/102/96 92/100/94 204/232/230
f 92/100/94 90/98/92 204/232/230
f 204/232/230 90/98/92 247/303/309
f 90/98/92 88/96/90 247/303/309
f 247/303/309 88/96/90 248/305/311
f 88/96/90 187/207/197 248/305/311
f 248/306/312 187/209/198 196/221/214
f 196/221/214 194/219/210 248/306/312
f 194/219/210 202/229/226 248/306/312
f 248/306/312 202/229/226 247/304/310
f 202/229/226 204/231/229 247/304/310
f 230/272/277 232/275/281 249/307/313
f 232/275/281 234/278/286 249/307/313
f 250/309/315 251/310/316 252/311/317
f 234/278/286 253/312/318 254/313/320
f 254/313/320 253/312/318 255/314/322
f 253/312/318 256/315/324 255/314/322
f 255/314/322 256/315/324 257/316/326
f 256/315/324 258/317/328 257/316/326
f 257/316/326 258/317/328 259/318/330
f 258/317/328 260/319/332 259/318/330
f 259/318/330 260/319/332 261/320/334
f 260/319/332 262/321/336 261/320/334
f 261/320/334 262/321/336 263/322/338
f 262/321/336 264/323/340 263/322/338
f 263/322/339 264/323/341 265/324/342
f 264/323/341 266/326/344 265/324/342
f 265/325/343 266/327/345 32/36/34
f 266/327/345 34/39/36 32/36/34
f 34/40/36 266/328/345 36/42/38
f 266/328/345 267/329/346 36/42/38
f 36/42/38 267/329/346 268/331/348
f 267/330/347 260/319/333 268/332/349
f 268/332/349 260/319/333 269/333/350
f 260/319/333 258/317/329 269/333/350
f 269/333/350 258/317/329 256/315/325
f 256/315/325 237/284/290 269/333/350
f 237/283/290 40/46/42 269/334/351
f 269/334/351 40/46/42 268/331/348
f 40/46/42 38/44/40 268/331/348
f 268/331/348 38/44/40 36/42/38
f 237/284/290 256/315/325 236/281/289
f 256/315/325 253/312/319 236/281/289
f 236/281/289 253/312/319 234/278/285
f 249/307/313 254/313/320 270/335/352
f 254/313/320 271/338/354 270/335/352
f 270/335/352 271/338/354 272/339/356
f 271/338/354 273/341/358 272/339/356
f 272/339/356 273/341/358 274/342/360
f 273/341/358 275/344/362 274/342/360
f 274/342/360 275/344/362 276/345/364
f 275/344/362 277/347/366 276/345/364
f 276/345/364 277/347/366 278/348/368
f 277/347/366 279/350/370 278/348/368
f 278/348/368 279/350/370 280/351/372
f 279/350/370 281/353/374 280/351/372
f 280/351/372 281/353/374 282/354/376
f 281/353/375 283/355/378 282/354/377
f 282/354/377 283/355/378 284/357/380
f 283/355/378 285/358/382 284/357/380
f 284/357/380 285/358/382 286/360/384
f 285/359/383 104/112/106 286/361/385
f 286/361/385 104/112/106 287/362/386
f 104/112/106 106/114/108 287/362/386
f 287/362/386 106/114/108 108/116/110
f 280/351/372 282/354/376 288/364/388
f 282/354/376 284/357/381 288/364/388
f 288/364/388 284/357/381 289/366/390
f 284/357/380 286/360/384 289/366/391
f 289/366/391 286/360/384 290/367/392
f 286/360/384 287/363/387 290/367/392
f 290/367/392 287/363/387 291/368/394
f 287/362/386 108/116/110 291/369/395
f 291/369/395 108/116/110 292/370/396
f 108/116/110 110/118/112 292/370/396
f 292/370/396 110/118/112 112/121/114
f 288/364/388 289/366/390 293/373/398
f 289/366/390 290/367/393 293/373/398
f 293/373/398 290/367/393 294/376/400
f 290/367/392 291/368/394 294/376/401
f 294/376/401 291/368/394 295/377/402
f 291/368/394 292/371/397 295/377/402
f 295/377/402 292/371/397 296/378/404
f 292/372/396 112/122/114 296/379/405
f 296/379/405 112/122/114 297/380/406
f 112/122/114 114/124/116 297/380/406
f 297/380/406 114/124/116 116/126/118
f 116/126/118 298/382/408 297/380/406
f 298/383/409 299/384/410 297/381/407
f 297/381/407 299/384/410 296/378/404
f 299/384/410 300/385/412 296/378/404
f 296/378/404 300/385/412 295/377/402
f 300/385/413 293/373/398 295/377/403
f 295/377/403 293/373/398 294/376/400
f 300/385/413 299/384/411 293/373/398
f 299/384/411 301/386/414 293/373/398
f 293/373/398 301/386/414 302/387/416
f 301/386/415 298/383/409 302/387/417
f 302/387/417 298/383/409 303/388/418
f 298/382/408 116/126/118 303/389/418
f 303/389/418 116/126/118 118/128/120
f 118/128/120 120/130/122 303/389/418
f 120/130/122 304/390/419 303/389/418
f 303/388/418 304/391/419 302/387/417
f 304/391/419 305/392/420 302/387/417
f 302/387/416 305/392/421 306/393/422
f 305/392/421 307/395/424 306/393/422
f 306/393/422 307/395/424 308/396/426
f 307/395/425 309/397/428 308/396/427
f 308/396/427 309/397/428 310/399/430
f 309/397/428 311/400/432 310/399/430
f 310/399/430 311/400/432 312/402/434
f 311/401/433 126/136/128 312/403/435
f 312/403/435 126/136/128 128/138/130
f 126/136/128 311/401/433 124/134/126
f 311/401/433 309/398/429 124/134/126
f 124/134/126 309/398/429 313/404/436
f 309/397/428 307/395/425 313/405/436
f 313/405/436 307/395/425 304/391/419
f 307/395/425 305/392/420 304/391/419
f 304/390/419 120/130/122 313/404/436
f 120/130/122 122/132/124 313/404/436
f 313/404/436 122/132/124 124/134/126
f 263/322/339 265/324/342 261/320/335
f 265/324/342 314/406/437 261/320/335
f 261/320/335 314/406/437 315/408/439
f 314/407/438 28/32/30 315/409/440
f 315/409/440 28/32/30 316/410/441
f 28/32/30 26/30/28 316/410/441
f 316/410/441 26/30/28 24/28/26
f 24/28/26 317/412/443 316/410/441
f 317/413/444 257/316/327 316/411/442
f 316/411/442 257/316/327 315/408/439
f 257/316/327 259/318/331 315/408/439
f 315/408/439 259/318/331 261/320/335
f 24/28/26 318/414/445 317/412/443
f 318/415/446 254/313/321 317/413/444
f 317/413/444 254/313/321 255/314/323
f 24/28/26 22/26/24 318/414/445
f 22/26/24 20/24/22 318/414/445
f 318/414/445 20/24/22 319/416/447
f 20/24/22 320/418/449 319/416/447
f 319/417/448 320/419/450 273/341/359
f 320/419/450 321/420/451 273/341/359
f 273/341/359 321/420/451 275/344/363
f 321/420/451 277/347/367 275/344/363
f 20/24/22 18/22/20 320/418/449
f 18/22/20 16/20/18 320/418/449
f 320/418/449 16/20/18 321/421/452
f 16/19/18 322/423/453 321/422/452
f 321/420/451 322/424/454 277/347/367
f 322/424/454 323/425/455 277/347/367
f 277/347/367 323/425/455 279/350/371
f 323/425/455 324/427/457 279/350/371
f 279/350/370 324/427/458 325/428/459
f 324/427/458 326/429/461 325/428/459
f 325/428/459 326/429/461 327/430/463
f 326/429/461 328/431/464 327/430/463
f 327/430/463 328/431/465 329/432/466
f 328/431/465 326/429/462 329/432/466
f 329/432/466 326/429/462 330/434/467
f 326/429/462 331/436/468 330/434/467
f 330/435/467 331/437/469 10/12/12
f 331/437/469 12/14/14 10/12/12
f 326/429/462 324/427/457 331/436/468
f 324/427/457 323/425/455 331/436/468
f 331/437/469 323/426/456 12/14/14
f 323/426/456 322/423/453 12/14/14
f 12/14/14 322/423/453 14/16/16
f 322/423/453 16/19/18 14/16/16
f 306/393/422 308/396/426 332/438/470
f 308/396/426 310/399/431 332/438/470
f 332/438/470 310/399/431 333/440/472
f 310/399/430 312/402/434 333/440/473
f 333/440/473 312/402/434 334/441/474
f 312/402/434 335/442/476 334/441/474
f 334/441/474 335/442/476 336/444/478
f 335/443/477 132/142/134 336/445/479
f 336/445/479 132/142/134 337/446/480
f 132/142/134 134/144/136 337/446/480
f 337/446/480 134/144/136 338/448/481
f 134/144/136 136/146/138 338/448/481
f 338/448/481 136/146/138 138/148/140
f 332/438/470 333/440/472 339/450/482
f 333/440/472 334/441/475 339/450/482
f 339/450/482 334/441/475 340/452/484
f 334/441/474 336/444/478 340/452/485
f 340/452/485 336/444/478 341/453/486
f 336/444/478 337/447/480 341/453/486
f 341/453/486 337/447/480 338/449/481
f 340/452/484 341/453/487 339/450/482
f 341/453/487 342/454/488 339/450/482
f 342/454/488 341/453/487 343/456/490
f 341/453/487 344/458/492 343/456/490
f 343/456/490 344/458/492 345/459/494
f 344/458/492 346/461/496 345/459/494
f 345/459/494 346/461/496 347/462/498
f 346/461/497 348/463/500 347/462/499
f 347/462/499 348/463/500 349/465/502
f 348/463/500 350/466/504 349/465/502
f 349/465/502 350/466/504 351/468/506
f 350/467/505 144/154/146 351/469/507
f 351/469/507 144/154/146 352/470/508
f 144/154/146 146/156/148 352/470/508
f 352/470/508 146/156/148 152/170/162
f 344/458/493 338/449/481 346/461/497
f 338/449/481 353/472/510 346/461/497
f 346/461/497 353/472/510 348/463/500
f 353/473/511 140/150/142 348/464/501
f 348/464/501 140/150/142 350/467/505
f 140/150/142 142/152/144 350/467/505
f 350/467/505 142/152/144 144/154/146
f 140/150/142 353/473/511 138/148/140
f 353/473/511 338/448/481 138/148/140
f 28/32/30 314/407/438 30/34/32
f 314/407/438 32/36/34 30/34/32
f 345/459/494 347/462/498 354/474/512
f 347/462/498 349/465/503 354/474/512
f 354/474/512 349/465/503 355/476/514
f 349/465/503 356/479/516 355/476/514
f 355/476/514 356/479/516 357/480/518
f 356/479/517 351/468/506 357/480/519
f 357/480/519 351/468/506 352/471/509
f 357/480/519 352/471/509 358/481/520
f 352/470/508 152/170/162 358/482/521
f 358/482/521 152/170/162 359/483/522
f 152/170/162 154/172/164 359/483/522
f 359/483/522 154/172/164 156/174/166
f 156/174/166 360/485/524 359/483/522
f 360/486/525 361/487/526 359/484/523
f 359/484/523 361/487/526 358/481/520
f 361/487/526 362/488/528 358/481/520
f 358/481/520 362/488/528 357/480/519
f 362/488/529 363/489/530 357/480/518
f 357/480/518 363/489/530 355/476/514
f 363/489/530 362/488/529 364/491/532
f 362/488/529 361/487/527 364/491/532
f 364/491/532 361/487/527 365/494/534
f 361/487/527 360/486/525 365/494/534
f 365/494/534 360/486/525 366/496/535
f 360/486/525 367/497/536 366/496/535
f 366/496/535 367/497/536 368/499/538
f 367/498/537 160/178/170 368/500/539
f 368/500/539 160/178/170 369/501/540
f 160/178/170 162/180/172 369/501/540
f 369/501/540 162/180/172 164/182/174
f 369/501/540 164/182/174 370/503/542
f 164/182/174 371/505/544 370/503/542
f 370/504/543 371/506/545 372/507/546
f 371/506/545 373/508/548 372/507/546
f 372/507/546 373/508/548 374/510/550
f 373/508/548 375/511/552 374/510/550
f 374/510/551 375/511/553 372/507/547
f 375/511/553 376/512/554 372/507/547
f 372/507/547 376/512/554 377/513/555
f 376/512/554 378/514/557 377/513/555
f 377/513/556 378/514/557 370/504/543
f 378/514/557 369/502/541 370/504/543
f 164/182/174 166/184/176 371/505/544
f 166/184/176 168/186/178 371/505/544
f 371/505/544 168/186/178 373/509/549
f 168/186/178 379/515/558 373/509/549
f 373/508/548 379/516/558 375/511/552
f 379/516/558 380/517/559 375/511/552
f 375/511/552 380/517/559 381/519/560
f 380/517/559 382/520/562 381/519/560
f 381/519/561 382/520/562 376/512/554
f 382/520/562 383/521/563 376/512/554
f 376/512/554 383/521/563 384/523/565
f 383/521/563 385/524/566 384/523/565
f 384/523/565 385/524/566 386/526/568
f 385/525/567 180/200/190 386/527/569
f 386/527/569 180/200/190 387/528/570
f 180/200/190 182/202/192 387/528/570
f 387/528/570 182/202/192 184/204/194
f 387/528/570 184/204/194 388/530/572
f 184/204/194 208/238/237 388/530/572
f 388/531/573 208/239/238 389/532/574
f 208/239/238 207/236/235 389/532/574
f 389/532/574 207/236/235 390/533/575
f 207/236/235 205/233/231 390/533/575
f 390/533/576 205/233/232 216/251/252
f 205/233/232 214/249/250 216/251/252
f 390/533/576 391/534/577 389/532/574
f 391/534/577 392/535/578 389/532/574
f 389/532/574 392/535/579 388/531/573
f 392/535/579 393/536/580 388/531/573
f 388/531/573 393/536/580 387/529/571
f 393/536/580 386/526/568 387/529/571
f 386/526/568 393/536/580 394/539/582
f 393/536/580 366/496/535 394/539/583
f 394/539/583 366/496/535 395/540/584
f 366/496/535 368/499/538 395/540/584
f 395/540/584 368/499/538 378/514/557
f 368/499/538 369/502/541 378/514/557
f 378/514/557 376/512/554 395/540/584
f 376/512/554 384/523/565 395/540/584
f 395/540/584 384/523/565 394/539/583
f 384/523/565 386/526/568 394/539/582
f 128/138/130 130/140/132 312/403/435
f 130/140/132 335/443/477 312/403/435
f 391/534/577 364/491/532 392/535/578
f 364/491/532 393/536/580 392/535/578
f 396/541/585 397/543/586 398/546/587
f 365/494/534 366/496/535 393/536/580
f 260/319/333 267/330/347 262/321/337
f 267/330/347 264/323/341 262/321/337
f 104/112/106 285/359/383 102/110/104
f 285/359/383 100/108/102 102/110/104
f 285/359/383 283/356/379 100/108/102
f 283/356/379 399/548/589 100/108/102
f 100/108/102 399/548/589 98/106/100
f 399/548/589 1/1/1 98/106/100
f 1/1/1 399/548/589 400/550/591
f 399/549/590 281/353/375 400/551/592
f 400/551/592 281/353/375 325/428/460
f 281/353/374 279/350/370 325/428/459
f 325/428/460 327/430/463 400/551/592
f 327/430/463 401/552/593 400/551/592
f 400/550/591 401/553/594 1/1/1
f 401/553/594 2/2/2 1/1/1
f 2/3/3 401/554/595 6/8/8
f 401/554/595 329/433/466 6/8/8
f 6/8/8 329/433/466 7/9/9
f 329/433/466 330/435/467 7/9/9
f 7/9/9 330/435/467 10/12/12
f 318/415/446 319/417/448 254/313/321
f 319/417/448 271/338/355 254/313/321
f 360/485/524 156/174/166 367/498/537
f 156/174/166 158/176/168 367/498/537
f 367/498/537 158/176/168 160/178/170
f 168/186/178 170/188/180 379/515/558
f 170/188/180 172/190/182 379/515/558
f 379/515/558 172/190/182 380/518/559
f 172/190/182 402/555/596 380/518/559
f 380/517/559 402/556/597 382/520/562
f 402/556/597 383/521/563 382/520/562
f 172/190/182 174/192/184 402/555/596
f 174/193/184 176/196/186 402/557/596
f 402/557/596 176/196/186 383/522/564
f 176/196/186 385/525/567 383/522/564
f 176/196/186 178/198/188 385/525/567
f 178/198/188 180/200/190 385/525/567
f 60/66/62 58/64/60 242/293/299
f 58/64/60 243/296/302 242/293/299
f 58/64/60 56/62/58 243/296/302
f 56/62/58 54/60/56 243/296/302
f 173/191/183 171/189/181 403/558/598
f 171/189/181 404/560/599 403/558/598
f 403/559/598 404/561/600 405/562/601
f 404/561/600 406/563/603 405/562/601
f 405/562/601 406/563/603 407/565/605
f 406/563/603 408/566/607 407/565/605
f 410/568/612 411/569/614 403/559/598
f 411/569/614 412/570/615 403/559/598
f 403/558/598 412/571/616 175/194/185
f 412/572/616 413/573/617 175/195/185
f 175/195/185 413/573/617 177/197/187
f 413/573/617 179/199/189 177/197/187
f 412/570/615 411/569/614 413/574/618
f 411/569/614 409/567/610 413/574/618
f 413/574/618 409/567/610 414/575/619
f 419/580/630 421/582/633 420/581/632
f 420/581/632 421/582/633 422/584/635
f 421/583/634 155/173/165 422/585/636
f 422/585/636 155/173/165 423/586/637
f 155/173/165 153/171/163 423/586/637
f 423/586/637 153/171/163 147/157/149
f 424/588/640 425/589/642 426/590/643
f 425/589/642 408/566/607 426/590/643
f 426/590/643 408/566/607 427/592/645
f 408/566/607 406/563/603 427/592/645
f 427/593/646 406/564/604 167/185/177
f 406/564/604 169/187/179 167/185/177
f 415/576/622 424/588/640 428/594/647
f 424/588/640 429/596/649 428/594/647
f 428/595/648 429/597/650 163/181/173
f 429/597/650 426/591/644 163/181/173
f 163/181/173 426/591/644 165/183/175
f 426/591/644 167/185/177 165/183/175
f 163/181/173 161/179/171 428/595/648
f 161/179/171 159/177/169 428/595/648
f 428/595/648 159/177/169 430/598/651
f 159/177/169 421/583/634 430/598/651
f 430/599/652 421/582/633 417/578/626
f 421/582/633 419/580/630 417/578/626
f 430/599/652 417/578/626 428/594/647
f 417/578/626 415/576/622 428/594/647
f 159/177/169 157/175/167 421/583/634
f 157/175/167 155/173/165 421/583/634
f 404/560/599 171/189/181 406/564/604
f 171/189/181 169/187/179 406/564/604
f 422/584/635 423/587/638 420/581/632
f 423/587/638 431/600/653 420/581/632
f 432/601/656 433/602/658 434/603/659
f 433/602/658 435/605/661 434/603/659
f 434/604/660 435/606/662 97/105/99
f 435/606/662 436/607/663 97/105/99
f 97/105/99 436/607/663 95/103/97
f 436/607/663 93/101/95 95/103/97
f 423/587/638 437/609/665 431/600/653
f 433/602/658 439/611/670 436/608/664
f 439/611/670 440/612/671 436/608/664
f 436/608/664 440/612/671 441/613/673
f 440/612/671 442/615/675 441/613/673
f 441/614/674 442/616/676 93/101/95
f 442/616/676 91/99/93 93/101/95
f 443/617/678 438/610/668 444/618/679
f 438/610/668 445/620/681 444/618/679
f 444/618/679 445/620/681 446/621/683
f 445/620/681 447/623/685 446/621/683
f 446/622/684 447/624/686 61/67/63
f 447/624/686 59/65/61 61/67/63
f 444/618/679 448/625/687 443/617/678
f 448/625/687 449/627/689 443/617/678
f 443/617/678 449/627/689 450/629/691
f 449/627/689 451/630/693 450/629/691
f 440/612/671 452/631/696 442/615/675
f 452/631/696 453/632/697 442/615/675
f 442/615/675 453/632/697 454/633/699
f 453/632/697 455/635/701 454/633/699
f 454/634/700 455/636/702 89/97/91
f 455/636/702 87/95/89 89/97/91
f 87/95/89 455/636/702 85/92/87
f 455/636/702 456/637/703 85/92/87
f 85/91/87 456/638/703 457/640/705
f 456/639/704 458/642/706 457/641/705
f 457/641/705 458/642/706 459/643/708
f 462/646/715 464/648/718 463/647/717
f 463/647/717 464/648/718 461/645/713
f 464/648/718 465/650/720 461/645/713
f 461/645/713 465/650/720 457/641/705
f 465/651/720 81/87/83 457/640/705
f 457/640/705 81/87/83 83/89/85
f 458/642/706 455/635/701 460/644/711
f 455/635/701 453/632/697 460/644/711
f 466/652/722 451/630/693 467/653/723
f 451/630/693 468/655/725 467/653/723
f 467/654/724 468/656/726 69/75/71
f 468/656/726 449/628/690 69/75/71
f 69/75/71 449/628/690 67/73/69
f 449/628/690 65/71/67 67/73/69
f 470/658/730 471/659/731 462/646/715
f 462/646/715 471/659/731 472/661/732
f 471/660/731 77/83/79 472/662/732
f 472/662/732 77/83/79 464/649/719
f 77/83/79 79/85/81 464/649/719
f 464/649/719 79/85/81 81/87/83
f 470/658/730 469/657/728 471/659/731
f 469/657/728 473/663/733 471/659/731
f 471/660/731 473/664/734 73/79/75
f 473/664/734 467/654/724 73/79/75
f 73/79/75 467/654/724 71/77/73
f 467/654/724 69/75/71 71/77/73
f 473/663/733 469/657/728 467/653/723
f 469/657/728 466/652/722 467/653/723
f 97/105/99 185/205/195 434/604/660
f 185/205/195 183/203/193 434/604/660
f 434/604/660 183/203/193 474/665/735
f 183/203/193 475/667/737 474/665/735
f 474/666/736 475/668/738 418/579/628
f 475/668/738 416/577/624 418/579/628
f 183/203/193 181/201/191 475/667/737
f 181/201/191 179/199/189 475/667/737
f 475/667/737 179/199/189 476/669/739
f 179/199/189 413/573/617 476/669/739
f 476/670/740 413/574/618 414/575/619
f 476/670/740 414/575/619 475/668/738
f 414/575/619 416/577/624 475/668/738
f 454/634/700 89/97/91 442/616/676
f 89/97/91 91/99/93 442/616/676
f 432/601/656 434/603/659 418/579/628
f 418/579/628 434/603/659 474/666/736
f 59/65/61 447/624/686 57/63/59
f 447/624/686 477/671/741 57/63/59
f 57/63/59 477/671/741 478/673/743
f 477/672/742 479/675/745 478/674/744
f 478/674/744 479/675/745 480/676/747
f 481/677/750 483/679/753 482/678/752
f 482/678/752 483/679/753 484/681/755
f 483/680/754 139/149/141 484/682/756
f 484/682/756 139/149/141 485/683/757
f 139/149/141 137/147/139 485/683/757
f 485/683/757 137/147/139 135/145/137
f 477/672/742 447/623/685 479/675/745
f 447/623/685 486/685/758 479/675/745
f 487/686/761 488/687/763 489/688/764
f 488/687/763 437/609/665 489/688/764
f 489/688/764 437/609/665 490/690/766
f 437/609/665 423/587/638 490/690/766
f 490/691/767 423/586/637 147/157/149
f 445/620/681 486/685/758 447/623/685
f 57/63/59 478/673/743 55/61/57
f 478/673/743 53/59/55 55/61/57
f 53/59/55 478/673/743 491/692/768
f 478/674/744 492/694/770 491/693/769
f 491/693/769 492/694/770 493/695/772
f 492/694/770 494/697/774 493/695/772
f 493/695/772 494/697/774 495/698/776
f 496/699/779 498/701/782 497/700/781
f 497/700/781 498/701/782 499/703/784
f 498/701/782 500/704/786 499/703/784
f 499/703/784 500/704/786 501/706/788
f 500/705/787 21/25/23 501/707/789
f 501/707/789 21/25/23 23/27/25
f 478/674/744 480/676/747 492/694/770
f 502/708/791 485/684/757 503/709/793
f 503/709/793 485/684/757 504/710/794
f 485/683/757 135/145/137 504/711/794
f 504/711/794 135/145/137 505/712/795
f 135/145/137 133/143/135 505/712/795
f 505/712/795 133/143/135 131/141/133
f 131/141/133 506/714/796 505/712/795
f 506/715/797 507/716/798 505/713/795
f 505/713/795 507/716/798 508/717/800
f 508/717/800 503/709/793 505/713/795
f 503/709/793 504/710/794 505/713/795
f 139/149/141 483/680/754 141/151/143
f 483/680/754 143/153/145 141/151/143
f 483/680/754 510/719/804 143/153/145
f 510/719/804 489/689/765 143/153/145
f 143/153/145 489/689/765 145/155/147
f 489/689/765 147/157/149 145/155/147
f 489/688/764 510/720/805 487/686/761
f 510/720/805 483/679/753 487/686/761
f 487/686/761 483/679/753 481/677/750
f 23/27/25 25/29/27 501/707/789
f 25/29/27 511/721/806 501/707/789
f 501/706/788 511/722/807 512/723/808
f 511/722/807 513/724/810 512/723/808
f 512/723/808 513/724/810 514/726/812
f 513/724/810 515/727/814 514/726/812
f 516/728/817 517/729/819 518/730/820
f 517/729/819 519/732/822 518/730/820
f 518/730/820 519/732/822 520/733/824
f 519/732/822 521/736/826 520/733/824
f 520/734/825 521/737/827 33/37/35
f 521/737/827 31/35/33 33/37/35
f 522/738/829 515/727/814 521/736/826
f 515/727/814 523/739/830 521/736/826
f 521/737/827 523/740/831 29/33/31
f 523/740/831 513/725/811 29/33/31
f 29/33/31 513/725/811 27/31/29
f 513/725/811 25/29/27 27/31/29
f 482/678/752 485/684/757 502/708/791
f 491/692/768 493/696/773 53/59/55
f 493/696/773 51/57/53 53/59/55
f 51/57/53 493/696/773 49/55/51
f 493/696/773 524/741/832 49/55/51
f 49/55/51 524/741/832 525/743/834
f 524/742/833 495/698/776 525/744/835
f 525/744/835 495/698/776 526/745/836
f 525/744/835 526/745/836 527/746/838
f 512/723/808 529/748/843 501/706/788
f 529/748/843 499/703/784 501/706/788
f 77/83/79 471/660/731 75/81/77
f 471/660/731 73/79/75 75/81/77
f 49/55/51 525/743/834 47/53/49
f 525/743/834 45/51/47 47/53/49
f 45/51/47 525/743/834 532/751/848
f 525/744/835 527/746/838 532/752/849
f 532/752/849 527/746/838 533/753/850
f 527/746/838 528/747/841 533/753/850
f 533/753/850 528/747/841 530/749/845
f 532/751/848 533/754/850 45/51/47
f 533/754/850 43/49/45 45/51/47
f 43/49/45 533/754/850 41/47/43
f 533/754/850 534/755/851 41/47/43
f 41/47/43 534/755/851 535/757/852
f 534/756/851 530/749/845 535/758/852
f 535/758/852 530/749/845 531/750/847
f 531/750/847 516/728/817 535/758/852
f 516/728/817 536/759/853 535/758/852
f 535/757/852 536/760/854 37/43/39
f 536/760/854 518/731/821 37/43/39
f 37/43/39 518/731/821 35/41/37
f 518/731/821 33/38/35 35/41/37
f 37/43/39 39/45/41 535/757/852
f 39/45/41 41/47/43 535/757/852
f 449/628/690 448/626/688 65/71/67
f 448/626/688 444/619/680 65/71/67
f 65/71/67 444/619/680 63/69/65
f 444/619/680 61/67/63 63/69/65
f 500/705/787 498/702/783 21/25/23
f 498/702/783 19/23/21 21/25/23
f 19/23/21 498/702/783 17/21/19
f 498/702/783 537/761/855 17/21/19
f 17/21/19 537/761/855 538/763/857
f 537/762/856 496/699/779 538/764/858
f 538/764/858 496/699/779 509/718/803
f 538/764/858 509/718/803 539/766/859
f 507/716/798 541/768/863 540/767/862
f 540/767/862 541/768/863 542/770/865
f 541/768/863 543/771/867 542/770/865
f 542/770/865 543/771/867 544/773/869
f 543/772/868 127/137/129 544/774/869
f 544/774/869 127/137/129 125/135/127
f 507/716/798 506/715/797 541/768/863
f 506/714/796 131/141/133 541/769/864
f 541/769/864 131/141/133 129/139/131
f 129/139/131 127/137/129 541/769/864
f 127/137/129 543/772/868 541/769/864
f 17/21/19 538/763/857 15/18/17
f 538/765/857 13/15/15 15/17/17
f 13/15/15 538/765/857 545/775/870
f 538/764/858 539/766/859 545/776/871
f 545/776/871 539/766/859 546/777/872
f 539/766/859 547/779/874 546/777/872
f 546/777/872 547/779/874 548/780/876
f 551/783/883 553/785/887 552/784/886
f 552/784/886 553/785/887 554/787/888
f 553/786/887 8/10/10 554/788/888
f 554/788/888 8/10/10 9/11/11
f 552/784/886 554/787/888 550/782/881
f 554/787/888 555/789/889 550/782/881
f 550/782/881 555/789/889 548/780/876
f 555/789/889 546/777/872 548/780/876
f 554/788/888 9/11/11 555/790/890
f 9/11/11 546/778/873 555/790/890
f 9/11/11 11/13/13 546/778/873
f 11/13/13 13/15/15 546/778/873
f 546/778/873 13/15/15 545/775/870
f 556/791/892 558/793/895 557/792/894
f 557/792/894 558/793/895 559/795/897
f 558/793/895 560/796/899 559/795/897
f 559/795/897 560/796/899 561/798/901
f 560/797/900 99/107/101 561/799/902
f 561/799/902 99/107/101 3/4/4
f 559/795/897 561/798/901 549/781/879
f 561/798/901 562/800/903 549/781/879
f 549/781/879 562/800/903 551/783/884
f 562/800/904 553/785/887 551/783/883
f 560/797/900 558/794/896 99/107/101
f 558/794/896 101/109/103 99/107/101
f 101/109/103 558/794/896 103/111/105
f 558/794/896 563/803/907 103/111/105
f 103/111/105 563/803/907 564/805/909
f 563/804/908 556/791/892 564/806/910
f 564/806/910 556/791/892 565/807/911
f 542/770/865 544/773/869 566/808/914
f 566/808/914 544/773/869 567/809/915
f 544/773/869 568/810/917 567/809/915
f 567/809/915 568/810/917 569/812/918
f 568/811/917 123/133/125 569/813/918
f 569/813/918 123/133/125 121/131/123
f 567/809/915 569/812/918 570/814/919
f 569/812/918 571/815/921 570/814/919
f 572/816/924 574/818/927 573/817/926
f 573/817/926 574/818/927 575/820/929
f 574/819/928 107/115/109 575/821/930
f 575/821/930 107/115/109 564/805/909
f 107/115/109 105/113/107 564/805/909
f 564/805/909 105/113/107 103/111/105
f 575/820/929 564/806/910 573/817/926
f 564/806/910 565/807/911 573/817/926
f 3/4/4 4/5/5 561/799/902
f 4/5/5 562/801/905 561/799/902
f 562/802/906 4/6/6 553/786/887
f 4/6/6 5/7/7 553/786/887
f 553/786/887 5/7/7 8/10/10
f 121/131/123 119/129/121 569/813/918
f 119/129/121 576/822/931 569/813/918
f 569/812/918 576/823/931 571/815/921
f 576/823/931 577/824/932 571/815/921
f 571/815/921 577/824/932 578/826/933
f 577/824/932 579/827/935 578/826/933
f 579/827/935 581/829/939 580/828/938
f 580/828/938 581/829/939 582/832/941
f 581/829/939 583/833/943 582/832/941
f 582/832/941 583/833/943 574/818/927
f 583/834/944 111/119/113 574/819/928
f 574/819/928 111/119/113 109/117/111
f 583/834/944 581/830/940 111/119/113
f 581/831/940 113/123/115 111/120/113
f 113/123/115 581/831/940 115/125/117
f 581/831/940 584/835/945 115/125/117
f 115/125/117 584/835/945 577/825/932
f 584/836/946 579/827/935 577/824/932
f 115/125/117 577/825/932 117/127/119
f 577/825/932 119/129/121 117/127/119
f 125/135/127 123/133/125 544/774/869
f 123/133/125 568/811/917 544/774/869
f 314/407/438 265/325/343 32/36/34
f 335/443/477 130/140/132 132/142/134
f 329/432/466 401/552/593 327/430/463
f 190/214/201 195/220/212 188/211/199
f 372/507/546 377/513/556 370/504/543
f 351/468/506 356/479/517 349/465/502
f 267/330/347 266/326/344 264/323/341
f 298/383/409 301/386/415 299/384/410
f 281/353/375 399/549/590 283/355/378
f 273/341/359 271/338/355 319/417/448
f 317/413/444 255/314/323 257/316/327
f 457/641/705 459/643/708 461/645/713
f 457/640/705 83/89/85 85/91/87
f 405/562/601 410/568/612 403/559/598
f 458/642/706 456/639/704 455/635/701
f 426/591/644 427/593/646 167/185/177
f 462/646/715 472/661/732 464/648/718
f 426/590/643 429/596/649 424/588/640
f 81/87/83 465/651/720 464/649/719
f 449/627/689 468/655/725 451/630/693
f 444/619/680 446/622/684 61/67/63
f 489/689/765 490/691/767 147/157/149
f 530/749/845 534/756/851 533/753/850
f 495/698/776 524/742/833 493/695/772
f 518/731/821 520/735/825 33/38/35
f 518/730/820 536/759/853 516/728/817
f 577/825/932 576/822/931 119/129/121
f 579/827/935 584/836/946 581/829/939
f 574/818/927 572/816/924 582/832/941
f 574/819/928 109/117/111 107/115/109
f 556/791/892 563/804/908 558/793/895
f 436/607/663 441/614/674 93/101/95
f 436/608/664 435/605/661 433/602/658
f 513/725/811 511/721/806 25/29/27
f 496/699/779 537/762/856 498/701/782
f 513/724/810 523/739/830 515/727/814
f 29/33/31 31/35/33 521/737/827
f 519/732/822 522/738/829 521/736/826
f 175/194/185 173/191/183 403/558/598
f 482/678/752 484/681/755 485/684/757
f 338/449/481 344/458/493 341/453/486
f 96/104/98 186/206/196 97/105/99
f 302/387/416 306/393/422 293/373/398
f 390/533/576 216/251/252 391/534/577
f 381/519/561 376/512/554 375/511/553
f 193/218/208 199/226/220 194/219/209
f 214/249/250 205/233/232 211/244/244
f 146/156/148 147/157/149 624/894/1000
f 147/157/149 153/171/163 625/897/1003
f 153/171/163 152/170/162 625/897/1003
f 152/170/162 146/156/148 624/894/1000
f 249/307/313 234/278/286 251/310/316
f 234/278/286 254/313/320 251/310/316
f 254/313/320 249/307/313 252/311/317
f 364/491/532 365/494/534 396/542/585
f 365/495/534 393/537/581 398/547/588
f 393/538/580 364/493/532 398/546/587
f 147/157/149 623/891/997 624/894/1000
f 625/897/1003 623/891/997 147/157/149
f 152/170/162 626/900/1006 625/897/1003
f 624/894/1000 626/900/1006 152/170/162
f 251/310/316 250/309/315 249/307/313
f 254/313/320 252/311/317 251/310/316
f 249/307/313 250/309/315 252/311/317
f 365/494/534 397/544/586 396/542/585
f 398/547/588 397/545/586 365/495/534
f 364/493/532 396/541/585 398/546/587
s 2
f 148/158/150 149/161/153 150/164/156
f 149/161/153 151/167/159 150/164/156
s 3
f 407/565/606 408/566/608 405/562/602
f 408/566/608 409/567/609 405/562/602
f 405/562/602 409/567/609 410/568/611
f 409/567/609 411/569/613 410/568/611
f 409/567/609 415/576/621 414/575/620
f 414/575/620 415/576/621 416/577/623
f 415/576/621 417/578/625 416/577/623
f 416/577/623 417/578/625 418/579/627
f 417/578/625 419/580/629 418/579/627
f 418/579/627 419/580/629 420/581/631
f 415/576/621 409/567/609 424/588/639
f 409/567/609 425/589/641 424/588/639
f 420/581/631 431/600/654 432/601/655
f 431/600/654 433/602/657 432/601/655
f 437/609/666 438/610/667 431/600/654
f 431/600/654 438/610/667 433/602/657
f 438/610/667 439/611/669 433/602/657
f 440/612/672 439/611/669 443/617/677
f 439/611/669 438/610/667 443/617/677
f 450/629/692 451/630/694 440/612/672
f 451/630/694 452/631/695 440/612/672
f 458/642/707 460/644/710 459/643/709
f 459/643/709 460/644/710 461/645/712
f 460/644/710 462/646/714 461/645/712
f 461/645/712 462/646/714 463/647/716
f 460/644/710 453/632/698 466/652/721
f 453/632/698 451/630/694 466/652/721
f 466/652/721 469/657/727 460/644/710
f 469/657/727 470/658/729 460/644/710
f 460/644/710 470/658/729 462/646/714
f 420/581/631 432/601/655 418/579/627
f 479/675/746 481/677/749 480/676/748
f 480/676/748 481/677/749 482/678/751
f 479/675/746 486/685/759 487/686/760
f 486/685/759 488/687/762 487/686/760
f 437/609/666 488/687/762 445/620/682
f 488/687/762 486/685/759 445/620/682
f 494/697/775 496/699/778 495/698/777
f 495/698/777 496/699/778 497/700/780
f 480/676/748 502/708/790 492/694/771
f 492/694/771 502/708/790 503/709/792
f 507/716/799 509/718/802 508/717/801
f 508/717/801 509/718/802 503/709/792
f 509/718/802 496/699/778 503/709/792
f 503/709/792 496/699/778 494/697/775
f 514/726/813 515/727/815 516/728/816
f 515/727/815 517/729/818 516/728/816
f 519/732/823 517/729/818 522/738/828
f 517/729/818 515/727/815 522/738/828
f 480/676/748 482/678/751 502/708/790
f 495/698/777 497/700/780 526/745/837
f 526/745/837 497/700/780 499/703/785
f 526/745/837 499/703/785 527/746/839
f 527/746/839 499/703/785 528/747/840
f 499/703/785 529/748/842 528/747/840
f 528/747/840 529/748/842 530/749/844
f 529/748/842 512/723/809 530/749/844
f 530/749/844 512/723/809 531/750/846
f 512/723/809 514/726/813 531/750/846
f 531/750/846 514/726/813 516/728/816
f 509/718/802 507/716/799 539/766/860
f 539/766/860 507/716/799 540/767/861
f 547/779/875 549/781/878 548/780/877
f 548/780/877 549/781/878 550/782/880
f 549/781/878 551/783/882 550/782/880
f 550/782/880 551/783/882 552/784/885
f 540/767/861 542/770/866 539/766/860
f 542/770/866 556/791/891 539/766/860
f 539/766/860 556/791/891 557/792/893
f 549/781/878 547/779/875 559/795/898
f 547/779/875 539/766/860 559/795/898
f 559/795/898 539/766/860 557/792/893
f 556/791/891 542/770/866 565/807/912
f 565/807/912 542/770/866 566/808/913
f 570/814/920 571/815/922 567/809/916
f 571/815/922 572/816/923 567/809/916
f 567/809/916 572/816/923 573/817/925
f 573/817/925 565/807/912 566/808/913
f 578/826/934 579/827/936 580/828/937
f 582/832/942 572/816/923 580/828/937
f 572/816/923 571/815/922 580/828/937
f 580/828/937 571/815/922 578/826/934
f 566/808/913 567/809/916 573/817/925
f 479/675/746 487/686/760 481/677/749
f 437/609/666 445/620/682 438/610/667
f 409/567/609 408/566/608 425/589/641
f 440/612/672 443/617/677 450/629/692
f 453/632/698 452/631/695 451/630/694
f 494/697/775 492/694/771 503/709/792
s 4
f 585/837/947 586/840/950 587/843/953
f 586/840/950 588/845/955 587/843/953
s 5
f 586/841/951 585/838/948 589/847/957
f 585/838/948 590/850/960 589/847/957
s 6
f 591/853/963 588/846/956 589/848/958
f 588/846/956 586/842/952 589/848/958
s 7
f 587/844/954 592/855/965 585/839/949
f 592/855/965 590/851/961 585/839/949
s 8
f 590/852/962 592/856/966 589/849/959
f 592/856/966 591/854/964 589/849/959
s 9
f 593/857/967 594/858/968 278/349/369
f 594/858/968 276/346/365 278/349/369
f 594/858/968 595/859/969 276/346/365
f 595/859/969 274/343/361 276/346/365
f 595/859/969 596/860/970 274/343/361
f 596/860/970 272/340/357 274/343/361
f 596/860/970 597/861/971 272/340/357
f 597/861/971 270/336/353 272/340/357
f 597/862/971 598/863/972 270/337/353
f 598/863/972 249/308/314 270/337/353
f 598/863/972 599/864/973 249/308/314
f 599/864/973 230/273/278 249/308/314
f 599/864/973 600/865/974 230/273/278
f 600/865/974 228/270/274 230/273/278
f 600/865/974 601/866/975 228/270/274
f 601/866/975 226/267/270 228/270/274
f 601/866/975 602/867/976 226/267/270
f 602/867/976 224/264/266 226/267/270
f 602/867/976 603/868/977 224/264/266
f 603/868/977 222/260/262 224/264/266
f 603/869/977 604/870/978 222/261/262
f 604/870/978 220/257/258 222/261/262
f 604/870/978 605/871/979 220/257/258
f 605/871/979 606/872/980 220/257/258
f 605/871/979 607/873/981 606/872/980
f 607/873/981 216/252/253 606/872/980
f 607/873/981 608/874/982 216/252/253
f 608/874/982 609/875/983 216/252/253
f 608/874/982 610/876/984 609/875/983
f 610/876/984 364/492/533 609/875/983
f 610/876/984 611/877/985 364/492/533
f 611/877/985 363/490/531 364/492/533
f 611/877/985 612/878/986 363/490/531
f 612/878/986 355/477/515 363/490/531
f 612/879/986 613/880/987 355/478/515
f 613/880/987 354/475/513 355/478/515
f 613/880/987 614/881/988 354/475/513
f 614/881/988 345/460/495 354/475/513
f 614/881/988 615/882/989 345/460/495
f 615/882/989 343/457/491 345/460/495
f 615/882/989 616/883/990 343/457/491
f 616/883/990 342/455/489 343/457/491
f 616/883/990 617/884/991 342/455/489
f 617/884/991 339/451/483 342/455/489
f 617/884/991 618/885/992 339/451/483
f 618/885/992 332/439/471 339/451/483
f 618/885/992 619/886/993 332/439/471
f 619/886/993 306/394/423 332/439/471
f 619/886/993 620/887/994 306/394/423
f 620/887/994 293/374/399 306/394/423
f 620/888/994 621/889/995 293/375/399
f 621/889/995 288/365/389 293/375/399
f 621/889/995 622/890/996 288/365/389
f 622/890/996 280/352/373 288/365/389
f 622/890/996 593/857/967 280/352/373
f 593/857/967 278/349/369 280/352/373
s 10
f 624/895/1001 623/892/998 148/159/151
f 623/892/998 149/162/154 148/159/151
s 11
f 623/893/999 625/898/1004 151/168/160
f 151/168/160 149/163/155 623/893/999
s 12
f 625/899/1005 626/901/1007 150/165/157
f 150/165/157 151/169/161 625/899/1005
s 13
f 626/902/1008 624/896/1002 150/166/158
f 624/896/1002 148/160/152 150/166/158
s 14
f 627/903/1009 628/905/1011 629/906/1013
f 628/905/1011 630/908/1015 629/906/1013
f 629/906/1013 630/908/1015 631/910/1017
f 635/917/1026 634/916/1024 636/918/1027
f 634/916/1024 637/919/1028 636/918/1027
f 636/918/1027 637/919/1028 638/921/1029
f 637/919/1028 639/922/1030 638/921/1029
f 638/921/1029 639/922/1030 640/923/1031
f 639/922/1030 641/925/1032 640/923/1031
f 640/924/1031 641/926/1032 642/927/1033
f 641/926/1032 643/928/1034 642/927/1033
f 642/927/1033 643/928/1034 644/929/1035
f 643/928/1034 645/931/1037 644/929/1035
f 641/925/1032 639/922/1030 646/933/1040
f 639/922/1030 637/919/1028 646/933/1040
f 646/934/1040 637/920/1028 647/935/1041
f 637/920/1028 633/914/1022 647/935/1041
f 647/935/1041 633/914/1022 648/936/1042
f 633/914/1022 628/905/1011 648/936/1042
f 648/936/1042 628/905/1011 627/903/1009
f 647/935/1041 648/936/1042 649/937/1043
f 648/936/1042 650/938/1044 649/937/1043
f 649/937/1043 650/938/1044 651/939/1045
f 650/938/1044 652/942/1047 651/939/1045
f 651/940/1046 652/943/1048 643/928/1034
f 652/943/1048 653/944/1049 643/928/1034
f 643/928/1034 653/944/1049 645/931/1038
f 643/928/1034 641/926/1032 651/940/1046
f 641/925/1032 646/933/1040 651/941/1046
f 651/939/1045 646/934/1040 649/937/1043
f 646/934/1040 647/935/1041 649/937/1043
f 629/906/1013 631/910/1017 666/969/1074
f 631/910/1017 667/971/1076 666/969/1074
f 631/910/1017 668/973/1078 667/971/1076
f 668/973/1078 669/975/1080 667/971/1076
f 667/971/1076 669/975/1080 670/977/1083
f 653/946/1051 652/942/1047 673/986/1093
f 652/942/1047 678/995/1103 673/986/1093
f 679/996/1104 654/948/1053 680/998/1106
f 654/948/1053 656/953/1058 680/998/1106
f 680/998/1106 656/953/1058 681/999/1107
f 656/953/1058 658/956/1061 681/999/1107
f 681/999/1107 658/956/1061 660/959/1064
f 660/959/1064 682/1000/1108 681/999/1107
f 682/1000/1108 683/1001/1109 681/999/1107
f 681/999/1107 683/1001/1109 684/1002/1110
f 683/1001/1109 685/1005/1112 684/1002/1110
f 684/1003/1111 685/1006/1112 686/1007/1113
f 685/1006/1112 687/1009/1114 686/1007/1113
f 686/1007/1113 687/1009/1114 640/923/1031
f 687/1009/1114 638/921/1029 640/923/1031
f 638/921/1029 687/1009/1114 688/1010/1115
f 687/1009/1114 685/1006/1112 688/1010/1115
f 688/1011/1115 685/1005/1112 689/1012/1116
f 685/1005/1112 683/1001/1109 689/1012/1116
f 689/1012/1116 683/1001/1109 682/1000/1108
f 688/1011/1115 689/1012/1116 690/1013/1117
f 689/1012/1116 682/1000/1108 690/1013/1117
f 690/1013/1117 682/1000/1108 691/1014/1119
f 682/1000/1108 661/961/1066 691/1014/1119
f 690/1013/1117 692/1015/1121 688/1011/1115
f 692/1016/1121 636/918/1027 688/1010/1115
f 688/1010/1115 636/918/1027 638/921/1029
f 661/961/1066 709/1051/1161 691/1014/1119
f 709/1051/1161 710/1053/1163 691/1014/1119
f 710/1053/1163 709/1051/1161 712/1057/1167
f 709/1051/1161 713/1059/1169 712/1057/1167
f 712/1057/1167 713/1059/1169 714/1061/1171
f 712/1057/1167 714/1061/1171 715/1063/1173
f 714/1061/1171 716/1065/1175 715/1063/1173
f 714/1061/1171 717/1067/1178 716/1065/1175
f 718/1069/1181 719/1071/1183 720/1072/1184
f 719/1071/1183 662/963/1068 720/1072/1184
f 719/1071/1183 650/938/1044 662/963/1068
f 650/938/1044 663/965/1070 662/963/1068
f 663/965/1070 650/938/1044 664/967/1072
f 650/938/1044 648/936/1042 664/967/1072
f 664/967/1072 648/936/1042 627/903/1009
f 705/1042/1151 703/1038/1146 707/1047/1157
f 703/1038/1146 716/1066/1177 707/1047/1157
f 716/1066/1177 703/1038/1146 721/1075/1187
f 703/1038/1146 702/1036/1144 721/1075/1187
f 721/1075/1187 702/1036/1144 700/1032/1140
f 716/1066/1177 721/1075/1187 715/1064/1174
f 721/1075/1187 722/1076/1188 715/1064/1174
f 715/1064/1174 722/1076/1188 712/1058/1168
f 722/1076/1188 723/1077/1189 712/1058/1168
f 712/1058/1168 723/1077/1189 710/1054/1164
f 723/1077/1189 724/1078/1190 710/1054/1164
f 710/1054/1164 724/1078/1190 711/1056/1166
f 724/1078/1190 725/1079/1191 711/1056/1166
f 711/1056/1166 725/1079/1191 692/1016/1121
f 725/1079/1191 635/917/1026 692/1016/1121
f 721/1075/1187 669/976/1082 722/1076/1188
f 669/976/1082 668/974/1079 722/1076/1188
f 722/1076/1188 668/974/1079 723/1077/1189
f 668/974/1079 631/911/1018 723/1077/1189
f 723/1077/1189 631/911/1018 724/1078/1190
f 631/911/1018 630/909/1016 724/1078/1190
f 724/1078/1190 630/909/1016 725/1079/1191
f 630/909/1016 632/913/1020 725/1079/1191
f 725/1079/1191 632/913/1020 635/917/1026
f 632/913/1020 634/916/1025 635/917/1026
f 669/976/1082 721/1075/1187 696/1024/1132
f 721/1075/1187 698/1028/1136 696/1024/1132
f 669/976/1082 696/1024/1132 671/981/1088
f 696/1024/1132 694/1020/1128 671/981/1088
f 640/924/1031 642/927/1033 686/1008/1113
f 642/927/1033 726/1080/1192 686/1008/1113
f 686/1008/1113 726/1080/1192 684/1004/1111
f 726/1080/1192 727/1081/1193 684/1004/1111
f 684/1002/1110 727/1082/1194 681/999/1107
f 727/1082/1194 728/1083/1195 681/999/1107
f 726/1080/1192 676/991/1099 727/1081/1193
f 676/992/1100 677/994/1102 727/1082/1194
f 727/1082/1194 677/994/1102 728/1083/1195
f 676/991/1099 726/1080/1192 675/989/1096
f 726/1080/1192 644/929/1035 675/989/1097
f 637/920/1028 634/915/1024 633/914/1022
f 650/938/1044 678/995/1103 652/942/1047
f 682/1000/1108 660/959/1064 661/961/1066
f 692/1016/1121 635/917/1026 636/918/1027
f 726/1080/1192 642/927/1033 644/929/1035
f 721/1075/1187 700/1032/1140 698/1028/1136
s 15
f 630/908/1015 628/905/1012 632/912/1019
f 628/905/1012 633/914/1021 632/912/1019
f 632/912/1019 633/914/1021 634/915/1023
s 16
f 654/947/1052 655/950/1055 656/952/1057
f 655/950/1055 657/954/1059 656/952/1057
f 656/952/1057 657/954/1059 658/955/1060
f 657/954/1059 659/957/1062 658/955/1060
f 658/955/1060 659/957/1062 660/958/1063
f 659/957/1062 661/960/1065 660/958/1063
f 655/950/1055 662/962/1067 657/954/1059
f 662/962/1067 663/964/1069 657/954/1059
f 657/954/1059 663/964/1069 659/957/1062
f 663/964/1069 664/966/1071 659/957/1062
f 659/957/1062 664/966/1071 665/968/1073
f 664/966/1071 627/904/1010 665/968/1073
f 672/984/1091 693/1018/1125 730/1085/1197
f 693/1018/1125 695/1022/1130 730/1085/1197
f 730/1085/1197 695/1022/1130 697/1026/1134
f 697/1026/1134 699/1030/1138 730/1085/1197
f 699/1030/1138 701/1034/1142 730/1085/1197
f 730/1085/1197 701/1034/1142 704/1040/1148
f 704/1040/1148 706/1044/1154 730/1085/1197
f 706/1044/1154 708/1049/1159 730/1085/1197
f 730/1085/1197 708/1049/1159 717/1068/1180
f 717/1068/1180 714/1062/1172 730/1085/1197
f 714/1062/1172 713/1060/1170 730/1085/1197
f 730/1085/1197 713/1060/1170 709/1052/1162
f 709/1052/1162 661/960/1065 730/1085/1197
f 661/960/1065 665/968/1073 730/1085/1197
f 730/1085/1197 665/968/1073 627/904/1010
f 627/904/1010 629/907/1014 730/1085/1197
f 629/907/1014 666/970/1075 730/1085/1197
f 730/1085/1197 666/970/1075 667/972/1077
f 667/972/1077 670/978/1085 730/1085/1197
f 670/978/1085 672/984/1091 730/1085/1197
f 662/962/1067 655/950/1055 720/1074/1186
f 659/957/1062 665/968/1073 661/960/1065
s 17
f 669/975/1081 671/979/1086 670/977/1084
f 670/977/1084 671/979/1086 672/982/1089
s 18
f 673/985/1092 674/987/1094 653/945/1050
f 674/987/1094 645/932/1039 653/945/1050
f 645/932/1039 674/987/1094 644/930/1036
f 674/987/1094 675/988/1095 644/930/1036
f 675/988/1095 674/987/1094 676/990/1098
f 674/987/1094 677/993/1101 676/990/1098
s 19
f 672/983/1090 671/980/1087 693/1017/1123
f 671/980/1087 694/1019/1126 693/1017/1123
s 20
f 693/1017/1124 694/1019/1127 695/1021/1129
f 694/1019/1127 696/1023/1131 695/1021/1129
f 695/1021/1129 696/1023/1131 697/1025/1133
f 696/1023/1131 698/1027/1135 697/1025/1133
f 697/1025/1133 698/1027/1135 699/1029/1137
f 698/1027/1135 700/1031/1139 699/1029/1137
f 699/1029/1137 700/1031/1139 701/1033/1141
f 700/1031/1139 702/1035/1143 701/1033/1141
f 701/1033/1141 702/1035/1143 703/1037/1145
f 701/1033/1141 703/1037/1145 704/1039/1147
f 703/1037/1145 705/1041/1149 704/1039/1147
f 704/1039/1147 705/1041/1149 706/1043/1152
s 21
f 705/1041/1150 707/1045/1155 706/1043/1153
f 706/1043/1153 707/1045/1155 708/1048/1158
s 22
f 691/1014/1120 710/1053/1163 711/1055/1165
f 691/1014/1120 711/1055/1165 690/1013/1118
f 711/1055/1165 692/1015/1122 690/1013/1118
s 23
f 717/1067/1179 707/1046/1156 716/1065/1176
f 717/1067/1179 708/1050/1160 707/1046/1156
s 24
f 654/949/1054 679/997/1105 655/951/1056
f 679/997/1105 729/1084/1196 655/951/1056
f 655/951/1056 729/1084/1196 718/1070/1182
f 718/1070/1182 720/1073/1185 655/951/1056
s 25
f 731/1086/1198 732/1088/1200 733/1091/1203
f 732/1088/1200 734/1093/1205 733/1091/1203
s 26
f 735/1096/1208 736/1099/1211 737/1101/1213
f 736/1099/1211 738/1104/1216 737/1101/1213
s 27
f 739/1106/1218 740/1108/1221 741/1111/1224
f 740/1108/1221 742/1114/1227 741/1111/1224
f 740/1108/1221 743/1116/1229 742/1114/1227
f 743/1116/1229 744/1119/1232 742/1114/1227
s 28
f 743/1117/1230 745/1122/1235 744/1120/1233
f 745/1122/1235 746/1125/1238 744/1120/1233
s 29
f 731/1087/1199 736/1100/1212 732/1089/1201
f 736/1100/1212 735/1097/1209 732/1089/1201
s 30
f 732/1090/1202 735/1098/1210 734/1094/1206
f 735/1098/1210 737/1102/1214 734/1094/1206
s 31
f 734/1095/1207 737/1103/1215 733/1092/1204
f 737/1103/1215 738/1105/1217 733/1092/1204
s 32
f 747/1128/1241 748/1130/1244 749/1133/1247
f 748/1130/1244 750/1136/1250 749/1133/1247
f 749/1133/1247 750/1136/1250 745/1123/1236
f 750/1136/1250 746/1126/1239 745/1123/1236
s 33
f 745/1124/1237 743/1118/1231 749/1134/1248
f 743/1118/1231 740/1109/1222 749/1134/1248
s 34
f 749/1135/1249 740/1110/1223 747/1129/1242
f 740/1110/1223 739/1107/1219 747/1129/1242
s 35
f 747/1129/1243 739/1107/1220 748/1131/1245
f 739/1107/1220 741/1112/1225 748/1131/1245
s 36
f 748/1132/1246 741/1113/1226 750/1137/1251
f 741/1113/1226 742/1115/1228 750/1137/1251
f 750/1137/1251 742/1115/1228 746/1127/1240
f 742/1115/1228 744/1121/1234 746/1127/1240
s 37
f 751/1138/1252 752/1141/1255 753/1143/1258
f 752/1141/1255 754/1145/1262 753/1143/1258
s 38
f 753/1143/1259 754/1145/1263 755/1146/1266
f 755/1146/1266 769/1176/1314 753/1143/1259
s 39
f 754/1145/1264 756/1147/1270 755/1146/1267
f 754/1145/1264 760/1156/1282 756/1147/1270
s 40
f 755/1146/1268 756/1147/1271 757/1149/1274
f 770/1178/1316 755/1146/1268 757/1149/1274
s 41
f 756/1148/1272 758/1151/1276 757/1150/1275
f 756/1148/1272 761/1158/1286 758/1151/1276
s 42
f 752/1141/1256 759/1153/1278 754/1145/1265
f 759/1153/1278 760/1156/1281 754/1145/1265
s 43
f 760/1157/1283 761/1158/1285 756/1148/1273
f 760/1157/1283 764/1165/1295 761/1158/1285
s 44
f 761/1159/1287 762/1160/1289 758/1152/1277
f 761/1159/1287 765/1167/1299 762/1160/1289
s 45
f 759/1154/1279 763/1162/1291 760/1157/1284
f 763/1162/1291 764/1165/1294 760/1157/1284
s 46
f 764/1166/1296 765/1167/1298 761/1159/1288
f 764/1166/1296 768/1173/1308 765/1167/1298
s 47
f 765/1168/1300 766/1169/1302 762/1161/1290
f 765/1168/1300 769/1175/1312 766/1169/1302
s 48
f 763/1163/1292 767/1170/1304 764/1166/1297
f 767/1170/1304 768/1173/1307 764/1166/1297
s 49
f 768/1174/1309 769/1175/1311 765/1168/1301
f 768/1174/1309 753/1144/1261 769/1175/1311
s 50
f 767/1171/1305 751/1139/1253 768/1174/1310
f 751/1139/1253 753/1144/1260 768/1174/1310
s 51
f 766/1169/1303 769/1175/1313 770/1177/1315
f 769/1176/1313 755/1146/1269 770/1178/1315
s 52
f 771/1179/1317 772/1180/1319 773/1182/1323
f 772/1181/1319 774/1184/1325 773/1183/1323
s 53
f 773/1183/1324 774/1184/1326 775/1185/1329
f 774/1184/1326 776/1187/1331 775/1185/1329
s 54
f 775/1186/1330 776/1188/1332 777/1189/1335
f 776/1188/1332 778/1191/1337 777/1189/1335
s 55
f 777/1190/1336 778/1192/1338 779/1193/1341
f 778/1192/1338 780/1195/1343 779/1193/1341
s 56
f 779/1194/1342 780/1196/1344 771/1179/1318
f 780/1196/1344 772/1180/1320 771/1179/1318
s 57
f 772/1181/1321 781/1197/1347 774/1184/1327
f 781/1197/1347 782/1199/1351 774/1184/1327
s 58
f 774/1184/1328 782/1199/1352 776/1187/1333
f 782/1199/1352 783/1200/1355 776/1187/1333
s 59
f 776/1188/1334 783/1201/1356 778/1191/1339
f 783/1201/1356 784/1202/1359 778/1191/1339
s 60
f 778/1192/1340 784/1203/1360 780/1195/1345
f 784/1203/1360 785/1204/1363 780/1195/1345
s 61
f 780/1196/1346 785/1205/1364 772/1180/1322
f 785/1205/1364 781/1198/1348 772/1180/1322
s 62
f 781/1197/1349 786/1206/1367 782/1199/1353
f 781/1197/1349 790/1219/1381 786/1206/1367
s 63
f 786/1206/1368 787/1208/1370 782/1199/1354
f 782/1199/1354 787/1208/1370 783/1200/1357
s 64
f 787/1209/1371 788/1211/1373 783/1201/1358
f 783/1201/1358 788/1211/1373 784/1202/1361
s 65
f 788/1212/1374 789/1214/1376 784/1203/1362
f 784/1203/1362 789/1214/1376 785/1204/1365
s 66
f 789/1215/1377 790/1217/1379 785/1205/1366
f 785/1205/1366 790/1217/1379 781/1198/1350
s 67
f 791/1220/1382 792/1221/1384 793/1223/1388
f 792/1222/1384 794/1225/1390 793/1224/1388
s 68
f 793/1224/1389 794/1225/1391 795/1226/1394
f 794/1225/1391 796/1228/1396 795/1226/1394
s 69
f 795/1227/1395 796/1229/1397 797/1230/1400
f 796/1229/1397 798/1232/1402 797/1230/1400
s 70
f 797/1231/1401 798/1233/1403 799/1234/1406
f 798/1233/1403 800/1236/1408 799/1234/1406
s 71
f 799/1235/1407 800/1237/1409 791/1220/1383
f 800/1237/1409 792/1221/1385 791/1220/1383
s 72
f 792/1222/1386 801/1238/1412 794/1225/1392
f 801/1238/1412 802/1240/1416 794/1225/1392
s 73
f 794/1225/1393 802/1240/1417 796/1228/1398
f 802/1240/1417 803/1241/1420 796/1228/1398
s 74
f 796/1229/1399 803/1242/1421 798/1232/1404
f 803/1242/1421 804/1243/1424 798/1232/1404
s 75
f 798/1233/1405 804/1244/1425 800/1236/1410
f 804/1244/1425 805/1245/1428 800/1236/1410
s 76
f 800/1237/1411 805/1246/1429 792/1221/1387
f 805/1246/1429 801/1239/1413 792/1221/1387
s 77
f 801/1238/1414 806/1247/1432 802/1240/1418
f 801/1238/1414 810/1260/1446 806/1247/1432
s 78
f 806/1247/1433 807/1249/1435 802/1240/1419
f 802/1240/1419 807/1249/1435 803/1241/1422
s 79
f 807/1250/1436 808/1252/1438 803/1242/1423
f 803/1242/1423 808/1252/1438 804/1243/1426
s 80
f 808/1253/1439 809/1255/1441 804/1244/1427
f 804/1244/1427 809/1255/1441 805/1245/1430
s 81
f 809/1256/1442 810/1258/1444 805/1246/1431
f 805/1246/1431 810/1258/1444 801/1239/1415
s 82
f 811/1261/1447 812/1264/1450 813/1266/1453
f 812/1264/1450 814/1268/1457 813/1266/1453
s 83
f 813/1266/1454 814/1268/1458 815/1269/1461
f 813/1266/1454 815/1269/1461 829/1300/1508
s 84
f 814/1268/1459 816/1270/1465 815/1269/1462
f 814/1268/1459 820/1279/1477 816/1270/1465
s 85
f 815/1269/1463 816/1270/1466 817/1272/1469
f 817/1272/1469 850/1342/1576 815/1269/1463
s 86
f 816/1271/1467 818/1274/1471 817/1273/1470
f 816/1271/1467 821/1281/1481 818/1274/1471
s 87
f 812/1264/1451 819/1276/1473 814/1268/1460
f 819/1276/1473 820/1279/1476 814/1268/1460
s 88
f 820/1280/1478 821/1281/1480 816/1271/1468
f 820/1280/1478 824/1288/1490 821/1281/1480
s 89
f 821/1282/1482 822/1283/1484 818/1275/1472
f 821/1282/1482 825/1290/1494 822/1283/1484
s 90
f 819/1277/1474 823/1285/1486 820/1280/1479
f 823/1285/1486 824/1288/1489 820/1280/1479
s 91
f 824/1289/1491 825/1290/1493 821/1282/1483
f 824/1289/1491 828/1297/1503 825/1290/1493
s 92
f 825/1291/1495 826/1292/1497 822/1284/1485
f 825/1291/1495 829/1299/1507 826/1292/1497
s 93
f 823/1286/1487 827/1294/1499 824/1289/1492
f 827/1294/1499 828/1297/1502 824/1289/1492
s 94
f 828/1298/1504 829/1299/1506 825/1291/1496
f 828/1298/1504 813/1267/1456 829/1299/1506
s 95
f 827/1295/1500 811/1262/1448 828/1298/1505
f 811/1262/1448 813/1267/1455 828/1298/1505
s 96
f 830/1301/1510 831/1302/1512 832/1304/1516
f 831/1303/1512 833/1306/1518 832/1305/1516
s 97
f 832/1305/1517 833/1306/1519 834/1307/1522
f 833/1306/1519 835/1309/1524 834/1307/1522
s 98
f 834/1308/1523 835/1310/1525 836/1311/1528
f 835/1310/1525 837/1313/1530 836/1311/1528
s 99
f 836/1312/1529 837/1314/1531 838/1315/1534
f 837/1314/1531 839/1317/1536 838/1315/1534
s 100
f 838/1316/1535 839/1318/1537 830/1301/1511
f 839/1318/1537 831/1302/1513 830/1301/1511
s 101
f 831/1303/1514 840/1319/1540 833/1306/1520
f 840/1319/1540 841/1321/1544 833/1306/1520
s 102
f 833/1306/1521 841/1321/1545 835/1309/1526
f 841/1321/1545 842/1322/1548 835/1309/1526
s 103
f 835/1310/1527 842/1323/1549 837/1313/1532
f 842/1323/1549 843/1324/1552 837/1313/1532
s 104
f 837/1314/1533 843/1325/1553 839/1317/1538
f 843/1325/1553 844/1326/1556 839/1317/1538
s 105
f 839/1318/1539 844/1327/1557 831/1302/1515
f 844/1327/1557 840/1320/1541 831/1302/1515
s 106
f 840/1319/1542 845/1328/1560 841/1321/1546
f 840/1319/1542 849/1341/1574 845/1328/1560
s 107
f 845/1328/1561 846/1330/1563 841/1321/1547
f 841/1321/1547 846/1330/1563 842/1322/1550
s 108
f 846/1331/1564 847/1333/1566 842/1323/1551
f 842/1323/1551 847/1333/1566 843/1324/1554
s 109
f 847/1334/1567 848/1336/1569 843/1325/1555
f 843/1325/1555 848/1336/1569 844/1326/1558
s 110
f 848/1337/1570 849/1339/1572 844/1327/1559
f 844/1327/1559 849/1339/1572 840/1320/1543
s 111
f 815/1269/1464 850/1342/1575 829/1300/1509
f 829/1300/1509 850/1342/1575 826/1293/1498
s 112
f 851/1343/1577 852/1344/1579 853/1346/1583
f 852/1345/1579 854/1348/1585 853/1347/1583
s 113
f 853/1347/1584 854/1348/1586 855/1349/1589
f 854/1348/1586 856/1351/1591 855/1349/1589
s 114
f 855/1350/1590 856/1352/1592 857/1353/1595
f 856/1352/1592 858/1355/1597 857/1353/1595
s 115
f 857/1354/1596 858/1356/1598 859/1357/1601
f 858/1356/1598 860/1359/1603 859/1357/1601
s 116
f 859/1358/1602 860/1360/1604 851/1343/1578
f 860/1360/1604 852/1344/1580 851/1343/1578
s 117
f 852/1345/1581 861/1361/1607 854/1348/1587
f 861/1361/1607 862/1363/1611 854/1348/1587
s 118
f 854/1348/1588 862/1363/1612 856/1351/1593
f 862/1363/1612 863/1364/1615 856/1351/1593
s 119
f 856/1352/1594 863/1365/1616 858/1355/1599
f 863/1365/1616 864/1366/1619 858/1355/1599
s 120
f 858/1356/1600 864/1367/1620 860/1359/1605
f 864/1367/1620 865/1368/1623 860/1359/1605
s 121
f 860/1360/1606 865/1369/1624 852/1344/1582
f 865/1369/1624 861/1362/1608 852/1344/1582
s 122
f 861/1361/1609 866/1370/1627 862/1363/1613
f 861/1361/1609 870/1383/1641 866/1370/1627
s 123
f 866/1370/1628 867/1372/1630 862/1363/1614
f 862/1363/1614 867/1372/1630 863/1364/1617
s 124
f 867/1373/1631 868/1375/1633 863/1365/1618
f 863/1365/1618 868/1375/1633 864/1366/1621
s 125
f 868/1376/1634 869/1378/1636 864/1367/1622
f 864/1367/1622 869/1378/1636 865/1368/1625
s 126
f 869/1379/1637 870/1381/1639 865/1369/1626
f 865/1369/1626 870/1381/1639 861/1362/1610
s 127
f 869/1380/1638 868/1377/1635 871/1384/1642
f 868/1377/1635 867/1374/1632 871/1384/1642
f 871/1384/1642 867/1374/1632 866/1371/1629
f 866/1371/1629 870/1382/1640 871/1384/1642
f 870/1382/1640 869/1380/1638 871/1384/1642
s 128
f 786/1207/1369 790/1218/1380 872/1385/1643
f 790/1218/1380 789/1216/1378 872/1385/1643
f 872/1385/1643 789/1216/1378 788/1213/1375
f 788/1213/1375 787/1210/1372 872/1385/1643
f 787/1210/1372 786/1207/1369 872/1385/1643
s 129
f 846/1332/1565 845/1329/1562 873/1386/1644
f 845/1329/1562 849/1340/1573 873/1386/1644
f 873/1386/1644 849/1340/1573 848/1338/1571
f 848/1338/1571 847/1335/1568 873/1386/1644
f 847/1335/1568 846/1332/1565 873/1386/1644
s 130
f 819/1278/1475 812/1265/1452 874/1387/1645
f 812/1265/1452 811/1263/1449 874/1387/1645
f 874/1387/1645 811/1263/1449 827/1296/1501
f 827/1296/1501 823/1287/1488 874/1387/1645
f 823/1287/1488 819/1278/1475 874/1387/1645
s 131
f 752/1142/1257 751/1140/1254 875/1388/1646
f 751/1140/1254 767/1172/1306 875/1388/1646
f 875/1388/1646 767/1172/1306 763/1164/1293
f 763/1164/1293 759/1155/1280 875/1388/1646
f 759/1155/1280 752/1142/1257 875/1388/1646
s 132
f 810/1259/1445 809/1257/1443 876/1389/1647
f 809/1257/1443 808/1254/1440 876/1389/1647
f 876/1389/1647 808/1254/1440 807/1251/1437
f 807/1251/1437 806/1248/1434 876/1389/1647
f 806/1248/1434 810/1259/1445 876/1389/1647
s 133
f 877/1390/1648 878/1392/1650 879/1394/1652
f 878/1392/1650 880/1397/1655 879/1394/1652
s 134
f 878/1393/1651 881/1400/1658 880/1398/1656
f 881/1400/1658 882/1401/1659 880/1398/1656
f 881/1400/1658 883/1403/1661 882/1401/1659
f 883/1403/1661 884/1404/1662 882/1401/1659
f 883/1403/1661 885/1406/1664 884/1404/1662
f 885/1406/1664 886/1407/1665 884/1404/1662
f 886/1407/1665 885/1406/1664 887/1409/1667
f 885/1406/1664 888/1411/1669 887/1409/1667
f 887/1409/1667 888/1411/1669 889/1412/1670
f 887/1409/1667 889/1412/1670 890/1413/1671
f 889/1412/1670 891/1415/1673 890/1413/1671
f 889/1412/1670 892/1417/1675 891/1415/1673
f 892/1417/1675 893/1418/1676 891/1415/1673
f 891/1415/1673 893/1418/1676 894/1420/1678
s 135
f 879/1395/1653 880/1399/1657 895/1423/1681
f 880/1399/1657 882/1402/1660 895/1423/1681
f 895/1423/1681 882/1402/1660 896/1425/1683
f 882/1402/1660 884/1405/1663 896/1425/1683
f 896/1425/1683 884/1405/1663 897/1427/1685
f 884/1405/1663 886/1408/1666 897/1427/1685
f 897/1427/1685 886/1408/1666 887/1410/1668
f 897/1427/1685 887/1410/1668 898/1429/1687
f 887/1410/1668 899/1431/1689 898/1429/1687
f 887/1410/1668 890/1414/1672 899/1431/1689
f 890/1414/1672 900/1433/1691 899/1431/1689
f 890/1414/1672 891/1416/1674 900/1433/1691
f 891/1416/1674 901/1435/1693 900/1433/1691
f 891/1416/1674 894/1422/1680 901/1435/1693
s 136
f 877/1391/1649 879/1396/1654 902/1438/1696
f 879/1396/1654 895/1424/1682 902/1438/1696
f 902/1438/1696 895/1424/1682 903/1439/1697
f 895/1424/1682 896/1426/1684 903/1439/1697
f 903/1439/1697 896/1426/1684 904/1440/1698
f 896/1426/1684 897/1428/1686 904/1440/1698
f 904/1440/1698 897/1428/1686 898/1430/1688
f 904/1440/1698 898/1430/1688 905/1441/1699
f 898/1430/1688 906/1442/1700 905/1441/1699
f 898/1430/1688 899/1432/1690 906/1442/1700
f 899/1432/1690 900/1434/1692 906/1442/1700
f 906/1442/1700 900/1434/1692 907/1443/1701
f 900/1434/1692 908/1444/1702 907/1443/1701
f 900/1434/1692 901/1437/1695 908/1444/1702
s 137
f 908/1445/1703 901/1436/1694 893/1419/1677
f 901/1436/1694 894/1421/1679 893/1419/1677
s 138
f 909/1446/1704 910/1448/1706 911/1450/1710
f 910/1448/1706 912/1451/1712 911/1450/1710
s 139
f 911/1450/1711 912/1451/1713 913/1453/1716
f 912/1452/1713 914/1455/1718 913/1454/1716
s 140
f 913/1454/1717 914/1455/1719 915/1456/1722
f 914/1455/1719 916/1458/1724 915/1456/1722
s 141
f 915/1457/1723 916/1459/1725 917/1460/1728
f 916/1459/1725 918/1461/1730 917/1460/1728
s 142
f 917/1460/1729 918/1461/1731 919/1463/1734
f 918/1462/1731 920/1465/1736 919/1464/1734
s 143
f 919/1464/1735 920/1465/1737 909/1447/1705
f 920/1465/1737 910/1449/1707 909/1447/1705
s 144
f 910/1448/1708 921/1466/1740 912/1451/1714
f 921/1466/1740 922/1468/1744 912/1451/1714
s 145
f 912/1452/1715 922/1469/1745 914/1455/1720
f 922/1469/1745 923/1470/1748 914/1455/1720
s 146
f 914/1455/1721 923/1470/1749 916/1458/1726
f 923/1470/1749 924/1471/1752 916/1458/1726
s 147
f 916/1459/1727 924/1472/1753 918/1461/1732
f 924/1472/1753 925/1473/1756 918/1461/1732
s 148
f 918/1462/1733 925/1474/1757 920/1465/1738
f 925/1474/1757 926/1475/1760 920/1465/1738
s 149
f 920/1465/1739 926/1475/1761 910/1449/1709
f 926/1475/1761 921/1467/1741 910/1449/1709
s 150
f 921/1466/1742 927/1476/1764 922/1468/1746
f 927/1476/1764 928/1478/1768 922/1468/1746
s 151
f 922/1469/1747 928/1479/1769 923/1470/1750
f 928/1479/1769 929/1480/1772 923/1470/1750
s 152
f 923/1470/1751 929/1480/1773 924/1471/1754
f 929/1480/1773 930/1481/1776 924/1471/1754
s 153
f 924/1472/1755 930/1482/1777 925/1473/1758
f 930/1482/1777 931/1483/1780 925/1473/1758
s 154
f 925/1474/1759 931/1484/1781 926/1475/1762
f 931/1484/1781 932/1485/1784 926/1475/1762
s 155
f 926/1475/1763 932/1485/1785 921/1467/1743
f 932/1485/1785 927/1477/1765 921/1467/1743
s 156
f 927/1476/1766 933/1486/1788 928/1478/1770
f 933/1486/1788 934/1489/1791 928/1478/1770
s 157
f 928/1479/1771 934/1490/1792 929/1480/1774
f 934/1490/1792 935/1492/1794 929/1480/1774
s 158
f 929/1480/1775 935/1492/1795 930/1481/1778
f 935/1492/1795 936/1494/1797 930/1481/1778
s 159
f 930/1482/1779 936/1495/1798 931/1483/1782
f 936/1495/1798 937/1497/1800 931/1483/1782
s 160
f 931/1484/1783 937/1498/1801 932/1485/1786
f 937/1498/1801 938/1500/1803 932/1485/1786
s 161
f 932/1485/1787 938/1500/1804 927/1477/1767
f 938/1500/1804 933/1487/1789 927/1477/1767
s 162
f 936/1496/1799 935/1493/1796 939/1502/1806
f 935/1493/1796 934/1491/1793 939/1502/1806
f 939/1502/1806 934/1491/1793 933/1488/1790
f 933/1488/1790 938/1501/1805 939/1502/1806
f 938/1501/1805 937/1499/1802 939/1502/1806
f 939/1502/1806 937/1499/1802 936/1496/1799
s 163
f 940/1503/1807 941/1505/1809 942/1507/1812
f 941/1505/1809 943/1510/1815 942/1507/1812
s 164
f 942/1508/1813 943/1511/1816 944/1513/1818
f 943/1511/1816 945/1515/1821 944/1513/1818
s 165
f 946/1517/1824 947/1519/1827 948/1521/1829
f 947/1519/1827 949/1524/1832 948/1521/1829
s 166
f 948/1522/1830 949/1525/1833 945/1515/1822
f 949/1525/1833 944/1513/1819 945/1515/1822
s 167
f 941/1505/1810 940/1503/1807 950/1527/1835
f 940/1503/1807 951/1530/1838 950/1527/1835
f 951/1530/1838 940/1503/1807 1290/2346/2905
f 940/1503/1807 1226/2189/2712 1290/2346/2905
f 940/1503/1807 1022/1727/2054 1226/2189/2712
s 168
f 950/1528/1836 951/1531/1839 952/1533/1841
f 951/1531/1839 953/1535/1844 952/1533/1841
s 169
f 952/1533/1842 953/1535/1845 954/1537/1847
f 953/1535/1845 955/1540/1850 954/1537/1847
s 170
f 954/1538/1848 955/1541/1851 946/1517/1825
f 955/1541/1851 947/1519/1827 946/1517/1825
f 955/1541/1851 956/1543/1853 947/1519/1827
f 956/1543/1853 957/1545/1855 947/1519/1827
f 956/1543/1853 1227/2193/2716 957/1545/1855
s 171
f 958/1548/1858 959/1551/1861 960/1554/1864
f 959/1551/1861 961/1556/1866 960/1554/1864
f 960/1554/1864 961/1556/1866 962/1558/1868
f 961/1556/1866 963/1561/1871 962/1558/1868
s 172
f 964/1564/1874 965/1567/1878 966/1570/1881
f 965/1567/1878 967/1573/1886 966/1570/1881
f 966/1570/1881 967/1573/1886 968/1576/1889
s 173
f 967/1574/1887 965/1568/1879 969/1578/1893
f 965/1568/1879 970/1581/1896 969/1578/1893
s 174
f 971/1584/1899 972/1587/1903 973/1590/1906
f 972/1587/1903 974/1593/1911 973/1590/1906
f 973/1590/1906 974/1593/1911 975/1596/1914
s 175
f 976/1598/1918 977/1601/1921 978/1604/1924
f 977/1601/1921 979/1607/1927 978/1604/1924
s 176
f 980/1610/1930 981/1613/1934 982/1616/1939
f 981/1613/1934 983/1619/1942 982/1616/1939
f 1167/2055/2523 983/1619/1942 981/1613/1934
s 177
f 984/1622/1945 982/1617/1940 985/1625/1948
f 982/1617/1940 983/1620/1943 985/1625/1948
s 178
f 986/1628/1951 987/1631/1953 988/1635/1956
f 987/1631/1953 989/1638/1959 988/1635/1956
f 988/1635/1956 989/1638/1959 990/1640/1962
f 989/1638/1959 991/1644/1965 990/1640/1962
f 990/1640/1962 991/1644/1965 992/1647/1968
s 179
f 993/1650/1970 994/1652/1972 995/1655/1975
f 994/1652/1972 996/1658/1978 995/1655/1975
f 994/1652/1972 997/1660/1981 996/1658/1978
f 997/1660/1981 998/1663/1984 996/1658/1978
f 998/1663/1984 997/1660/1981 1309/2385/2958
s 180
f 986/1629/1952 999/1666/1987 987/1632/1954
f 999/1667/1987 1000/1669/1990 987/1633/1954
s 181
f 987/1634/1955 1000/1670/1991 989/1639/1960
f 1000/1670/1991 1001/1672/1993 989/1639/1960
s 182
f 1002/1674/1996 1003/1676/1998 1004/1678/2001
f 1003/1676/1998 1005/1681/2004 1004/1678/2001
s 183
f 1004/1679/2002 1005/1682/2005 1006/1684/2007
f 1005/1682/2005 1007/1686/2010 1006/1684/2007
s 184
f 1008/1688/2013 1009/1691/2015 1010/1694/2018
f 1009/1691/2015 1011/1696/2021 1010/1694/2018
s 185
f 1009/1692/2016 1012/1699/2024 1011/1697/2022
f 1012/1699/2024 1013/1701/2027 1011/1697/2022
s 186
f 1006/1684/2008 1007/1686/2011 1014/1703/2030
f 1007/1686/2011 1015/1706/2033 1014/1703/2030
s 187
f 1014/1704/2031 1015/1707/2034 1016/1709/2036
f 1015/1707/2034 1017/1711/2038 1016/1709/2036
s 188
f 1018/1713/2041 1019/1715/2044 1020/1719/2047
f 1019/1716/2044 1021/1722/2049 1020/1720/2047
s 189
f 1019/1717/2045 1013/1701/2028 1021/1723/2050
f 1013/1701/2028 1012/1699/2025 1021/1723/2050
s 190
f 940/1504/1808 942/1509/1814 1022/1725/2052
f 942/1509/1814 944/1514/1820 1022/1725/2052
f 1022/1725/2052 944/1514/1820 957/1546/1856
f 944/1514/1820 949/1526/1834 957/1546/1856
f 957/1546/1856 949/1526/1834 947/1520/1828
s 191
f 989/1639/1961 1001/1672/1994 991/1645/1966
f 1001/1672/1994 1023/1728/2055 991/1645/1966
s 192
f 991/1646/1967 1023/1729/2056 992/1648/1969
f 1023/1729/2056 1024/1731/2058 992/1648/1969
s 193
f 1010/1694/2019 1025/1733/2061 1008/1688/2013
f 1025/1733/2061 1026/1736/2064 1008/1688/2013
f 1008/1688/2013 1026/1736/2064 1027/1739/2067
f 1027/1739/2067 1028/1741/2069 1008/1688/2013
f 1028/1742/2069 1029/1745/2072 1008/1689/2013
s 194
f 1030/1748/2075 1031/1751/2078 1032/1753/2081
f 1031/1751/2078 1033/1755/2084 1032/1753/2081
f 1032/1753/2081 1033/1755/2084 1034/1758/2087
f 1034/1758/2087 1035/1760/2090 1032/1753/2081
f 1035/1760/2090 1036/1762/2093 1032/1753/2081
f 1032/1753/2081 1036/1762/2093 1037/1763/2096
s 195
f 1032/1754/2082 1038/1764/2099 1030/1749/2076
f 1038/1764/2099 1039/1765/2103 1030/1749/2076
s 196
f 1030/1750/2077 1039/1766/2104 1031/1752/2079
f 1039/1766/2104 1040/1767/2107 1031/1752/2079
s 197
f 1031/1752/2080 1040/1767/2108 1033/1756/2085
f 1040/1767/2108 1041/1768/2111 1033/1756/2085
s 198
f 1033/1757/2086 1041/1769/2112 1034/1759/2088
f 1041/1769/2112 1042/1770/2115 1034/1759/2088
s 199
f 1034/1759/2089 1042/1770/2116 1035/1761/2091
f 1042/1770/2116 1043/1771/2119 1035/1761/2091
s 200
f 1035/1760/2092 1043/1772/2120 1036/1762/2094
f 1043/1772/2120 1044/1774/2123 1036/1762/2094
s 201
f 1036/1762/2095 1044/1774/2124 1037/1763/2097
f 1044/1774/2124 1045/1776/2127 1037/1763/2097
s 202
f 1037/1763/2098 1045/1776/2128 1032/1753/2083
f 1045/1777/2128 1038/1764/2100 1032/1754/2083
s 203
f 1038/1764/2101 1046/1779/2131 1039/1765/2105
f 1038/1764/2101 1053/1797/2154 1046/1779/2131
s 204
f 1046/1780/2132 1047/1782/2134 1039/1766/2106
f 1039/1766/2106 1047/1782/2134 1040/1767/2109
s 205
f 1047/1782/2135 1048/1784/2137 1040/1767/2110
f 1040/1767/2110 1048/1784/2137 1041/1768/2113
s 206
f 1048/1785/2138 1049/1787/2140 1041/1769/2114
f 1041/1769/2114 1049/1787/2140 1042/1770/2117
s 207
f 1049/1787/2141 1050/1789/2143 1042/1770/2118
f 1042/1770/2118 1050/1789/2143 1043/1771/2121
s 208
f 1050/1790/2144 1051/1792/2146 1043/1773/2122
f 1043/1773/2122 1051/1792/2146 1044/1775/2125
s 209
f 1051/1792/2147 1052/1794/2149 1044/1775/2126
f 1044/1775/2126 1052/1794/2149 1045/1778/2129
s 210
f 1052/1795/2150 1053/1797/2152 1045/1777/2130
f 1045/1777/2130 1053/1797/2152 1038/1764/2102
s 211
f 1025/1734/2062 1054/1799/2155 1026/1737/2065
f 1054/1799/2155 1055/1801/2158 1026/1737/2065
s 212
f 1054/1799/2156 1056/1803/2161 1055/1801/2159
f 1056/1803/2161 1057/1806/2164 1055/1801/2159
s 213
f 1056/1804/2162 1018/1713/2042 1057/1807/2165
f 1018/1713/2042 1020/1719/2047 1057/1807/2165
f 1057/1807/2165 1020/1719/2047 1058/1809/2167
f 1020/1719/2047 1059/1811/2169 1058/1809/2167
f 1058/1809/2167 1059/1811/2169 1060/1814/2172
s 214
f 1061/1817/2175 1062/1819/2179 1063/1822/2184
f 1062/1819/2179 1064/1825/2187 1063/1822/2184
f 1064/1825/2187 1062/1819/2179 1083/1867/2254
s 215
f 1065/1828/2190 1066/1831/2194 1067/1833/2198
f 1066/1831/2194 1068/1835/2202 1067/1833/2198
s 216
f 1067/1833/2199 1068/1835/2203 1069/1836/2206
f 1068/1835/2203 1070/1838/2208 1069/1836/2206
s 217
f 1066/1831/2195 1071/1839/2210 1068/1835/2204
s 218
f 1071/1839/2211 1070/1838/2209 1068/1835/2205
f 1070/1838/2209 1071/1839/2211 1072/1842/2215
s 219
f 1071/1840/2212 1073/1844/2217 1072/1843/2216
f 1072/1843/2216 1073/1844/2217 1074/1846/2221
s 220
f 1073/1845/2218 1075/1848/2223 1074/1847/2222
f 1074/1847/2222 1075/1848/2223 1076/1849/2227
s 221
f 1075/1848/2224 1077/1850/2229 1076/1849/2228
f 1076/1849/2228 1077/1850/2229 1078/1853/2234
s 222
f 1077/1851/2230 1067/1834/2200 1078/1854/2235
f 1078/1854/2235 1067/1834/2200 1069/1837/2207
s 223
f 1077/1850/2231 1075/1848/2225 1079/1855/2236
s 224
f 1075/1848/2226 1073/1845/2219 1079/1855/2237
f 1079/1855/2237 1073/1845/2219 1080/1857/2240
s 225
f 1073/1844/2220 1071/1840/2213 1080/1858/2241
s 226
f 1081/1860/2244 958/1549/1859 1082/1863/2247
f 958/1549/1859 960/1555/1865 1082/1863/2247
f 1082/1863/2247 960/1555/1865 1083/1865/2251
f 960/1555/1865 962/1559/1869 1083/1865/2251
f 1083/1865/2251 962/1559/1869 1064/1826/2188
s 227
f 1084/1868/2255 1085/1871/2258 1086/1873/2260
f 1085/1871/2258 1087/1876/2263 1086/1873/2260
f 1085/1871/2258 1088/1878/2265 1087/1876/2263
f 1088/1878/2265 1089/1881/2268 1087/1876/2263
s 228
f 1090/1884/2271 1091/1887/2274 1092/1889/2277
f 1091/1887/2274 1093/1891/2280 1092/1889/2277
f 1093/1891/2280 1091/1887/2274 1094/1892/2283
f 1091/1887/2274 1095/1893/2286 1094/1892/2283
f 1095/1893/2286 1091/1887/2274 1096/1894/2289
f 1091/1887/2274 1097/1895/2292 1096/1894/2289
s 229
f 1066/1832/2196 1098/1898/2295 1071/1841/2214
f 1098/1898/2295 1099/1901/2298 1071/1841/2214
f 1071/1841/2214 1099/1901/2298 1080/1859/2242
s 230
f 1100/1904/2301 1079/1855/2238 1084/1869/2256
f 1079/1855/2238 1085/1872/2259 1084/1869/2256
f 1079/1855/2238 1080/1857/2243 1085/1872/2259
f 1080/1857/2243 1088/1879/2266 1085/1872/2259
f 1080/1857/2243 1099/1903/2300 1088/1879/2266
s 231
f 1055/1802/2160 1057/1808/2166 1026/1738/2066
f 1057/1808/2166 1027/1740/2068 1026/1738/2066
f 1057/1808/2166 1058/1810/2168 1027/1740/2068
f 1058/1810/2168 1028/1743/2070 1027/1740/2068
f 1058/1810/2168 1060/1816/2174 1028/1743/2070
s 232
f 1028/1744/2071 1060/1815/2173 1029/1746/2073
f 1060/1815/2173 1059/1812/2170 1029/1746/2073
s 233
f 1079/1856/2239 1100/1905/2302 1077/1852/2232
f 1100/1905/2302 1101/1907/2304 1077/1852/2232
f 1077/1852/2232 1101/1907/2304 1065/1829/2191
s 234
f 1102/1910/2307 1103/1913/2310 1104/1915/2312
f 1103/1913/2310 1105/1917/2315 1104/1915/2312
f 1105/1917/2315 1103/1913/2310 1106/1920/2318
f 1103/1913/2310 1107/1922/2320 1106/1920/2318
f 1106/1920/2318 1107/1922/2320 1108/1925/2323
s 235
f 1109/1928/2326 1110/1931/2329 1111/1933/2332
f 1110/1931/2329 1112/1935/2335 1111/1933/2332
f 1112/1935/2335 1110/1931/2329 1113/1936/2338
f 1110/1931/2329 1114/1937/2341 1113/1936/2338
f 1114/1937/2341 1110/1931/2329 1115/1938/2344
f 1110/1931/2329 1116/1940/2347 1115/1938/2344
s 236
f 1117/1943/2350 1118/1946/2353 959/1552/1862
f 1118/1946/2353 961/1557/1867 959/1552/1862
f 1118/1946/2353 1061/1818/2176 961/1557/1867
f 1061/1818/2176 963/1562/1872 961/1557/1867
f 1061/1818/2176 1063/1824/2186 963/1562/1872
s 237
f 1119/1949/2357 1120/1951/2360 1121/1953/2364
f 1120/1951/2360 1122/1956/2367 1121/1953/2364
s 238
f 1121/1954/2365 1122/1957/2368 1123/1958/2371
f 1122/1957/2368 1124/1960/2374 1123/1958/2371
s 239
f 1123/1958/2372 1124/1960/2375 1125/1961/2378
f 1124/1960/2375 1126/1964/2381 1125/1961/2378
s 240
f 1125/1962/2379 1126/1965/2382 1127/1966/2385
f 1126/1965/2382 1128/1968/2388 1127/1966/2385
s 241
f 1127/1966/2386 1128/1968/2389 1129/1970/2392
f 1128/1968/2389 1130/1973/2395 1129/1970/2392
s 242
f 1129/1971/2393 1130/1974/2396 1131/1976/2399
f 1130/1974/2396 1132/1978/2402 1131/1976/2399
s 243
f 1131/1976/2400 1132/1978/2403 1133/1980/2406
f 1132/1978/2403 1134/1983/2409 1133/1980/2406
s 244
f 1133/1981/2407 1134/1984/2410 1119/1949/2358
f 1134/1984/2410 1120/1951/2361 1119/1949/2358
s 245
f 1120/1951/2362 1097/1896/2293 1122/1956/2369
f 1120/1952/2362 1096/1894/2291 1097/1895/2293
s 246
f 1097/1897/2294 1091/1888/2275 1122/1957/2370
f 1122/1957/2370 1091/1888/2275 1124/1960/2376
s 247
f 1091/1888/2276 1090/1885/2272 1124/1960/2377
f 1124/1960/2377 1090/1885/2272 1126/1964/2383
s 248
f 1090/1886/2273 1092/1890/2278 1126/1965/2384
f 1126/1965/2384 1092/1890/2278 1128/1968/2390
s 249
f 1092/1889/2279 1093/1891/2281 1128/1969/2391
f 1128/1969/2391 1093/1891/2281 1130/1975/2397
s 250
f 1093/1891/2282 1094/1892/2284 1130/1975/2398
f 1130/1975/2398 1094/1892/2284 1132/1979/2404
s 251
f 1094/1892/2285 1095/1893/2287 1132/1979/2405
f 1132/1979/2405 1095/1893/2287 1134/1985/2411
s 252
f 1095/1893/2288 1096/1894/2290 1134/1985/2412
f 1134/1985/2412 1096/1894/2290 1120/1952/2363
s 253
f 1098/1899/2296 1066/1831/2197 1089/1882/2269
f 1066/1831/2197 1087/1877/2264 1089/1882/2269
f 1066/1831/2197 1065/1828/2192 1087/1877/2264
f 1065/1828/2192 1086/1874/2261 1087/1877/2264
f 1065/1828/2192 1101/1909/2306 1086/1874/2261
s 254
f 1135/1986/2413 1136/1989/2417 1137/1991/2421
f 1136/1989/2417 1138/1993/2425 1137/1991/2421
s 255
f 1137/1991/2422 1138/1993/2426 1139/1994/2429
s 256
f 1138/1993/2427 1140/1997/2434 1139/1994/2430
f 1139/1994/2430 1140/1997/2434 1141/1998/2436
s 257
f 1140/1997/2435 1138/1993/2428 1142/2000/2438
f 1138/1993/2428 1136/1989/2418 1142/2000/2438
s 258
f 1115/1939/2345 1116/1941/2348 1143/2002/2440
f 1116/1941/2348 1144/2003/2444 1143/2002/2440
s 259
f 1143/2002/2441 1144/2003/2445 1145/2005/2448
f 1145/2005/2448 1158/2036/2495 1143/2002/2441
s 260
f 1144/2004/2446 1146/2008/2451 1145/2006/2449
f 1144/2004/2446 1147/2010/2455 1146/2008/2451
s 261
f 1116/1942/2349 1110/1932/2330 1144/2004/2447
f 1110/1932/2330 1147/2010/2454 1144/2004/2447
s 262
f 1147/2010/2456 1148/2011/2458 1146/2008/2452
f 1147/2010/2456 1149/2014/2462 1148/2011/2458
s 263
f 1110/1932/2331 1109/1929/2327 1147/2010/2457
f 1109/1929/2327 1149/2014/2461 1147/2010/2457
s 264
f 1149/2015/2463 1150/2016/2465 1148/2012/2459
f 1149/2015/2463 1151/2018/2469 1150/2016/2465
s 265
f 1109/1930/2328 1111/1934/2333 1149/2015/2464
f 1111/1934/2333 1151/2018/2468 1149/2015/2464
s 266
f 1151/2018/2470 1152/2020/2472 1150/2016/2466
f 1151/2018/2470 1153/2024/2476 1152/2020/2472
s 267
f 1111/1933/2334 1112/1935/2336 1151/2019/2471
f 1112/1935/2336 1153/2023/2475 1151/2019/2471
s 268
f 1153/2025/2477 1154/2026/2479 1152/2021/2473
f 1153/2025/2477 1155/2029/2483 1154/2026/2479
s 269
f 1112/1935/2337 1113/1936/2339 1153/2023/2478
f 1113/1936/2339 1155/2028/2482 1153/2023/2478
s 270
f 1155/2029/2484 1156/2030/2486 1154/2026/2480
f 1155/2029/2484 1157/2034/2490 1156/2030/2486
s 271
f 1113/1936/2340 1114/1937/2342 1155/2028/2485
f 1114/1937/2342 1157/2033/2489 1155/2028/2485
s 272
f 1157/2035/2491 1158/2036/2493 1156/2031/2487
f 1157/2035/2491 1143/2002/2443 1158/2036/2493
s 273
f 1114/1937/2343 1115/1938/2346 1157/2033/2492
f 1115/1939/2346 1143/2002/2442 1157/2035/2492
s 274
f 1084/1870/2257 1086/1875/2262 1100/1906/2303
f 1086/1875/2262 1101/1908/2305 1100/1906/2303
s 275
f 1098/1900/2297 1089/1883/2270 1099/1902/2299
f 1089/1883/2270 1088/1880/2267 1099/1902/2299
s 276
f 1159/2038/2496 1160/2041/2499 1161/2043/2502
f 1160/2041/2499 1162/2045/2505 1161/2043/2502
f 1161/2043/2502 1162/2045/2505 1163/2046/2508
f 1163/2046/2508 1164/2047/2511 1161/2043/2502
f 1164/2047/2511 1165/2049/2514 1161/2043/2502
f 1161/2043/2502 1165/2049/2514 1166/2051/2517
s 277
f 1020/1721/2048 1021/1724/2051 1059/1813/2171
f 1021/1724/2051 1012/1700/2026 1059/1813/2171
f 1059/1813/2171 1012/1700/2026 1029/1747/2074
f 1012/1700/2026 1009/1693/2017 1029/1747/2074
f 1029/1747/2074 1009/1693/2017 1008/1690/2014
s 278
f 983/1621/1944 1167/2054/2520 985/1626/1949
f 1167/2054/2520 1168/2056/2524 985/1626/1949
f 1167/2054/2520 1169/2058/2526 1168/2056/2524
f 1169/2058/2526 977/1602/1922 1168/2056/2524
f 1169/2058/2526 979/1609/1929 977/1602/1922
s 279
f 1170/2061/2530 1171/2063/2533 1172/2066/2536
f 1171/2063/2533 1173/2068/2539 1172/2066/2536
s 280
f 1171/2064/2534 1174/2071/2542 1173/2069/2540
f 1174/2071/2542 1175/2073/2545 1173/2069/2540
s 281
f 1172/2066/2537 1176/2075/2547 1170/2061/2531
f 1176/2075/2547 1177/2078/2550 1170/2061/2531
s 282
f 1176/2076/2548 1178/2081/2553 1177/2079/2551
f 1178/2081/2553 1179/2083/2555 1177/2079/2551
s 283
f 1137/1992/2423 1139/1995/2431 1180/2085/2558
f 1139/1995/2431 1181/2088/2561 1180/2085/2558
f 1181/2088/2561 1139/1995/2431 1279/2319/2877
s 284
f 1182/2091/2564 1135/1986/2414 1183/2094/2567
f 1135/1986/2414 1184/2097/2570 1183/2094/2567
f 1135/1986/2414 1137/1991/2424 1184/2097/2570
f 1137/1991/2424 1185/2099/2572 1184/2097/2570
f 1137/1991/2424 1180/2087/2560 1185/2099/2572
s 285
f 1186/2102/2575 1187/2104/2578 1188/2107/2581
f 1187/2104/2578 1189/2109/2585 1188/2107/2581
s 286
f 1188/2107/2582 1189/2109/2586 1190/2111/2589
f 1190/2113/2589 1209/2152/2654 1188/2108/2582
s 287
f 1189/2110/2587 1191/2114/2592 1190/2112/2590
f 1189/2110/2587 1193/2118/2599 1191/2114/2592
s 288
f 1187/2105/2579 1192/2116/2595 1189/2110/2588
f 1192/2116/2595 1193/2118/2598 1189/2110/2588
s 289
f 1193/2118/2600 1194/2119/2602 1191/2114/2593
f 1193/2118/2600 1196/2125/2609 1194/2119/2602
s 290
f 1192/2116/2596 1195/2122/2605 1193/2118/2601
f 1195/2122/2605 1196/2125/2608 1193/2118/2601
s 291
f 1196/2126/2610 1197/2127/2612 1194/2120/2603
f 1196/2126/2610 1199/2131/2619 1197/2127/2612
s 292
f 1195/2123/2606 1198/2129/2615 1196/2126/2611
f 1198/2129/2615 1199/2131/2618 1196/2126/2611
s 293
f 1199/2132/2620 1200/2133/2622 1197/2128/2613
f 1199/2132/2620 1202/2138/2629 1200/2133/2622
s 294
f 1198/2129/2616 1201/2134/2625 1199/2131/2621
f 1201/2134/2625 1202/2137/2628 1199/2131/2621
s 295
f 1202/2138/2630 1203/2140/2632 1200/2133/2623
f 1202/2138/2630 1205/2144/2639 1203/2140/2632
s 296
f 1201/2135/2626 1204/2141/2635 1202/2139/2631
f 1204/2141/2635 1205/2143/2638 1202/2139/2631
s 297
f 1205/2144/2640 1206/2145/2642 1203/2140/2633
f 1205/2144/2640 1208/2150/2649 1206/2145/2642
s 298
f 1204/2141/2636 1207/2146/2645 1205/2143/2641
f 1207/2146/2645 1208/2149/2648 1205/2143/2641
s 299
f 1208/2150/2650 1209/2152/2652 1206/2145/2643
f 1208/2150/2650 1188/2108/2584 1209/2152/2652
s 300
f 1207/2147/2646 1186/2102/2576 1208/2151/2651
f 1186/2102/2576 1188/2107/2583 1208/2151/2651
s 301
f 1160/2042/2500 1159/2039/2497 1210/2153/2655
f 1159/2039/2497 1211/2154/2659 1210/2153/2655
s 302
f 1210/2153/2656 1211/2154/2660 1212/2156/2663
f 1212/2156/2663 1225/2186/2710 1210/2153/2656
s 303
f 1211/2155/2661 1213/2159/2666 1212/2157/2664
f 1211/2155/2661 1214/2161/2670 1213/2159/2666
s 304
f 1159/2040/2498 1161/2044/2503 1211/2155/2662
f 1161/2044/2503 1214/2161/2669 1211/2155/2662
s 305
f 1214/2161/2671 1215/2162/2673 1213/2159/2667
f 1214/2161/2671 1216/2165/2677 1215/2162/2673
s 306
f 1161/2044/2504 1166/2052/2518 1214/2161/2672
f 1166/2052/2518 1216/2165/2676 1214/2161/2672
s 307
f 1216/2166/2678 1217/2167/2680 1215/2163/2674
f 1216/2166/2678 1218/2169/2684 1217/2167/2680
s 308
f 1166/2053/2519 1165/2050/2515 1216/2166/2679
f 1165/2050/2515 1218/2169/2683 1216/2166/2679
s 309
f 1218/2169/2685 1219/2170/2687 1217/2167/2681
f 1218/2169/2685 1220/2173/2691 1219/2170/2687
s 310
f 1165/2050/2516 1164/2048/2512 1218/2169/2686
f 1164/2048/2512 1220/2173/2690 1218/2169/2686
s 311
f 1220/2174/2692 1221/2176/2694 1219/2171/2688
f 1220/2174/2692 1222/2179/2698 1221/2176/2694
s 312
f 1164/2047/2513 1163/2046/2509 1220/2175/2693
f 1163/2046/2509 1222/2178/2697 1220/2175/2693
s 313
f 1222/2179/2699 1223/2180/2701 1221/2176/2695
f 1222/2179/2699 1224/2184/2705 1223/2180/2701
s 314
f 1163/2046/2510 1162/2045/2506 1222/2178/2700
f 1162/2045/2506 1224/2183/2704 1222/2178/2700
s 315
f 1224/2185/2706 1225/2186/2708 1223/2181/2702
f 1224/2185/2706 1210/2153/2658 1225/2186/2708
s 316
f 1162/2045/2507 1160/2041/2501 1224/2183/2707
f 1160/2042/2501 1210/2153/2657 1224/2185/2707
s 317
f 1206/2145/2644 1209/2152/2653 1203/2140/2634
f 1209/2152/2653 1200/2133/2624 1203/2140/2634
f 1200/2133/2624 1209/2152/2653 1197/2128/2614
f 1209/2152/2653 1194/2121/2604 1197/2128/2614
f 1194/2121/2604 1209/2152/2653 1191/2115/2594
f 1209/2152/2653 1190/2113/2591 1191/2115/2594
s 318
f 1226/2188/2711 1022/1726/2053 1227/2191/2714
f 1022/1726/2053 957/1547/1857 1227/2191/2714
s 319
f 1107/1923/2321 1228/2194/2717 1108/1926/2324
f 1228/2194/2717 1229/2197/2720 1108/1926/2324
s 320
f 1230/2200/2723 1231/2202/2726 1232/2205/2729
f 1231/2202/2726 1233/2208/2732 1232/2205/2729
f 1231/2202/2726 1234/2210/2734 1233/2208/2732
f 1234/2210/2734 1235/2212/2736 1233/2208/2732
f 1234/2210/2734 1258/2267/2813 1235/2212/2736
s 321
f 1236/2215/2739 1237/2218/2743 1238/2220/2747
f 1237/2218/2743 1239/2222/2751 1238/2220/2747
s 322
f 1238/2220/2748 1239/2222/2752 1240/2223/2755
f 1239/2222/2752 1241/2225/2757 1240/2223/2755
s 323
f 1237/2218/2744 1242/2226/2759 1239/2222/2753
s 324
f 1242/2226/2760 1241/2225/2758 1239/2222/2754
f 1241/2225/2758 1242/2226/2760 1243/2229/2764
s 325
f 1242/2227/2761 1244/2231/2766 1243/2230/2765
f 1243/2230/2765 1244/2231/2766 1245/2233/2770
s 326
f 1244/2232/2767 1246/2235/2772 1245/2234/2771
f 1245/2234/2771 1246/2235/2772 1247/2236/2776
s 327
f 1246/2235/2773 1248/2237/2778 1247/2236/2777
f 1247/2236/2777 1248/2237/2778 1249/2240/2783
s 328
f 1248/2238/2779 1238/2221/2749 1249/2241/2784
f 1249/2241/2784 1238/2221/2749 1240/2224/2756
s 329
f 1248/2237/2780 1246/2235/2774 1250/2242/2785
s 330
f 1246/2235/2775 1244/2232/2768 1250/2242/2786
f 1250/2242/2786 1244/2232/2768 1251/2244/2789
s 331
f 1244/2231/2769 1242/2227/2762 1251/2245/2790
s 332
f 1175/2074/2546 1252/2247/2793 1173/2070/2541
f 1252/2247/2793 1172/2067/2538 1173/2070/2541
f 1252/2247/2793 1253/2250/2796 1172/2067/2538
f 1253/2250/2796 1176/2077/2549 1172/2067/2538
f 1176/2077/2549 1253/2250/2796 1178/2082/2554
s 333
f 1254/2253/2799 1255/2256/2802 1256/2259/2805
f 1255/2256/2802 1257/2262/2808 1256/2259/2805
s 334
f 1258/2265/2811 1234/2211/2735 1253/2251/2797
f 1234/2211/2735 1178/2081/2553 1253/2251/2797
f 1234/2211/2735 1231/2203/2727 1178/2081/2553
f 1231/2203/2727 1179/2083/2556 1178/2081/2553
f 1179/2083/2556 1231/2203/2727 1259/2268/2814
s 335
f 1231/2204/2728 1230/2201/2724 1259/2269/2815
f 1259/2269/2815 1230/2201/2724 1260/2271/2817
s 336
f 1230/2201/2725 1232/2206/2730 1260/2271/2818
f 1260/2271/2818 1232/2206/2730 1261/2273/2820
s 337
f 1232/2207/2731 1175/2073/2545 1261/2274/2821
f 1261/2274/2821 1175/2073/2545 1174/2071/2543
f 1232/2207/2731 1233/2209/2733 1175/2073/2545
f 1233/2209/2733 1235/2213/2737 1175/2073/2545
f 1175/2073/2545 1235/2213/2737 1252/2248/2794
s 338
f 1135/1987/2415 1182/2092/2565 1262/2276/2823
f 1182/2092/2565 1263/2279/2828 1262/2276/2823
f 1262/2276/2823 1263/2279/2828 1264/2282/2831
s 339
f 1250/2243/2787 1265/2284/2835 1248/2239/2781
f 1265/2284/2835 1266/2287/2838 1248/2239/2781
f 1248/2239/2781 1266/2287/2838 1236/2216/2740
s 340
f 1237/2219/2745 1257/2263/2809 1242/2228/2763
f 1257/2263/2809 1255/2257/2803 1242/2228/2763
f 1242/2228/2763 1255/2257/2803 1251/2246/2791
s 341
f 1267/2290/2841 1268/2293/2844 1269/2295/2846
f 1268/2293/2844 1270/2297/2849 1269/2295/2846
f 1270/2297/2849 1268/2293/2844 1271/2300/2852
f 1268/2293/2844 1272/2303/2854 1271/2300/2852
f 1271/2300/2852 1272/2303/2854 1273/2306/2857
s 342
f 1142/2001/2439 1136/1990/2419 1274/2309/2860
f 1136/1990/2419 1262/2277/2824 1274/2309/2860
s 343
f 1274/2309/2861 1262/2277/2825 1275/2310/2862
f 1262/2278/2825 1276/2312/2864 1275/2311/2862
s 344
f 1275/2311/2863 1276/2312/2865 1277/2313/2868
f 1276/2312/2865 1278/2315/2870 1277/2313/2868
s 345
f 1277/2314/2869 1278/2316/2871 1141/1999/2437
f 1278/2316/2871 1139/1996/2432 1141/1999/2437
s 346
f 1262/2278/2826 1264/2283/2832 1276/2312/2866
s 347
f 1264/2283/2833 1278/2315/2872 1276/2312/2867
f 1264/2283/2833 1279/2317/2874 1278/2315/2872
s 348
f 1279/2318/2875 1139/1996/2433 1278/2316/2873
s 349
f 1235/2214/2738 1258/2266/2812 1252/2249/2795
f 1258/2266/2812 1253/2252/2798 1252/2249/2795
s 350
f 1280/2320/2878 1281/2323/2881 1282/2325/2883
f 1281/2323/2881 1283/2328/2886 1282/2325/2883
f 1281/2323/2881 1254/2254/2800 1283/2328/2886
f 1254/2254/2800 1256/2260/2806 1283/2328/2886
s 351
f 1185/2100/2573 1284/2330/2888 1184/2098/2571
f 1284/2330/2888 1285/2333/2891 1184/2098/2571
f 1184/2098/2571 1285/2333/2891 1183/2095/2568
f 1285/2333/2891 1286/2335/2893 1183/2095/2568
s 352
f 1181/2089/2562 1279/2317/2876 1284/2331/2889
f 1279/2317/2876 1285/2334/2892 1284/2331/2889
f 1279/2317/2876 1264/2283/2834 1285/2334/2892
f 1264/2283/2834 1286/2336/2894 1285/2334/2892
f 1264/2283/2834 1263/2281/2830 1286/2336/2894
s 353
f 1108/1927/2325 1229/2198/2721 1106/1921/2319
f 1229/2198/2721 1016/1709/2036 1106/1921/2319
f 1106/1921/2319 1016/1709/2036 1105/1918/2316
f 1016/1709/2036 1017/1711/2039 1105/1918/2316
f 1105/1918/2316 1017/1711/2039 1287/2338/2896
s 354
f 1105/1919/2317 1287/2339/2897 1104/1916/2313
f 1287/2339/2897 1288/2341/2899 1104/1916/2313
s 355
f 1104/1916/2314 1288/2341/2900 1102/1911/2308
f 1288/2341/2900 1289/2343/2902 1102/1911/2308
s 356
f 1102/1912/2309 1289/2344/2903 1002/1674/1996
f 1289/2344/2903 1003/1676/1999 1002/1674/1996
f 1102/1912/2309 1002/1674/1996 1103/1914/2311
f 1002/1674/1996 1107/1924/2322 1103/1914/2311
f 1002/1674/1996 1228/2196/2719 1107/1924/2322
s 357
f 1265/2285/2836 1250/2242/2788 1280/2321/2879
f 1250/2242/2788 1281/2324/2882 1280/2321/2879
f 1250/2242/2788 1251/2244/2792 1281/2324/2882
f 1251/2244/2792 1254/2255/2801 1281/2324/2882
f 1251/2244/2792 1255/2258/2804 1254/2255/2801
s 358
f 1257/2264/2810 1237/2218/2746 1256/2261/2807
f 1237/2218/2746 1283/2329/2887 1256/2261/2807
f 1237/2218/2746 1236/2215/2741 1283/2329/2887
f 1236/2215/2741 1282/2326/2884 1283/2329/2887
f 1236/2215/2741 1266/2289/2840 1282/2326/2884
s 359
f 1180/2086/2559 1181/2090/2563 1185/2101/2574
f 1181/2090/2563 1284/2332/2890 1185/2101/2574
s 360
f 1291/2348/2907 1292/2351/2910 1293/2354/2913
f 1292/2351/2910 1294/2356/2915 1293/2354/2913
f 1293/2354/2913 1294/2356/2915 970/1582/1897
f 1294/2356/2915 969/1579/1894 970/1582/1897
s 361
f 1016/1710/2037 1229/2199/2722 1014/1705/2032
f 1229/2199/2722 1006/1685/2009 1014/1705/2032
f 1229/2199/2722 1228/2195/2718 1006/1685/2009
f 1228/2195/2718 1004/1680/2003 1006/1685/2009
f 1228/2195/2718 1002/1675/1997 1004/1680/2003
s 362
f 993/1651/1971 995/1656/1976 1295/2358/2917
f 995/1656/1976 1296/2360/2920 1295/2358/2917
s 363
f 995/1657/1977 996/1659/1979 1296/2361/2921
f 996/1659/1979 1297/2363/2923 1296/2361/2921
s 364
f 971/1585/1900 973/1591/1907 1298/2365/2926
s 365
f 973/1591/1908 1299/2367/2930 1298/2365/2927
f 1298/2365/2927 1299/2367/2930 1300/2368/2932
s 366
f 1299/2367/2931 973/1591/1909 1301/2370/2934
f 973/1592/1909 1302/2372/2936 1301/2371/2934
s 367
f 1301/2371/2935 1302/2372/2937 1303/2373/2940
f 1302/2372/2937 1304/2375/2942 1303/2373/2940
s 368
f 1303/2374/2941 1304/2376/2943 1305/2377/2946
f 1304/2376/2943 966/1571/1882 1305/2377/2946
s 369
f 1305/2377/2947 966/1571/1883 1306/2378/2948
f 966/1572/1883 1307/2380/2950 1306/2379/2948
s 370
f 1306/2379/2949 1307/2380/2951 1300/2369/2933
f 1307/2380/2951 1298/2366/2928 1300/2369/2933
s 371
f 973/1592/1910 975/1597/1915 1302/2372/2938
s 372
f 975/1597/1916 1304/2375/2944 1302/2372/2939
f 975/1597/1916 964/1565/1875 1304/2375/2944
s 373
f 964/1566/1876 966/1571/1884 1304/2376/2945
s 374
f 996/1659/1980 998/1664/1985 1297/2363/2924
f 998/1664/1985 1308/2381/2954 1297/2363/2924
s 375
f 998/1665/1986 1309/2384/2957 1308/2382/2955
f 1309/2384/2957 1310/2386/2959 1308/2382/2955
s 376
f 951/1532/1840 1290/2347/2906 953/1536/1846
f 1290/2347/2906 955/1542/1852 953/1536/1846
f 955/1542/1852 1290/2347/2906 956/1544/1854
f 1290/2347/2906 1226/2190/2713 956/1544/1854
f 956/1544/1854 1226/2190/2713 1227/2192/2715
s 377
f 966/1572/1885 968/1577/1890 1307/2380/2952
s 378
f 968/1577/1891 1298/2366/2929 1307/2380/2953
f 968/1577/1891 971/1586/1902 1298/2366/2929
s 379
f 1280/2322/2880 1282/2327/2885 1265/2286/2837
f 1282/2327/2885 1266/2288/2839 1265/2286/2837
s 380
f 994/1653/1973 993/1651/1971 1311/2388/2962
f 993/1651/1971 1312/2391/2965 1311/2388/2962
f 1312/2391/2965 993/1651/1971 1313/2393/2967
f 993/1651/1971 1314/2396/2970 1313/2393/2967
f 993/1651/1971 1295/2358/2919 1314/2396/2970
s 381
f 1313/2394/2968 1314/2397/2971 1315/2399/2973
f 1313/2394/2968 1315/2399/2973 1316/2401/2976
s 382
f 1315/2399/2974 1317/2403/2979 1316/2401/2977
f 1316/2401/2977 1317/2403/2979 1318/2406/2982
s 383
f 1317/2404/2980 1310/2386/2960 1318/2407/2983
f 1318/2407/2983 1310/2386/2960 1309/2384/2957
f 1318/2407/2983 1309/2384/2957 1319/2409/2985
f 1309/2384/2957 997/1661/1982 1319/2409/2985
f 1319/2409/2985 997/1661/1982 1320/2411/2987
s 384
f 978/1605/1925 1321/2414/2990 976/1599/1919
f 1321/2414/2990 1322/2416/2994 976/1599/1919
f 1321/2414/2990 980/1611/1931 1322/2416/2994
f 980/1611/1931 984/1623/1946 1322/2416/2994
f 980/1611/1931 982/1618/1941 984/1623/1946
s 385
f 976/1600/1920 1322/2417/2995 977/1603/1923
f 1322/2417/2995 1168/2057/2525 977/1603/1923
f 1322/2417/2995 984/1624/1947 1168/2057/2525
f 984/1624/1947 985/1627/1950 1168/2057/2525
s 386
f 1320/2412/2988 1311/2389/2963 1319/2410/2986
f 1311/2389/2963 1312/2392/2966 1319/2410/2986
f 1319/2410/2986 1312/2392/2966 1318/2408/2984
f 1312/2392/2966 1313/2395/2969 1318/2408/2984
f 1318/2408/2984 1313/2395/2969 1316/2402/2978
s 387
f 972/1588/1904 1292/2352/2911 974/1594/1912
f 1292/2352/2911 1291/2349/2908 974/1594/1912
s 388
f 1169/2058/2527 1167/2054/2521 1323/2418/2996
f 1167/2054/2521 1324/2420/3000 1323/2418/2996
s 389
f 1323/2418/2997 1324/2420/3001 1325/2421/3004
f 1324/2420/3001 1326/2423/3006 1325/2421/3004
s 390
f 1167/2054/2522 981/1614/1935 1324/2420/3002
s 391
f 981/1614/1936 1326/2423/3007 1324/2420/3003
f 1326/2423/3007 981/1614/1936 1327/2424/3008
s 392
f 981/1615/1937 1328/2426/3010 1327/2425/3009
f 1327/2425/3009 1328/2426/3010 1329/2428/3014
s 393
f 1328/2427/3011 1330/2430/3016 1329/2429/3015
f 1329/2429/3015 1330/2430/3016 1331/2431/3020
s 394
f 1330/2430/3017 1332/2432/3022 1331/2431/3021
f 1331/2431/3021 1332/2432/3022 1333/2435/3027
s 395
f 1332/2433/3023 1323/2419/2998 1333/2436/3028
f 1333/2436/3028 1323/2419/2998 1325/2422/3005
s 396
f 1332/2432/3024 1330/2430/3018 1321/2414/2991
s 397
f 1330/2430/3019 1328/2427/3012 1321/2414/2992
f 1321/2414/2992 1328/2427/3012 980/1611/1932
s 398
f 1328/2426/3013 981/1615/1938 980/1612/1933
s 399
f 1272/2304/2855 988/1636/1957 1273/2307/2858
f 988/1636/1957 990/1641/1963 1273/2307/2858
s 400
f 1334/2437/3029 1335/2438/3032 1336/2439/3035
f 1335/2438/3032 1337/2440/3038 1336/2439/3035
f 1337/2440/3038 1335/2438/3032 1338/2441/3041
f 1335/2438/3032 1339/2443/3044 1338/2441/3041
f 1339/2443/3044 1335/2438/3032 1340/2446/3047
f 1335/2438/3032 1341/2448/3050 1340/2446/3047
s 401
f 1342/2451/3053 1343/2453/3055 1344/2455/3059
f 1343/2453/3055 1345/2456/3061 1344/2455/3059
s 402
f 1344/2455/3060 1345/2456/3062 1346/2459/3066
f 1345/2457/3062 1347/2461/3068 1346/2460/3066
s 403
f 1346/2460/3067 1347/2461/3069 1348/2462/3072
f 1347/2461/3069 1349/2464/3074 1348/2462/3072
s 404
f 1348/2463/3073 1349/2465/3075 1350/2466/3078
f 1349/2465/3075 1062/1820/2180 1350/2466/3078
s 405
f 1350/2466/3079 1062/1820/2181 1351/2467/3080
f 1062/1821/2181 1352/2469/3082 1351/2468/3080
s 406
f 1351/2468/3081 1352/2469/3083 1342/2452/3054
f 1352/2469/3083 1343/2454/3056 1342/2452/3054
s 407
f 1345/2457/3063 1082/1863/2248 1347/2461/3070
s 408
f 1082/1863/2249 1349/2464/3076 1347/2461/3071
f 1082/1863/2249 1083/1865/2252 1349/2464/3076
s 409
f 1083/1866/2253 1062/1820/2182 1349/2465/3077
s 410
f 1062/1821/2183 1061/1818/2177 1352/2469/3084
s 411
f 1061/1818/2178 1343/2454/3057 1352/2469/3085
f 1061/1818/2178 1118/1946/2355 1343/2454/3057
s 412
f 1353/2470/3086 1354/2472/3089 1355/2475/3092
f 1354/2472/3089 1356/2477/3096 1355/2475/3092
s 413
f 1355/2475/3093 1356/2477/3097 1341/2449/3051
f 1341/2448/3051 1335/2438/3034 1355/2476/3093
s 414
f 1356/2478/3098 1340/2447/3048 1341/2450/3052
f 1356/2478/3098 1358/2481/3104 1340/2447/3048
s 415
f 1354/2473/3090 1357/2479/3100 1356/2478/3099
f 1357/2479/3100 1358/2481/3103 1356/2478/3099
s 416
f 1358/2481/3105 1339/2444/3045 1340/2447/3049
f 1358/2481/3105 1360/2485/3111 1339/2444/3045
s 417
f 1357/2479/3101 1359/2482/3107 1358/2481/3106
f 1359/2482/3107 1360/2485/3110 1358/2481/3106
s 418
f 1360/2486/3112 1338/2442/3042 1339/2445/3046
f 1360/2486/3112 1362/2489/3118 1338/2442/3042
s 419
f 1359/2483/3108 1361/2487/3114 1360/2486/3113
f 1361/2487/3114 1362/2489/3117 1360/2486/3113
s 420
f 1362/2490/3119 1337/2440/3039 1338/2441/3043
f 1362/2490/3119 1364/2495/3125 1337/2440/3039
s 421
f 1361/2487/3115 1363/2491/3121 1362/2489/3120
f 1363/2491/3121 1364/2494/3124 1362/2489/3120
s 422
f 1364/2495/3126 1336/2439/3036 1337/2440/3040
f 1364/2495/3126 1366/2500/3132 1336/2439/3036
s 423
f 1363/2492/3122 1365/2497/3128 1364/2496/3127
f 1365/2497/3128 1366/2499/3131 1364/2496/3127
s 424
f 1366/2500/3133 1334/2437/3030 1336/2439/3037
f 1366/2500/3133 1368/2505/3139 1334/2437/3030
s 425
f 1365/2497/3129 1367/2501/3135 1366/2499/3134
f 1367/2501/3135 1368/2504/3138 1366/2499/3134
s 426
f 1368/2505/3140 1335/2438/3033 1334/2437/3031
f 1368/2505/3140 1355/2476/3095 1335/2438/3033
s 427
f 1367/2502/3136 1353/2470/3087 1368/2506/3141
f 1353/2470/3087 1355/2475/3094 1368/2506/3141
s 428
f 1273/2308/2859 990/1642/1964 1271/2301/2853
f 990/1643/1964 992/1649/1969 1271/2302/2853
f 1271/2301/2853 992/1648/1969 1270/2298/2850
f 992/1648/1969 1024/1731/2059 1270/2298/2850
f 1270/2298/2850 1024/1731/2059 1369/2507/3142
s 429
f 1270/2299/2851 1369/2508/3143 1269/2296/2847
f 1369/2508/3143 1370/2510/3145 1269/2296/2847
s 430
f 1269/2296/2848 1370/2510/3146 1267/2291/2842
f 1370/2510/3146 1371/2512/3148 1267/2291/2842
s 431
f 1267/2292/2843 1371/2513/3149 986/1630/1952
f 1371/2513/3149 999/1667/1988 986/1630/1952
f 1267/2292/2843 986/1630/1952 1268/2294/2845
f 986/1630/1952 1272/2305/2856 1268/2294/2845
f 986/1630/1952 988/1637/1958 1272/2305/2856
s 432
f 967/1575/1888 969/1580/1895 968/1577/1892
f 969/1580/1895 1294/2357/2916 968/1577/1892
f 968/1577/1892 1294/2357/2916 971/1586/1901
f 1294/2357/2916 1292/2353/2912 971/1586/1901
f 971/1586/1901 1292/2353/2912 972/1589/1905
s 433
f 997/1662/1983 994/1654/1974 1320/2413/2989
f 994/1654/1974 1311/2390/2964 1320/2413/2989
s 434
f 1118/1947/2354 1117/1944/2351 1345/2458/3064
f 1117/1944/2351 1081/1861/2245 1345/2458/3064
f 1345/2458/3064 1081/1861/2245 1082/1864/2250
s 435
f 965/1569/1880 964/1565/1877 970/1583/1898
f 964/1565/1877 1293/2355/2914 970/1583/1898
f 964/1565/1877 975/1597/1917 1293/2355/2914
f 975/1597/1917 1291/2350/2909 1293/2355/2914
f 975/1597/1917 974/1595/1913 1291/2350/2909
s 436
f 1063/1823/2185 1064/1827/2189 963/1563/1873
f 1064/1827/2189 962/1560/1870 963/1563/1873
s 437
f 1182/2093/2566 1183/2096/2569 1263/2280/2829
f 1183/2096/2569 1286/2337/2895 1263/2280/2829
s 438
f 1117/1945/2352 959/1553/1863 1081/1862/2246
f 959/1553/1863 958/1550/1860 1081/1862/2246
s 439
f 1169/2059/2528 1332/2434/3025 979/1608/1928
f 1332/2434/3025 978/1606/1926 979/1608/1928
f 1321/2415/2993 978/1606/1926 1332/2434/3025
s 440
f 1367/2503/3137 1365/2498/3130 1314/2398/2972
f 1365/2498/3130 1315/2400/2975 1314/2398/2972
f 1367/2503/3137 1314/2398/2972 1353/2471/3088
f 1314/2398/2972 1295/2359/2918 1353/2471/3088
f 1353/2471/3088 1295/2359/2918 1354/2474/3091
f 1295/2359/2918 1296/2362/2922 1354/2474/3091
f 1354/2474/3091 1296/2362/2922 1357/2480/3102
f 1296/2362/2922 1297/2364/2925 1357/2480/3102
f 1357/2480/3102 1297/2364/2925 1308/2383/2956
f 1357/2480/3102 1308/2383/2956 1359/2484/3109
f 1308/2383/2956 1361/2488/3116 1359/2484/3109
f 1308/2383/2956 1310/2387/2961 1361/2488/3116
f 1310/2387/2961 1317/2405/2981 1361/2488/3116
f 1361/2488/3116 1317/2405/2981 1363/2493/3123
f 1317/2405/2981 1365/2498/3130 1363/2493/3123
f 1317/2405/2981 1315/2400/2975 1365/2498/3130
s 441
f 1001/1673/1995 1000/1671/1992 1213/2160/2668
f 1000/1671/1992 1212/2158/2665 1213/2160/2668
f 1001/1673/1995 1213/2160/2668 1023/1730/2057
f 1213/2160/2668 1215/2164/2675 1023/1730/2057
f 1023/1730/2057 1215/2164/2675 1217/2168/2682
f 1023/1730/2057 1217/2168/2682 1024/1732/2060
f 1217/2168/2682 1369/2509/3144 1024/1732/2060
f 1217/2168/2682 1219/2172/2689 1369/2509/3144
f 1219/2172/2689 1221/2177/2696 1369/2509/3144
f 1369/2509/3144 1221/2177/2696 1370/2511/3147
f 1221/2177/2696 1371/2514/3150 1370/2511/3147
f 1221/2177/2696 1223/2182/2703 1371/2514/3150
f 1223/2182/2703 1225/2187/2709 1371/2514/3150
f 1371/2514/3150 1225/2187/2709 999/1668/1989
f 1225/2187/2709 1212/2158/2665 999/1668/1989
f 999/1668/1989 1212/2158/2665 1000/1671/1992
s 442
f 1156/2032/2488 1158/2037/2494 950/1529/1837
f 1158/2037/2494 941/1506/1811 950/1529/1837
f 1156/2032/2488 950/1529/1837 1154/2027/2481
f 950/1529/1837 952/1534/1843 1154/2027/2481
f 1154/2027/2481 952/1534/1843 954/1539/1849
f 1154/2027/2481 954/1539/1849 1152/2022/2474
f 954/1539/1849 1150/2017/2467 1152/2022/2474
f 954/1539/1849 946/1518/1826 1150/2017/2467
f 946/1518/1826 948/1523/1831 1150/2017/2467
f 1150/2017/2467 948/1523/1831 1148/2013/2460
f 948/1523/1831 1146/2009/2453 1148/2013/2460
f 948/1523/1831 945/1516/1823 1146/2009/2453
f 945/1516/1823 943/1512/1817 1146/2009/2453
f 1146/2009/2453 943/1512/1817 1145/2007/2450
f 943/1512/1817 941/1506/1811 1145/2007/2450
f 1145/2007/2450 941/1506/1811 1158/2037/2494
s 443
f 1170/2062/2532 1192/2117/2597 1171/2065/2535
f 1192/2117/2597 1187/2106/2580 1171/2065/2535
f 1171/2065/2535 1187/2106/2580 1174/2072/2544
f 1187/2106/2580 1186/2103/2577 1174/2072/2544
f 1174/2072/2544 1186/2103/2577 1261/2275/2822
f 1186/2103/2577 1207/2148/2647 1261/2275/2822
f 1261/2275/2822 1207/2148/2647 1204/2142/2637
f 1261/2275/2822 1204/2142/2637 1260/2272/2819
f 1204/2142/2637 1259/2270/2816 1260/2272/2819
f 1204/2142/2637 1201/2136/2627 1259/2270/2816
f 1201/2136/2627 1198/2130/2617 1259/2270/2816
f 1259/2270/2816 1198/2130/2617 1179/2084/2557
f 1198/2130/2617 1177/2080/2552 1179/2084/2557
f 1198/2130/2617 1195/2124/2607 1177/2080/2552
f 1195/2124/2607 1192/2117/2597 1177/2080/2552
f 1177/2080/2552 1192/2117/2597 1170/2062/2532
s 444
f 1051/1793/2148 1050/1791/2145 1056/1805/2163
f 1050/1791/2145 1049/1788/2142 1056/1805/2163
f 1056/1805/2163 1049/1788/2142 1018/1714/2043
f 1049/1788/2142 1019/1718/2046 1018/1714/2043
f 1049/1788/2142 1048/1786/2139 1019/1718/2046
f 1048/1786/2139 1047/1783/2136 1019/1718/2046
f 1019/1718/2046 1047/1783/2136 1013/1702/2029
f 1047/1783/2136 1011/1698/2023 1013/1702/2029
f 1047/1783/2136 1046/1781/2133 1011/1698/2023
f 1046/1781/2133 1010/1695/2020 1011/1698/2023
f 1046/1781/2133 1053/1798/2153 1010/1695/2020
f 1053/1798/2153 1025/1735/2063 1010/1695/2020
f 1053/1798/2153 1052/1796/2151 1025/1735/2063
f 1052/1796/2151 1051/1793/2148 1025/1735/2063
f 1025/1735/2063 1051/1793/2148 1054/1800/2157
f 1051/1793/2148 1056/1805/2163 1054/1800/2157
s 445
f 1015/1708/2035 1007/1687/2012 1123/1959/2373
f 1007/1687/2012 1005/1683/2006 1123/1959/2373
f 1123/1959/2373 1005/1683/2006 1121/1955/2366
f 1005/1683/2006 1003/1677/2000 1121/1955/2366
f 1121/1955/2366 1003/1677/2000 1119/1950/2359
f 1003/1677/2000 1289/2345/2904 1119/1950/2359
f 1119/1950/2359 1289/2345/2904 1133/1982/2408
f 1289/2345/2904 1131/1977/2401 1133/1982/2408
f 1289/2345/2904 1288/2342/2901 1131/1977/2401
f 1288/2342/2901 1287/2340/2898 1131/1977/2401
f 1131/1977/2401 1287/2340/2898 1129/1972/2394
f 1287/2340/2898 1127/1967/2387 1129/1972/2394
f 1287/2340/2898 1017/1712/2040 1127/1967/2387
f 1017/1712/2040 1015/1708/2035 1127/1967/2387
f 1127/1967/2387 1015/1708/2035 1125/1963/2380
f 1015/1708/2035 1123/1959/2373 1125/1963/2380
s 446
f 1343/2453/3058 1118/1948/2356 1345/2456/3065
s 447
f 1136/1990/2420 1135/1988/2416 1262/2277/2827
s 448
f 1323/2419/2999 1332/2433/3026 1169/2060/2529
s 449
f 1067/1834/2201 1077/1851/2233 1065/1830/2193
s 450
f 1238/2221/2750 1248/2238/2782 1236/2217/2742
s 451
f 1372/2515/3151 1373/2517/3153 1374/2518/3154
f 1376/2521/3158 1377/2523/3160 1374/2518/3154
f 1376/2521/3158 1379/2528/3165 1377/2523/3160
f 1374/2518/3154 1375/2519/3155 1372/2515/3151
f 1374/2518/3154 1373/2517/3153 1376/2521/3158
f 1379/2528/3165 1380/2531/3168 1377/2523/3160
s 452
f 1378/2525/3162 1375/2519/3156 1377/2523/3161
f 1375/2519/3156 1374/2518/3154 1377/2523/3161
s 453
f 1381/2534/3171 1382/2538/3174 1379/2529/3166
f 1382/2538/3174 1380/2532/3169 1379/2529/3166
s 454
f 1378/2526/3163 1377/2524/3161 1382/2539/3175
f 1378/2526/3163 1382/2539/3175 1383/2541/3177
f 1377/2524/3161 1380/2533/3170 1382/2539/3175
f 1383/2541/3177 1384/2543/3180 1378/2526/3163
s 455
f 1381/2535/3172 1385/2546/3183 1383/2542/3178
f 1381/2535/3172 1387/2549/3188 1385/2546/3183
f 1383/2542/3178 1382/2540/3176 1381/2535/3172
f 1387/2549/3188 1388/2552/3190 1385/2546/3183
s 456
f 1386/2547/3185 1384/2544/3181 1385/2546/3184
f 1386/2547/3185 1385/2546/3184 1388/2552/3192
f 1384/2544/3181 1383/2542/3179 1385/2546/3184
f 1388/2552/3192 1390/2556/3196 1386/2547/3185
s 457
f 1389/2553/3193 1390/2556/3196 1388/2552/3191
f 1388/2552/3191 1387/2549/3189 1389/2553/3193
s 458
f 1386/2547/3186 1390/2556/3197 1392/2558/3201
f 1390/2556/3197 1391/2557/3198 1392/2558/3201
s 459
f 1389/2553/3194 1393/2559/3203 1390/2556/3196
f 1393/2559/3203 1391/2557/3199 1390/2556/3196
s 460
f 1394/2561/3206 1392/2558/3202 1393/2559/3204
f 1394/2561/3206 1749/3125/3796 1750/3126/3797
f 1421/2621/3261 1420/2619/3258 1750/3126/3797
f 1392/2558/3202 1391/2557/3200 1393/2559/3204
f 1750/3126/3797 1392/2558/3202 1394/2561/3206
f 1750/3126/3797 1749/3125/3796 1421/2621/3261
s 461
f 1389/2554/3195 1395/2563/3208 1393/2560/3203
f 1397/2565/3210 1398/2567/3212 1396/2564/3209
f 1381/2536/3173 1379/2530/3166 1402/2572/3220
f 1381/2536/3173 1402/2572/3220 1406/2585/3230
f 1381/2537/3173 1406/2586/3230 1407/2588/3231
f 1389/2555/3195 1387/2551/3188 1408/2592/3234
f 1389/2554/3195 1408/2594/3234 1410/2600/3238
f 1389/2554/3195 1412/2604/3242 1395/2563/3208
f 1397/2565/3210 1395/2563/3208 1414/2609/3247
f 1395/2563/3208 1396/2564/3209 1393/2560/3203
f 1396/2564/3209 1395/2563/3208 1397/2565/3210
f 1379/2530/3166 1400/2569/3216 1402/2572/3220
f 1402/2572/3220 1404/2577/3226 1406/2585/3230
f 1407/2588/3231 1387/2550/3188 1381/2537/3173
f 1387/2551/3188 1407/2590/3231 1408/2592/3234
f 1410/2600/3238 1412/2604/3242 1389/2554/3195
f 1412/2604/3242 1413/2606/3244 1395/2563/3208
f 1395/2563/3208 1413/2606/3244 1414/2609/3247
s 462
f 1394/2562/3207 1393/2560/3205 1396/2564/3209
f 1396/2564/3209 1398/2567/3213 1394/2562/3207
s 463
f 1376/2522/3159 1399/2568/3214 1400/2569/3216
f 1400/2569/3216 1379/2530/3167 1376/2522/3159
s 464
f 1401/2570/3217 1402/2572/3219 1400/2569/3216
f 1401/2570/3217 1403/2573/3221 1402/2572/3219
f 1400/2569/3216 1399/2568/3215 1401/2570/3217
f 1403/2573/3221 1404/2577/3224 1402/2572/3219
s 465
f 1405/2579/3227 1406/2584/3229 1403/2574/3222
f 1406/2584/3229 1404/2578/3225 1403/2574/3222
s 466
f 1405/2580/3228 1408/2591/3233 1407/2589/3232
f 1405/2581/3228 1409/2595/3235 1408/2593/3233
f 1407/2589/3232 1406/2587/3230 1405/2580/3228
f 1409/2595/3235 1410/2599/3238 1408/2593/3233
s 467
f 1411/2601/3240 1412/2604/3242 1410/2600/3239
f 1410/2600/3239 1409/2596/3236 1411/2601/3240
s 468
f 1411/2602/3241 1414/2608/3246 1412/2605/3243
f 1414/2608/3246 1413/2607/3245 1412/2605/3243
s 469
f 1411/2602/3240 1415/2611/3248 1414/2608/3247
f 1415/2611/3248 1416/2613/3250 1414/2608/3247
s 470
f 1386/2548/3187 1417/2615/3253 1415/2612/3249
f 1397/2566/3211 1414/2610/3246 1417/2615/3253
f 1397/2566/3211 1417/2615/3253 1418/2616/3254
f 1386/2548/3187 1420/2618/3256 1417/2615/3253
f 1421/2620/3260 1419/2617/3255 1418/2616/3254
f 1386/2548/3187 1415/2612/3249 1422/2622/3262
f 1417/2615/3253 1416/2614/3251 1415/2612/3249
f 1414/2610/3246 1416/2614/3252 1417/2615/3253
f 1418/2616/3254 1419/2617/3255 1397/2566/3211
f 1420/2618/3256 1418/2616/3254 1417/2615/3253
f 1418/2616/3254 1420/2618/3257 1421/2620/3260
f 1422/2622/3262 1384/2545/3182 1386/2548/3187
s 471
f 1411/2603/3241 1423/2623/3264 1422/2622/3263
f 1378/2527/3164 1384/2545/3180 1423/2623/3264
f 1411/2603/3241 1409/2597/3237 1423/2623/3264
f 1378/2527/3164 1423/2623/3264 1424/2624/3265
f 1378/2527/3164 1425/2627/3267 1427/2631/3271
f 1401/2571/3218 1427/2631/3271 1403/2576/3222
f 1401/2571/3218 1747/3123/3794 1748/3124/3795
f 1372/2516/3152 1375/2520/3156 1748/3124/3795
f 1378/2527/3164 1427/2631/3271 1375/2520/3157
f 1422/2622/3263 1415/2612/3249 1411/2603/3241
f 1384/2545/3180 1422/2622/3262 1423/2623/3264
f 1409/2597/3237 1424/2624/3265 1423/2623/3264
f 1424/2624/3265 1425/2627/3267 1378/2527/3164
f 1425/2627/3267 1426/2629/3269 1427/2631/3271
f 1427/2631/3271 1426/2629/3269 1403/2576/3222
f 1748/3124/3795 1427/2631/3271 1401/2571/3218
f 1748/3124/3795 1747/3123/3794 1372/2516/3152
f 1427/2631/3271 1748/3124/3795 1375/2520/3157
s 472
f 1405/2582/3227 1425/2626/3267 1424/2625/3266
f 1424/2625/3266 1409/2598/3235 1405/2582/3227
s 473
f 1405/2583/3228 1403/2575/3223 1425/2628/3268
f 1403/2575/3223 1426/2630/3270 1425/2628/3268
s 474
f 1428/2632/3272 1429/2633/3273 1430/2634/3274
f 1432/2638/3277 1433/2640/3279 1430/2634/3274
f 1432/2638/3277 1435/2645/3285 1433/2640/3279
f 1430/2634/3274 1431/2635/3275 1428/2632/3272
f 1430/2634/3274 1429/2633/3273 1432/2638/3277
f 1435/2645/3285 1436/2647/3288 1433/2640/3279
s 475
f 1434/2642/3281 1431/2635/3276 1433/2640/3280
f 1431/2635/3276 1430/2634/3274 1433/2640/3280
s 476
f 1437/2649/3291 1438/2651/3294 1436/2647/3289
f 1436/2647/3289 1435/2645/3286 1437/2649/3291
s 477
f 1434/2643/3282 1433/2641/3280 1438/2652/3295
f 1433/2641/3280 1436/2648/3290 1438/2652/3295
s 478
f 1434/2642/3283 1438/2651/3294 1439/2653/3297
f 1439/2653/3297 1440/2654/3300 1434/2642/3283
s 479
f 1437/2649/3292 1441/2655/3302 1439/2653/3298
f 1439/2653/3298 1438/2651/3296 1437/2649/3292
s 480
f 1442/2657/3305 1440/2654/3301 1441/2655/3303
f 1442/2657/3305 1481/2739/3375 1486/2746/3383
f 1442/2657/3305 1486/2746/3383 1488/2748/3387
f 1442/2657/3305 1488/2748/3387 1489/2749/3388
f 1440/2654/3301 1439/2653/3299 1441/2655/3303
f 1481/2739/3375 1484/2744/3380 1486/2746/3383
f 1486/2746/3383 1487/2747/3386 1488/2748/3387
f 1489/2749/3388 1440/2654/3301 1442/2657/3305
s 481
f 1437/2650/3293 1443/2660/3307 1444/2662/3308
f 1442/2658/3306 1441/2656/3304 1446/2667/3314
f 1442/2658/3306 1446/2667/3314 1447/2668/3315
f 1460/2694/3339 1461/2696/3341 1459/2693/3338
f 1437/2650/3293 1435/2646/3286 1461/2696/3341
f 1460/2694/3339 1462/2697/3342 1461/2696/3341
f 1437/2650/3293 1461/2696/3341 1463/2701/3345
f 1479/2732/3371 1480/2734/3373 1478/2730/3370
f 1479/2732/3371 1481/2737/3375 1480/2734/3373
f 1442/2659/3306 1448/2670/3317 1481/2738/3375
f 1444/2662/3308 1441/2656/3304 1437/2650/3293
f 1441/2656/3304 1444/2662/3308 1446/2667/3314
f 1447/2668/3315 1448/2669/3317 1442/2658/3306
f 1459/2693/3338 1458/2692/3337 1460/2694/3339
f 1435/2646/3286 1459/2693/3338 1461/2696/3341
f 1462/2697/3342 1463/2701/3345 1461/2696/3341
f 1463/2701/3345 1443/2660/3307 1437/2650/3293
f 1478/2730/3370 1477/2729/3369 1479/2732/3371
f 1481/2737/3375 1482/2740/3377 1480/2734/3373
f 1448/2670/3317 1482/2741/3377 1481/2738/3375
s 482
f 1445/2663/3310 1446/2667/3313 1444/2662/3309
f 1445/2663/3310 1449/2672/3318 1446/2667/3313
f 1444/2662/3309 1443/2660/3307 1445/2663/3310
f 1449/2672/3318 1447/2668/3315 1446/2667/3313
s 483
f 1450/2675/3321 1448/2669/3317 1447/2668/3316
f 1473/2721/3362 1477/2729/3368 1478/2730/3370
f 1450/2678/3321 1475/2726/3365 1480/2735/3374
f 1450/2679/3321 1480/2736/3374 1482/2742/3378
f 1447/2668/3316 1449/2672/3319 1450/2675/3321
f 1478/2730/3370 1475/2725/3365 1473/2721/3362
f 1475/2726/3365 1478/2731/3370 1480/2735/3374
f 1482/2742/3378 1448/2671/3317 1450/2679/3321
s 484
f 1445/2664/3311 1451/2680/3323 1452/2682/3325
f 1452/2682/3325 1449/2673/3319 1445/2664/3311
s 485
f 1434/2644/3284 1453/2684/3327 1452/2683/3326
f 1450/2676/3322 1449/2674/3320 1453/2684/3327
f 1450/2676/3322 1453/2684/3327 1454/2685/3328
f 1434/2644/3284 1456/2688/3330 1453/2684/3327
f 1457/2690/3334 1455/2686/3329 1454/2685/3328
f 1460/2695/3340 1464/2703/3347 1465/2704/3348
f 1466/2706/3349 1467/2708/3350 1465/2704/3348
f 1466/2707/3349 1431/2636/3276 1467/2710/3350
f 1434/2644/3284 1451/2681/3324 1431/2637/3276
f 1469/2715/3354 1470/2716/3355 1471/2717/3356
f 1473/2720/3361 1474/2722/3363 1471/2717/3356
f 1457/2690/3334 1472/2718/3358 1474/2722/3363
f 1473/2720/3361 1475/2723/3364 1474/2722/3363
f 1450/2677/3322 1455/2687/3329 1475/2724/3365
f 1457/2690/3334 1474/2722/3363 1455/2686/3329
f 1452/2683/3326 1451/2681/3324 1434/2644/3284
f 1449/2674/3320 1452/2683/3326 1453/2684/3327
f 1454/2685/3328 1455/2686/3329 1450/2676/3322
f 1456/2688/3330 1454/2685/3328 1453/2684/3327
f 1454/2685/3328 1456/2688/3331 1457/2690/3334
f 1465/2704/3348 1462/2699/3344 1460/2695/3340
f 1465/2704/3348 1464/2703/3347 1466/2706/3349
f 1431/2636/3276 1468/2712/3352 1467/2710/3350
f 1451/2681/3324 1468/2713/3352 1431/2637/3276
f 1471/2717/3356 1472/2718/3357 1469/2715/3354
f 1471/2717/3356 1470/2716/3355 1473/2720/3361
f 1472/2718/3358 1471/2717/3356 1474/2722/3363
f 1475/2723/3364 1476/2727/3366 1474/2722/3363
f 1455/2687/3329 1476/2728/3367 1475/2724/3365
f 1474/2722/3363 1476/2727/3366 1455/2686/3329
s 486
f 1432/2639/3278 1458/2692/3336 1459/2693/3338
f 1459/2693/3338 1435/2646/3287 1432/2639/3278
s 487
f 1445/2665/3312 1443/2661/3307 1463/2702/3346
f 1463/2702/3346 1462/2698/3343 1445/2665/3312
s 488
f 1445/2666/3311 1462/2700/3343 1467/2709/3351
f 1462/2700/3343 1465/2705/3348 1467/2709/3351
s 489
f 1445/2664/3312 1467/2711/3351 1451/2680/3323
f 1467/2711/3351 1468/2714/3353 1451/2680/3323
s 490
f 1479/2733/3372 1483/2743/3379 1484/2744/3380
f 1485/2745/3381 1486/2746/3382 1484/2744/3380
f 1485/2745/3381 1472/2719/3359 1486/2746/3382
f 1484/2744/3380 1481/2739/3376 1479/2733/3372
f 1484/2744/3380 1483/2743/3379 1485/2745/3381
f 1472/2719/3359 1487/2747/3384 1486/2746/3382
s 491
f 1457/2691/3335 1488/2748/3387 1472/2719/3360
f 1457/2691/3335 1456/2689/3332 1489/2749/3389
f 1488/2748/3387 1487/2747/3385 1472/2719/3360
f 1489/2749/3389 1488/2748/3387 1457/2691/3335
s 492
f 1434/2642/3281 1440/2654/3300 1456/2689/3333
f 1440/2654/3300 1489/2749/3389 1456/2689/3333
s 493
f 1490/2750/3390 1491/2751/3391 1492/2752/3392
f 1494/2755/3395 1495/2757/3397 1492/2752/3392
f 1496/2758/3398 1493/2753/3393 1495/2757/3397
f 1494/2755/3395 1497/2759/3399 1495/2757/3397
f 1499/2762/3402 1500/2764/3404 1498/2761/3401
f 1496/2758/3398 1495/2757/3397 1498/2761/3401
f 1516/2783/3425 1517/2784/3426 1518/2785/3427
f 1520/2788/3432 1521/2790/3434 1518/2785/3427
f 1522/2791/3435 1519/2786/3429 1521/2790/3434
f 1520/2788/3432 1523/2793/3437 1521/2790/3434
f 1525/2798/3441 1526/2802/3443 1523/2794/3438
f 1522/2791/3435 1521/2790/3434 1526/2803/3443
f 1522/2791/3435 1526/2803/3443 1527/2804/3444
f 1525/2799/3441 1529/2807/3447 1527/2804/3444
f 1530/2808/3448 1528/2805/3445 1529/2807/3447
f 1525/2799/3441 1531/2809/3449 1529/2807/3447
f 1494/2755/3395 1491/2751/3391 1532/2811/3451
f 1530/2808/3448 1529/2807/3447 1532/2811/3451
f 1492/2752/3392 1493/2753/3393 1490/2750/3390
f 1492/2752/3392 1491/2751/3391 1494/2755/3395
f 1493/2753/3393 1492/2752/3392 1495/2757/3397
f 1497/2759/3399 1498/2761/3401 1495/2757/3397
f 1498/2761/3401 1497/2759/3399 1499/2762/3402
f 1498/2761/3401 1500/2764/3404 1496/2758/3398
f 1518/2785/3427 1519/2786/3428 1516/2783/3425
f 1518/2785/3427 1517/2784/3426 1520/2788/3432
f 1519/2786/3429 1518/2785/3427 1521/2790/3434
f 1523/2793/3437 1524/2796/3439 1521/2790/3434
f 1526/2802/3443 1524/2797/3440 1523/2794/3438
f 1521/2790/3434 1524/2796/3439 1526/2803/3443
f 1527/2804/3444 1528/2805/3445 1522/2791/3435
f 1527/2804/3444 1526/2803/3443 1525/2799/3441
f 1528/2805/3445 1527/2804/3444 1529/2807/3447
f 1531/2809/3449 1532/2811/3451 1529/2807/3447
f 1532/2811/3451 1531/2809/3449 1494/2755/3395
f 1532/2811/3451 1491/2751/3391 1530/2808/3448
s 494
f 1494/2756/3396 1501/2765/3405 1502/2766/3407
f 1503/2767/3408 1504/2769/3410 1502/2766/3407
f 1499/2763/3403 1497/2760/3400 1504/2769/3410
f 1503/2767/3408 1505/2770/3411 1504/2769/3410
f 1507/2773/3414 1508/2775/3416 1506/2772/3413
f 1499/2763/3403 1504/2769/3410 1506/2772/3413
f 1535/2814/3455 1536/2817/3457 1534/2813/3454
f 1535/2815/3455 1537/2820/3459 1536/2818/3457
f 1539/2824/3463 1540/2827/3465 1537/2820/3459
f 1539/2825/3463 1542/2831/3468 1541/2830/3467
f 1494/2756/3396 1531/2810/3450 1542/2831/3468
f 1539/2825/3463 1543/2832/3469 1542/2831/3468
f 1503/2767/3408 1501/2765/3406 1544/2834/3471
f 1494/2756/3396 1542/2831/3468 1544/2834/3471
f 1502/2766/3407 1497/2760/3400 1494/2756/3396
f 1502/2766/3407 1501/2765/3406 1503/2767/3408
f 1497/2760/3400 1502/2766/3407 1504/2769/3410
f 1505/2770/3411 1506/2772/3413 1504/2769/3410
f 1506/2772/3413 1505/2770/3411 1507/2773/3414
f 1506/2772/3413 1508/2775/3417 1499/2763/3403
f 1534/2813/3454 1533/2812/3453 1535/2814/3455
f 1537/2820/3459 1538/2822/3461 1536/2818/3457
f 1540/2827/3465 1538/2822/3461 1537/2820/3459
f 1541/2830/3467 1540/2829/3465 1539/2825/3463
f 1531/2810/3450 1541/2830/3467 1542/2831/3468
f 1543/2832/3469 1544/2834/3471 1542/2831/3468
f 1544/2834/3471 1543/2832/3469 1503/2767/3408
f 1544/2834/3471 1501/2765/3405 1494/2756/3396
s 495
f 1503/2768/3409 1509/2776/3418 1510/2777/3419
f 1511/2778/3420 1512/2779/3421 1510/2777/3419
f 1507/2774/3415 1505/2771/3412 1512/2779/3421
f 1511/2778/3420 1493/2754/3394 1512/2779/3421
f 1514/2781/3423 1515/2782/3424 1513/2780/3422
f 1507/2774/3415 1512/2779/3421 1513/2780/3422
f 1539/2826/3464 1537/2821/3459 1548/2838/3476
f 1539/2826/3464 1548/2838/3476 1550/2840/3480
f 1539/2826/3464 1550/2840/3480 1551/2841/3481
f 1553/2843/3485 1552/2842/3484 1528/2806/3446
f 1553/2843/3485 1509/2776/3418 1751/3127/3798
f 1503/2768/3409 1543/2833/3470 1751/3127/3798
f 1539/2826/3464 1552/2842/3484 1543/2833/3470
f 1510/2777/3419 1505/2771/3412 1503/2768/3409
f 1510/2777/3419 1509/2776/3418 1511/2778/3420
f 1505/2771/3412 1510/2777/3419 1512/2779/3421
f 1493/2754/3394 1513/2780/3422 1512/2779/3421
f 1513/2780/3422 1493/2754/3394 1514/2781/3423
f 1513/2780/3422 1515/2782/3424 1507/2774/3415
f 1537/2821/3459 1546/2836/3473 1548/2838/3476
f 1548/2838/3476 1549/2839/3479 1550/2840/3480
f 1551/2841/3481 1552/2842/3484 1539/2826/3464
f 1552/2842/3484 1551/2841/3483 1528/2806/3446
f 1751/3127/3798 1552/2842/3484 1553/2843/3485
f 1751/3127/3798 1509/2776/3418 1503/2768/3409
f 1552/2842/3484 1751/3127/3798 1543/2833/3470
s 496
f 1520/2789/3433 1533/2812/3452 1534/2813/3454
f 1525/2800/3442 1523/2795/3438 1536/2817/3458
f 1525/2801/3442 1536/2819/3458 1540/2828/3465
f 1525/2800/3442 1540/2829/3465 1541/2830/3466
f 1534/2813/3454 1523/2795/3438 1520/2789/3433
f 1523/2795/3438 1534/2813/3454 1536/2817/3458
f 1536/2819/3458 1538/2823/3462 1540/2828/3465
f 1541/2830/3466 1531/2810/3450 1525/2800/3442
s 497
f 1535/2816/3456 1545/2835/3472 1546/2836/3473
f 1547/2837/3474 1548/2838/3475 1546/2836/3473
f 1547/2837/3474 1519/2787/3430 1548/2838/3475
f 1546/2836/3473 1537/2821/3460 1535/2816/3456
f 1546/2836/3473 1545/2835/3472 1547/2837/3474
f 1519/2787/3430 1549/2839/3477 1548/2838/3475
s 498
f 1522/2792/3436 1550/2840/3480 1519/2787/3431
f 1522/2792/3436 1528/2806/3446 1551/2841/3482
f 1550/2840/3480 1549/2839/3478 1519/2787/3431
f 1551/2841/3482 1550/2840/3480 1522/2792/3436
s 499
f 1554/2844/3486 1555/2845/3487 1556/2846/3488
f 1558/2849/3491 1559/2851/3493 1556/2846/3488
f 1560/2852/3494 1557/2847/3489 1559/2851/3493
f 1558/2849/3491 1561/2853/3495 1559/2851/3493
f 1563/2856/3498 1564/2858/3500 1562/2855/3497
f 1560/2852/3494 1559/2851/3493 1562/2855/3497
f 1707/3060/3728 1708/3061/3729 1709/3062/3730
f 1711/3065/3735 1712/3067/3737 1709/3062/3730
f 1713/3068/3738 1710/3063/3732 1712/3067/3737
f 1711/3065/3735 1714/3070/3741 1712/3067/3737
f 1716/3075/3746 1717/3079/3748 1714/3071/3742
f 1713/3068/3738 1712/3067/3737 1717/3080/3748
f 1713/3068/3738 1717/3080/3748 1718/3081/3749
f 1716/3076/3746 1720/3084/3752 1718/3081/3749
f 1721/3085/3753 1719/3082/3750 1720/3084/3752
f 1716/3076/3746 1722/3086/3754 1720/3084/3752
f 1558/2849/3491 1555/2845/3487 1723/3088/3757
f 1721/3085/3753 1720/3084/3752 1723/3088/3757
f 1556/2846/3488 1557/2847/3489 1554/2844/3486
f 1556/2846/3488 1555/2845/3487 1558/2849/3491
f 1557/2847/3489 1556/2846/3488 1559/2851/3493
f 1561/2853/3495 1562/2855/3497 1559/2851/3493
f 1562/2855/3497 1561/2853/3495 1563/2856/3498
f 1562/2855/3497 1564/2858/3500 1560/2852/3494
f 1709/3062/3730 1710/3063/3731 1707/3060/3728
f 1709/3062/3730 1708/3061/3729 1711/3065/3735
f 1710/3063/3732 1709/3062/3730 1712/3067/3737
f 1714/3070/3741 1715/3073/3743 1712/3067/3737
f 1717/3079/3748 1715/3074/3744 1714/3071/3742
f 1712/3067/3737 1715/3073/3745 1717/3080/3748
f 1718/3081/3749 1719/3082/3750 1713/3068/3738
f 1718/3081/3749 1717/3080/3748 1716/3076/3746
f 1719/3082/3750 1718/3081/3749 1720/3084/3752
f 1722/3086/3754 1723/3088/3757 1720/3084/3752
f 1723/3088/3757 1722/3086/3754 1558/2849/3491
f 1723/3088/3757 1555/2845/3487 1721/3085/3753
s 500
f 1558/2850/3492 1565/2859/3501 1566/2860/3503
f 1567/2861/3504 1568/2863/3506 1566/2860/3503
f 1563/2857/3499 1561/2854/3496 1568/2863/3506
f 1567/2861/3504 1569/2864/3507 1568/2863/3506
f 1571/2867/3510 1572/2869/3512 1570/2866/3509
f 1563/2857/3499 1568/2863/3506 1570/2866/3509
f 1726/3091/3761 1727/3094/3763 1725/3090/3760
f 1726/3092/3761 1728/3097/3765 1727/3095/3763
f 1730/3101/3769 1731/3104/3771 1728/3097/3765
f 1730/3102/3769 1733/3108/3774 1732/3107/3773
f 1558/2850/3492 1722/3087/3756 1733/3108/3774
f 1730/3102/3769 1734/3109/3775 1733/3108/3774
f 1567/2861/3504 1565/2859/3502 1735/3111/3777
f 1558/2850/3492 1733/3108/3774 1735/3111/3777
f 1566/2860/3503 1561/2854/3496 1558/2850/3492
f 1566/2860/3503 1565/2859/3502 1567/2861/3504
f 1561/2854/3496 1566/2860/3503 1568/2863/3506
f 1569/2864/3507 1570/2866/3509 1568/2863/3506
f 1570/2866/3509 1569/2864/3507 1571/2867/3510
f 1570/2866/3509 1572/2869/3513 1563/2857/3499
f 1725/3090/3760 1724/3089/3759 1726/3091/3761
f 1728/3097/3765 1729/3099/3767 1727/3095/3763
f 1731/3104/3771 1729/3099/3767 1728/3097/3765
f 1732/3107/3773 1731/3106/3771 1730/3102/3769
f 1722/3087/3756 1732/3107/3773 1733/3108/3774
f 1734/3109/3775 1735/3111/3777 1733/3108/3774
f 1735/3111/3777 1734/3109/3775 1567/2861/3504
f 1735/3111/3777 1565/2859/3501 1558/2850/3492
s 501
f 1567/2862/3505 1573/2870/3514 1574/2871/3515
f 1575/2872/3516 1576/2873/3517 1574/2871/3515
f 1571/2868/3511 1569/2865/3508 1576/2873/3517
f 1575/2872/3516 1557/2848/3490 1576/2873/3517
f 1578/2875/3519 1579/2876/3520 1577/2874/3518
f 1571/2868/3511 1576/2873/3517 1577/2874/3518
f 1730/3103/3770 1728/3098/3765 1739/3115/3782
f 1730/3103/3770 1739/3115/3782 1741/3117/3786
f 1730/3103/3770 1741/3117/3786 1742/3118/3787
f 1744/3120/3791 1743/3119/3790 1719/3083/3751
f 1744/3120/3791 1573/2870/3514 1745/3121/3792
f 1567/2862/3505 1734/3110/3776 1745/3121/3792
f 1730/3103/3770 1743/3119/3790 1734/3110/3776
f 1574/2871/3515 1569/2865/3508 1567/2862/3505
f 1574/2871/3515 1573/2870/3514 1575/2872/3516
f 1569/2865/3508 1574/2871/3515 1576/2873/3517
f 1557/2848/3490 1577/2874/3518 1576/2873/3517
f 1577/2874/3518 1557/2848/3490 1578/2875/3519
f 1577/2874/3518 1579/2876/3520 1571/2868/3511
f 1728/3098/3765 1737/3113/3779 1739/3115/3782
f 1739/3115/3782 1740/3116/3785 1741/3117/3786
f 1742/3118/3787 1743/3119/3790 1730/3103/3770
f 1743/3119/3790 1742/3118/3789 1719/3083/3751
f 1745/3121/3792 1743/3119/3790 1744/3120/3791
f 1745/3121/3792 1573/2870/3514 1567/2862/3505
f 1743/3119/3790 1745/3121/3792 1734/3110/3776
s 502
f 1580/2877/3521 1581/2878/3522 1582/2879/3523
f 1584/2882/3528 1585/2884/3530 1582/2879/3523
f 1584/2882/3528 1587/2887/3535 1585/2884/3530
f 1582/2879/3523 1583/2880/3524 1580/2877/3521
f 1582/2879/3523 1581/2878/3522 1584/2882/3528
f 1587/2887/3535 1588/2890/3537 1585/2884/3530
s 503
f 1586/2885/3532 1583/2880/3525 1585/2884/3531
f 1589/2892/3540 1590/2896/3542 1587/2888/3536
f 1586/2885/3532 1585/2884/3531 1590/2897/3542
f 1586/2885/3532 1590/2897/3542 1591/2898/3543
f 1589/2893/3540 1593/2901/3547 1591/2898/3544
f 1594/2902/3548 1592/2899/3545 1593/2901/3547
f 1589/2893/3540 1595/2903/3549 1593/2901/3547
f 1597/2906/3553 1598/2908/3555 1596/2905/3552
f 1594/2902/3548 1593/2901/3547 1596/2905/3552
f 1597/2906/3553 1637/2965/3615 1639/2967/3617
f 1635/2962/3612 1640/2968/3618 1637/2965/3615
f 1641/2969/3619 1598/2908/3555 1639/2967/3617
f 1635/2962/3612 1642/2970/3620 1643/2971/3621
f 1624/2947/3596 1627/2951/3600 1643/2971/3621
f 1641/2969/3619 1640/2968/3618 1627/2951/3600
f 1583/2880/3525 1582/2879/3523 1585/2884/3531
f 1590/2896/3542 1588/2891/3538 1587/2888/3536
f 1585/2884/3531 1588/2890/3539 1590/2897/3542
f 1591/2898/3543 1592/2899/3545 1586/2885/3532
f 1591/2898/3544 1590/2897/3542 1589/2893/3540
f 1592/2899/3545 1591/2898/3543 1593/2901/3547
f 1595/2903/3549 1596/2905/3552 1593/2901/3547
f 1596/2905/3552 1595/2903/3549 1597/2906/3553
f 1596/2905/3552 1598/2908/3555 1594/2902/3548
f 1639/2967/3617 1598/2908/3555 1597/2906/3553
f 1640/2968/3618 1639/2967/3617 1637/2965/3615
f 1639/2967/3617 1640/2968/3618 1641/2969/3619
f 1643/2971/3621 1640/2968/3618 1635/2962/3612
f 1643/2971/3621 1642/2970/3620 1624/2947/3596
f 1640/2968/3618 1643/2971/3621 1627/2951/3600
s 504
f 1584/2883/3529 1599/2909/3556 1600/2910/3558
f 1589/2894/3541 1587/2889/3536 1602/2913/3562
f 1589/2895/3541 1602/2914/3562 1606/2925/3569
f 1589/2894/3541 1606/2926/3569 1607/2927/3570
f 1600/2910/3558 1587/2889/3536 1584/2883/3529
f 1587/2889/3536 1600/2910/3558 1602/2913/3562
f 1602/2914/3562 1604/2920/3566 1606/2925/3569
f 1607/2927/3570 1595/2904/3550 1589/2894/3541
s 505
f 1601/2911/3559 1602/2913/3561 1600/2910/3558
f 1601/2911/3559 1603/2915/3563 1602/2913/3561
f 1605/2921/3567 1606/2924/3569 1603/2916/3563
f 1605/2922/3567 1608/2928/3572 1607/2927/3571
f 1597/2907/3554 1595/2904/3551 1608/2928/3572
f 1605/2922/3567 1609/2929/3573 1608/2928/3572
f 1611/2932/3576 1612/2934/3578 1610/2931/3575
f 1597/2907/3554 1608/2928/3572 1610/2931/3575
f 1628/2953/3602 1633/2959/3608 1634/2960/3610
f 1635/2961/3611 1636/2963/3613 1634/2960/3610
f 1611/2932/3576 1631/2957/3606 1636/2963/3613
f 1635/2961/3611 1637/2964/3614 1636/2963/3613
f 1597/2907/3554 1612/2934/3579 1638/2966/3616
f 1611/2932/3576 1636/2963/3613 1638/2966/3616
f 1600/2910/3558 1599/2909/3557 1601/2911/3559
f 1603/2915/3563 1604/2918/3565 1602/2913/3561
f 1606/2924/3569 1604/2919/3565 1603/2916/3563
f 1607/2927/3571 1606/2926/3569 1605/2922/3567
f 1595/2904/3551 1607/2927/3571 1608/2928/3572
f 1609/2929/3573 1610/2931/3575 1608/2928/3572
f 1610/2931/3575 1609/2929/3573 1611/2932/3576
f 1610/2931/3575 1612/2934/3579 1597/2907/3554
f 1634/2960/3610 1631/2957/3606 1628/2953/3602
f 1634/2960/3610 1633/2959/3609 1635/2961/3611
f 1631/2957/3606 1634/2960/3610 1636/2963/3613
f 1637/2964/3614 1638/2966/3616 1636/2963/3613
f 1638/2966/3616 1637/2964/3614 1597/2907/3554
f 1638/2966/3616 1612/2934/3578 1611/2932/3576
s 506
f 1601/2912/3560 1613/2935/3580 1614/2936/3581
f 1615/2937/3582 1616/2938/3583 1614/2936/3581
f 1615/2937/3582 1583/2881/3526 1616/2938/3583
f 1614/2936/3581 1603/2917/3564 1601/2912/3560
f 1614/2936/3581 1613/2935/3580 1615/2937/3582
f 1583/2881/3526 1617/2939/3585 1616/2938/3583
s 507
f 1605/2923/3568 1603/2917/3563 1616/2938/3584
f 1605/2923/3568 1616/2938/3584 1618/2940/3588
f 1605/2923/3568 1618/2940/3588 1619/2941/3589
f 1603/2917/3563 1614/2936/3581 1616/2938/3584
f 1616/2938/3584 1617/2939/3587 1618/2940/3588
f 1619/2941/3589 1609/2930/3574 1605/2923/3568
s 508
f 1586/2886/3533 1618/2940/3588 1583/2881/3527
f 1618/2940/3588 1617/2939/3586 1583/2881/3527
s 509
f 1586/2886/3534 1620/2942/3591 1619/2941/3590
f 1611/2933/3577 1609/2930/3574 1620/2942/3591
f 1586/2886/3534 1592/2900/3546 1620/2942/3591
f 1622/2944/3593 1623/2945/3594 1621/2943/3592
f 1611/2933/3577 1620/2942/3591 1621/2943/3592
f 1624/2946/3595 1625/2948/3597 1626/2949/3598
f 1628/2952/3601 1629/2954/3603 1626/2949/3598
f 1630/2955/3604 1627/2950/3599 1629/2954/3603
f 1628/2952/3601 1631/2956/3605 1629/2954/3603
f 1611/2933/3577 1623/2945/3594 1632/2958/3607
f 1630/2955/3604 1629/2954/3603 1632/2958/3607
f 1619/2941/3590 1618/2940/3588 1586/2886/3534
f 1609/2930/3574 1619/2941/3590 1620/2942/3591
f 1592/2900/3546 1621/2943/3592 1620/2942/3591
f 1621/2943/3592 1592/2900/3546 1622/2944/3593
f 1621/2943/3592 1623/2945/3594 1611/2933/3577
f 1626/2949/3598 1627/2950/3599 1624/2946/3595
f 1626/2949/3598 1625/2948/3597 1628/2952/3601
f 1627/2950/3599 1626/2949/3598 1629/2954/3603
f 1631/2956/3605 1632/2958/3607 1629/2954/3603
f 1632/2958/3607 1631/2956/3605 1611/2933/3577
f 1632/2958/3607 1623/2945/3594 1630/2955/3604
s 510
f 1644/2972/3622 1645/2973/3623 1646/2974/3624
f 1648/2977/3629 1649/2979/3631 1646/2974/3624
f 1650/2980/3632 1647/2975/3626 1649/2979/3631
f 1648/2977/3629 1651/2982/3635 1649/2979/3631
f 1650/2980/3632 1649/2979/3631 1654/2991/3643
f 1650/2980/3632 1654/2991/3643 1655/2992/3644
f 1653/2988/3641 1657/2995/3649 1655/2992/3645
f 1658/2996/3650 1656/2993/3646 1657/2995/3649
f 1653/2988/3641 1659/2997/3651 1657/2995/3649
f 1661/3000/3655 1662/3002/3657 1660/2999/3654
f 1658/2996/3650 1657/2995/3649 1660/2999/3654
f 1697/3049/3716 1702/3055/3723 1703/3056/3724
f 1704/3057/3725 1705/3058/3726 1703/3056/3724
f 1661/3000/3655 1699/3052/3719 1705/3058/3726
f 1704/3057/3725 1689/3038/3704 1705/3058/3726
f 1684/3032/3698 1662/3002/3657 1706/3059/3727
f 1661/3000/3655 1705/3058/3726 1706/3059/3727
f 1646/2974/3624 1647/2975/3625 1644/2972/3622
f 1646/2974/3624 1645/2973/3623 1648/2977/3629
f 1647/2975/3626 1646/2974/3624 1649/2979/3631
f 1651/2982/3635 1652/2985/3637 1649/2979/3631
f 1649/2979/3631 1652/2985/3639 1654/2991/3643
f 1655/2992/3644 1656/2993/3646 1650/2980/3632
f 1655/2992/3645 1654/2991/3643 1653/2988/3641
f 1656/2993/3646 1655/2992/3644 1657/2995/3649
f 1659/2997/3651 1660/2999/3654 1657/2995/3649
f 1660/2999/3654 1659/2997/3651 1661/3000/3655
f 1660/2999/3654 1662/3002/3657 1658/2996/3650
f 1703/3056/3724 1699/3052/3719 1697/3049/3716
f 1703/3056/3724 1702/3055/3723 1704/3057/3725
f 1699/3052/3719 1703/3056/3724 1705/3058/3726
f 1689/3038/3704 1706/3059/3727 1705/3058/3726
f 1706/3059/3727 1689/3038/3704 1684/3032/3698
f 1706/3059/3727 1662/3002/3657 1661/3000/3655
s 511
f 1653/2987/3640 1654/2990/3642 1651/2983/3636
f 1654/2990/3642 1652/2986/3638 1651/2983/3636
s 512
f 1661/3001/3656 1659/2998/3652 1664/3004/3660
f 1666/3007/3663 1664/3004/3660 1663/3003/3658
f 1648/2978/3630 1668/3011/3669 1651/2984/3636
f 1666/3007/3663 1665/3005/3661 1667/3010/3668
f 1666/3007/3663 1668/3011/3669 1670/3013/3671
f 1648/2978/3630 1671/3015/3674 1669/3012/3670
f 1690/3040/3706 1695/3046/3712 1696/3047/3714
f 1697/3048/3715 1698/3050/3717 1696/3047/3714
f 1682/3029/3695 1693/3044/3710 1698/3050/3717
f 1697/3048/3715 1699/3051/3718 1698/3050/3717
f 1661/3001/3656 1701/3054/3721 1700/3053/3720
f 1682/3029/3695 1698/3050/3717 1700/3053/3720
f 1666/3007/3663 1680/3026/3692 1664/3004/3660
f 1682/3029/3695 1701/3054/3722 1746/3122/3793
f 1661/3001/3656 1664/3004/3660 1746/3122/3793
f 1659/2998/3652 1663/3003/3658 1664/3004/3660
f 1663/3003/3658 1665/3005/3661 1666/3007/3663
f 1668/3011/3669 1667/3010/3668 1651/2984/3636
f 1667/3010/3668 1668/3011/3669 1666/3007/3663
f 1668/3011/3669 1669/3012/3670 1670/3013/3671
f 1669/3012/3670 1668/3011/3669 1648/2978/3630
f 1696/3047/3714 1693/3044/3710 1690/3040/3706
f 1696/3047/3714 1695/3046/3713 1697/3048/3715
f 1693/3044/3710 1696/3047/3714 1698/3050/3717
f 1699/3051/3718 1700/3053/3720 1698/3050/3717
f 1700/3053/3720 1699/3051/3718 1661/3001/3656
f 1700/3053/3720 1701/3054/3722 1682/3029/3695
f 1680/3026/3692 1746/3122/3793 1664/3004/3660
f 1746/3122/3793 1680/3026/3692 1682/3029/3695
f 1746/3122/3793 1701/3054/3721 1661/3001/3656
s 513
f 1653/2989/3640 1665/3005/3661 1663/3003/3659
f 1663/3003/3659 1659/2998/3653 1653/2989/3640
s 514
f 1653/2987/3641 1651/2983/3635 1665/3006/3662
f 1651/2983/3635 1667/3009/3667 1665/3006/3662
s 515
f 1672/3016/3676 1670/3013/3672 1669/3012/3670
f 1669/3012/3670 1671/3015/3675 1672/3016/3676
s 516
f 1672/3017/3677 1673/3018/3678 1674/3019/3679
f 1675/3020/3680 1676/3021/3681 1674/3019/3679
f 1675/3020/3680 1647/2976/3627 1676/3021/3681
f 1674/3019/3679 1670/3014/3673 1672/3017/3677
f 1674/3019/3679 1673/3018/3678 1675/3020/3680
f 1647/2976/3627 1677/3022/3683 1676/3021/3681
s 517
f 1666/3008/3664 1670/3014/3672 1676/3021/3682
f 1670/3014/3672 1674/3019/3679 1676/3021/3682
s 518
f 1650/2981/3633 1678/3023/3686 1647/2976/3628
f 1678/3023/3686 1677/3022/3684 1647/2976/3628
s 519
f 1666/3008/3665 1676/3021/3682 1677/3022/3685
f 1677/3022/3685 1678/3023/3686 1666/3008/3665
s 520
f 1666/3008/3666 1678/3023/3686 1679/3024/3687
f 1679/3024/3687 1680/3025/3690 1666/3008/3666
s 521
f 1650/2981/3634 1681/3027/3693 1679/3024/3688
f 1682/3028/3694 1680/3025/3691 1681/3027/3693
f 1650/2981/3634 1656/2994/3647 1681/3027/3693
f 1684/3031/3697 1685/3033/3699 1683/3030/3696
f 1682/3028/3694 1681/3027/3693 1683/3030/3696
f 1686/3034/3700 1687/3035/3701 1688/3036/3702
f 1690/3039/3705 1691/3041/3707 1688/3036/3702
f 1692/3042/3708 1689/3037/3703 1691/3041/3707
f 1690/3039/3705 1693/3043/3709 1691/3041/3707
f 1682/3028/3694 1685/3033/3699 1694/3045/3711
f 1692/3042/3708 1691/3041/3707 1694/3045/3711
f 1679/3024/3688 1678/3023/3686 1650/2981/3634
f 1680/3025/3691 1679/3024/3689 1681/3027/3693
f 1656/2994/3647 1683/3030/3696 1681/3027/3693
f 1683/3030/3696 1656/2994/3648 1684/3031/3697
f 1683/3030/3696 1685/3033/3699 1682/3028/3694
f 1688/3036/3702 1689/3037/3703 1686/3034/3700
f 1688/3036/3702 1687/3035/3701 1690/3039/3705
f 1689/3037/3703 1688/3036/3702 1691/3041/3707
f 1693/3043/3709 1694/3045/3711 1691/3041/3707
f 1694/3045/3711 1693/3043/3709 1682/3028/3694
f 1694/3045/3711 1685/3033/3699 1692/3042/3708
s 522
f 1711/3066/3736 1724/3089/3758 1725/3090/3760
f 1716/3077/3747 1714/3072/3742 1727/3094/3764
f 1716/3078/3747 1727/3096/3764 1731/3105/3771
f 1716/3077/3747 1731/3106/3771 1732/3107/3772
f 1725/3090/3760 1714/3072/3742 1711/3066/3736
f 1714/3072/3742 1725/3090/3760 1727/3094/3764
f 1727/3096/3764 1729/3100/3768 1731/3105/3771
f 1732/3107/3772 1722/3087/3755 1716/3077/3747
s 523
f 1726/3093/3762 1736/3112/3778 1737/3113/3779
f 1738/3114/3780 1739/3115/3781 1737/3113/3779
f 1738/3114/3780 1710/3064/3733 1739/3115/3781
f 1737/3113/3779 1728/3098/3766 1726/3093/3762
f 1737/3113/3779 1736/3112/3778 1738/3114/3780
f 1710/3064/3733 1740/3116/3783 1739/3115/3781
s 524
f 1713/3069/3739 1741/3117/3786 1710/3064/3734
f 1741/3117/3786 1740/3116/3784 1710/3064/3734
s 525
f 1713/3069/3740 1719/3083/3751 1742/3118/3788
f 1742/3118/3788 1741/3117/3786 1713/3069/3740
s 526
f 1386/2547/3185 1392/2558/3201 1420/2619/3259
f 1392/2558/3201 1750/3126/3797 1420/2619/3259

# 3186 faces
